{
"type": "FeatureCollection",
"name": "lst_points",
"crs": { "type": "name", "properties": { "name": "urn:ogc:def:crs:OGC:1.3:CRS84" } },
"features": [
{ "type": "Feature", "properties": { "LST_celsius": 38.49989972000003, "longitude": -105.00916353192464, "latitude": 39.75364638716438 }, "geometry": { "type": "Point", "coordinates": [ -105.009163531924642, 39.75364638716438 ] } },
{ "type": "Feature", "properties": { "LST_celsius": 38.4110312, "longitude": -105.00811293591836, "latitude": 39.753646465347146 }, "geometry": { "type": "Point", "coordinates": [ -105.008112935918362, 39.753646465347146 ] } },
{ "type": "Feature", "properties": { "LST_celsius": 43.35348812000001, "longitude": -105.00706233990823, "latitude": 39.753646534021186 }, "geometry": { "type": "Point", "coordinates": [ -105.007062339908231, 39.753646534021186 ] } },
{ "type": "Feature", "properties": { "LST_celsius": 48.82573814, "longitude": -105.00601174389473, "latitude": 39.75364659318651 }, "geometry": { "type": "Point", "coordinates": [ -105.006011743894732, 39.75364659318651 ] } },
{ "type": "Feature", "properties": { "LST_celsius": 48.9214427000001, "longitude": -105.00496114787839, "latitude": 39.753646642843123 }, "geometry": { "type": "Point", "coordinates": [ -105.00496114787839, 39.753646642843123 ] } },
{ "type": "Feature", "properties": { "LST_celsius": 44.79931058, "longitude": -105.00391055185969, "latitude": 39.75364668299104 }, "geometry": { "type": "Point", "coordinates": [ -105.00391055185969, 39.75364668299104 ] } },
{ "type": "Feature", "properties": { "LST_celsius": 43.312471880000032, "longitude": -105.00285995583916, "latitude": 39.753646713630232 }, "geometry": { "type": "Point", "coordinates": [ -105.002859955839156, 39.753646713630232 ] } },
{ "type": "Feature", "properties": { "LST_celsius": 41.870067440000014, "longitude": -105.00180935981723, "latitude": 39.7536467347607 }, "geometry": { "type": "Point", "coordinates": [ -105.00180935981723, 39.7536467347607 ] } },
{ "type": "Feature", "properties": { "LST_celsius": 42.49214708, "longitude": -105.00075876379447, "latitude": 39.753646746382465 }, "geometry": { "type": "Point", "coordinates": [ -105.000758763794465, 39.753646746382465 ] } },
{ "type": "Feature", "properties": { "LST_celsius": 43.763650520000056, "longitude": -104.99970816777135, "latitude": 39.753646748495505 }, "geometry": { "type": "Point", "coordinates": [ -104.999708167771345, 39.753646748495505 ] } },
{ "type": "Feature", "properties": { "LST_celsius": 46.395525920000011, "longitude": -104.99865757174835, "latitude": 39.75364674109985 }, "geometry": { "type": "Point", "coordinates": [ -104.998657571748353, 39.75364674109985 ] } },
{ "type": "Feature", "properties": { "LST_celsius": 45.951183320000041, "longitude": -104.997606975726, "latitude": 39.753646724195463 }, "geometry": { "type": "Point", "coordinates": [ -104.997606975726001, 39.753646724195463 ] } },
{ "type": "Feature", "properties": { "LST_celsius": 46.918482980000022, "longitude": -104.99655637970478, "latitude": 39.753646697782365 }, "geometry": { "type": "Point", "coordinates": [ -104.996556379704785, 39.753646697782365 ] } },
{ "type": "Feature", "properties": { "LST_celsius": 47.612341040000047, "longitude": -104.9955057836852, "latitude": 39.753646661860564 }, "geometry": { "type": "Point", "coordinates": [ -104.995505783685203, 39.753646661860564 ] } },
{ "type": "Feature", "properties": { "LST_celsius": 47.851602440000022, "longitude": -104.99445518766775, "latitude": 39.753646616430039 }, "geometry": { "type": "Point", "coordinates": [ -104.994455187667754, 39.753646616430039 ] } },
{ "type": "Feature", "properties": { "LST_celsius": 47.079129920000014, "longitude": -104.99340459165293, "latitude": 39.753646561490804 }, "geometry": { "type": "Point", "coordinates": [ -104.993404591652933, 39.753646561490804 ] } },
{ "type": "Feature", "properties": { "LST_celsius": 47.728553720000036, "longitude": -104.99235399564124, "latitude": 39.753646497042858 }, "geometry": { "type": "Point", "coordinates": [ -104.992353995641238, 39.753646497042858 ] } },
{ "type": "Feature", "properties": { "LST_celsius": 48.21391256000004, "longitude": -104.9913033996332, "latitude": 39.753646423086195 }, "geometry": { "type": "Point", "coordinates": [ -104.991303399633196, 39.753646423086195 ] } },
{ "type": "Feature", "properties": { "LST_celsius": 47.010769520000053, "longitude": -104.99025280362925, "latitude": 39.753646339620815 }, "geometry": { "type": "Point", "coordinates": [ -104.990252803629247, 39.753646339620815 ] } },
{ "type": "Feature", "properties": { "LST_celsius": 46.7851802, "longitude": -104.98920220762994, "latitude": 39.753646246646724 }, "geometry": { "type": "Point", "coordinates": [ -104.989202207629944, 39.753646246646724 ] } },
{ "type": "Feature", "properties": { "LST_celsius": 47.3662436, "longitude": -104.98815161163576, "latitude": 39.75364614416393 }, "geometry": { "type": "Point", "coordinates": [ -104.988151611635757, 39.75364614416393 ] } },
{ "type": "Feature", "properties": { "LST_celsius": 47.2978832, "longitude": -104.9871010156472, "latitude": 39.753646032172412 }, "geometry": { "type": "Point", "coordinates": [ -104.987101015647198, 39.753646032172412 ] } },
{ "type": "Feature", "properties": { "LST_celsius": 47.646521240000027, "longitude": -104.98605041966475, "latitude": 39.753645910672176 }, "geometry": { "type": "Point", "coordinates": [ -104.98605041966475, 39.753645910672176 ] } },
{ "type": "Feature", "properties": { "LST_celsius": 48.69243536, "longitude": -104.98499982368894, "latitude": 39.753645779663238 }, "geometry": { "type": "Point", "coordinates": [ -104.984999823688938, 39.753645779663238 ] } },
{ "type": "Feature", "properties": { "LST_celsius": 46.891138820000037, "longitude": -104.98394922772022, "latitude": 39.753645639145596 }, "geometry": { "type": "Point", "coordinates": [ -104.983949227720217, 39.753645639145596 ] } },
{ "type": "Feature", "properties": { "LST_celsius": 46.757836040000029, "longitude": -104.98289863175914, "latitude": 39.753645489119215 }, "geometry": { "type": "Point", "coordinates": [ -104.982898631759141, 39.753645489119215 ] } },
{ "type": "Feature", "properties": { "LST_celsius": 46.8535406, "longitude": -104.98184803580617, "latitude": 39.753645329584138 }, "geometry": { "type": "Point", "coordinates": [ -104.981848035806166, 39.753645329584138 ] } },
{ "type": "Feature", "properties": { "LST_celsius": 39.467199380000011, "longitude": -105.00846310150855, "latitude": 39.753376134735028 }, "geometry": { "type": "Point", "coordinates": [ -105.008463101508553, 39.753376134735028 ] } },
{ "type": "Feature", "properties": { "LST_celsius": 41.900829620000025, "longitude": -105.007412509606, "latitude": 39.753376206577961 }, "geometry": { "type": "Point", "coordinates": [ -105.007412509605999, 39.753376206577961 ] } },
{ "type": "Feature", "properties": { "LST_celsius": 47.516636479999988, "longitude": -105.00636191769993, "latitude": 39.753376268912263 }, "geometry": { "type": "Point", "coordinates": [ -105.006361917699934, 39.753376268912263 ] } },
{ "type": "Feature", "properties": { "LST_celsius": 50.1006596, "longitude": -105.00531132579086, "latitude": 39.753376321737953 }, "geometry": { "type": "Point", "coordinates": [ -105.005311325790856, 39.753376321737953 ] } },
{ "type": "Feature", "properties": { "LST_celsius": 45.428226260000031, "longitude": -105.00426073387925, "latitude": 39.753376365055004 }, "geometry": { "type": "Point", "coordinates": [ -105.004260733879249, 39.753376365055004 ] } },
{ "type": "Feature", "properties": { "LST_celsius": 43.944805579999979, "longitude": -105.00321014196562, "latitude": 39.753376398863445 }, "geometry": { "type": "Point", "coordinates": [ -105.003210141965624, 39.753376398863445 ] } },
{ "type": "Feature", "properties": { "LST_celsius": 42.4613849, "longitude": -105.00215955005048, "latitude": 39.75337642316326 }, "geometry": { "type": "Point", "coordinates": [ -105.002159550050479, 39.75337642316326 ] } },
{ "type": "Feature", "properties": { "LST_celsius": 41.921337740000013, "longitude": -105.0011089581343, "latitude": 39.753376437954451 }, "geometry": { "type": "Point", "coordinates": [ -105.001108958134296, 39.753376437954451 ] } },
{ "type": "Feature", "properties": { "LST_celsius": 43.548315259999981, "longitude": -105.0000583662176, "latitude": 39.75337644323703 }, "geometry": { "type": "Point", "coordinates": [ -105.000058366217601, 39.75337644323703 ] } },
{ "type": "Feature", "properties": { "LST_celsius": 46.467304340000055, "longitude": -104.99900777430086, "latitude": 39.753376439010971 }, "geometry": { "type": "Point", "coordinates": [ -104.999007774300864, 39.753376439010971 ] } },
{ "type": "Feature", "properties": { "LST_celsius": 46.580099, "longitude": -104.99795718238461, "latitude": 39.753376425276286 }, "geometry": { "type": "Point", "coordinates": [ -104.99795718238461, 39.753376425276286 ] } },
{ "type": "Feature", "properties": { "LST_celsius": 46.74758198000001, "longitude": -104.99690659046932, "latitude": 39.753376402032991 }, "geometry": { "type": "Point", "coordinates": [ -104.996906590469322, 39.753376402032991 ] } },
{ "type": "Feature", "properties": { "LST_celsius": 47.762733920000016, "longitude": -104.99585599855548, "latitude": 39.753376369281064 }, "geometry": { "type": "Point", "coordinates": [ -104.995855998555484, 39.753376369281064 ] } },
{ "type": "Feature", "properties": { "LST_celsius": 48.743705660000046, "longitude": -104.99480540664364, "latitude": 39.753376327020518 }, "geometry": { "type": "Point", "coordinates": [ -104.994805406643636, 39.753376327020518 ] } },
{ "type": "Feature", "properties": { "LST_celsius": 46.8022703, "longitude": -104.99375481473425, "latitude": 39.753376275251355 }, "geometry": { "type": "Point", "coordinates": [ -104.993754814734245, 39.753376275251355 ] } },
{ "type": "Feature", "properties": { "LST_celsius": 47.0244416, "longitude": -104.99270422282781, "latitude": 39.753376213973553 }, "geometry": { "type": "Point", "coordinates": [ -104.992704222827811, 39.753376213973553 ] } },
{ "type": "Feature", "properties": { "LST_celsius": 47.653357280000023, "longitude": -104.99165363092486, "latitude": 39.75337614318714 }, "geometry": { "type": "Point", "coordinates": [ -104.991653630924858, 39.75337614318714 ] } },
{ "type": "Feature", "properties": { "LST_celsius": 47.044949719999977, "longitude": -104.99060303902586, "latitude": 39.753376062892102 }, "geometry": { "type": "Point", "coordinates": [ -104.990603039025856, 39.753376062892102 ] } },
{ "type": "Feature", "properties": { "LST_celsius": 46.03663382000002, "longitude": -104.9895524471313, "latitude": 39.753375973088438 }, "geometry": { "type": "Point", "coordinates": [ -104.989552447131302, 39.753375973088438 ] } },
{ "type": "Feature", "properties": { "LST_celsius": 46.658713460000058, "longitude": -104.98850185524171, "latitude": 39.753375873776157 }, "geometry": { "type": "Point", "coordinates": [ -104.988501855241708, 39.753375873776157 ] } },
{ "type": "Feature", "properties": { "LST_celsius": 47.23294082000001, "longitude": -104.98745126335758, "latitude": 39.753375764955237 }, "geometry": { "type": "Point", "coordinates": [ -104.987451263357585, 39.753375764955237 ] } },
{ "type": "Feature", "properties": { "LST_celsius": 46.720237820000023, "longitude": -104.9864006714794, "latitude": 39.75337564662572 }, "geometry": { "type": "Point", "coordinates": [ -104.986400671479402, 39.75337564662572 ] } },
{ "type": "Feature", "properties": { "LST_celsius": 48.73686962, "longitude": -104.98535007960768, "latitude": 39.753375518787564 }, "geometry": { "type": "Point", "coordinates": [ -104.985350079607684, 39.753375518787564 ] } },
{ "type": "Feature", "properties": { "LST_celsius": 47.598668960000055, "longitude": -104.9842994877429, "latitude": 39.75337538144079 }, "geometry": { "type": "Point", "coordinates": [ -104.984299487742902, 39.75337538144079 ] } },
{ "type": "Feature", "properties": { "LST_celsius": 46.59377108000001, "longitude": -104.98324889588558, "latitude": 39.753375234585391 }, "geometry": { "type": "Point", "coordinates": [ -104.983248895885581, 39.753375234585391 ] } },
{ "type": "Feature", "properties": { "LST_celsius": 46.877466740000045, "longitude": -104.9821983040362, "latitude": 39.753375078221374 }, "geometry": { "type": "Point", "coordinates": [ -104.982198304036203, 39.753375078221374 ] } },
{ "type": "Feature", "properties": { "LST_celsius": 40.1713115, "longitude": -105.00881326436121, "latitude": 39.753105803054268 }, "geometry": { "type": "Point", "coordinates": [ -105.008813264361208, 39.753105803054268 ] } },
{ "type": "Feature", "properties": { "LST_celsius": 41.49408524, "longitude": -105.00776267656624, "latitude": 39.753105878066016 }, "geometry": { "type": "Point", "coordinates": [ -105.007762676566244, 39.753105878066016 ] } },
{ "type": "Feature", "properties": { "LST_celsius": 44.833490780000034, "longitude": -105.0067120887676, "latitude": 39.753105943569246 }, "geometry": { "type": "Point", "coordinates": [ -105.0067120887676, 39.753105943569246 ] } },
{ "type": "Feature", "properties": { "LST_celsius": 49.666571060000024, "longitude": -105.00566150096577, "latitude": 39.753105999563928 }, "geometry": { "type": "Point", "coordinates": [ -105.005661500965772, 39.753105999563928 ] } },
{ "type": "Feature", "properties": { "LST_celsius": 46.491230480000013, "longitude": -105.00461091316124, "latitude": 39.753106046050092 }, "geometry": { "type": "Point", "coordinates": [ -105.004610913161244, 39.753106046050092 ] } },
{ "type": "Feature", "properties": { "LST_celsius": 44.54979512, "longitude": -105.00356032535456, "latitude": 39.753106083027717 }, "geometry": { "type": "Point", "coordinates": [ -105.003560325354556, 39.753106083027717 ] } },
{ "type": "Feature", "properties": { "LST_celsius": 43.30221782000001, "longitude": -105.00250973754616, "latitude": 39.753106110496802 }, "geometry": { "type": "Point", "coordinates": [ -105.002509737546163, 39.753106110496802 ] } },
{ "type": "Feature", "properties": { "LST_celsius": 42.2050334, "longitude": -105.00145914973658, "latitude": 39.753106128457375 }, "geometry": { "type": "Point", "coordinates": [ -105.001459149736576, 39.753106128457375 ] } },
{ "type": "Feature", "properties": { "LST_celsius": 43.090300580000019, "longitude": -105.00040856192629, "latitude": 39.753106136909409 }, "geometry": { "type": "Point", "coordinates": [ -105.000408561926292, 39.753106136909409 ] } },
{ "type": "Feature", "properties": { "LST_celsius": 45.36328388000004, "longitude": -104.99935797411582, "latitude": 39.753106135852903 }, "geometry": { "type": "Point", "coordinates": [ -104.999357974115824, 39.753106135852903 ] } },
{ "type": "Feature", "properties": { "LST_celsius": 47.294465180000032, "longitude": -104.99830738630565, "latitude": 39.753106125287864 }, "geometry": { "type": "Point", "coordinates": [ -104.998307386305655, 39.753106125287864 ] } },
{ "type": "Feature", "properties": { "LST_celsius": 46.744163960000037, "longitude": -104.9972567984963, "latitude": 39.753106105214293 }, "geometry": { "type": "Point", "coordinates": [ -104.997256798496295, 39.753106105214293 ] } },
{ "type": "Feature", "properties": { "LST_celsius": 47.5371446, "longitude": -104.99620621068823, "latitude": 39.753106075632196 }, "geometry": { "type": "Point", "coordinates": [ -104.996206210688229, 39.753106075632196 ] } },
{ "type": "Feature", "properties": { "LST_celsius": 48.6480011, "longitude": -104.99515562288197, "latitude": 39.75310603654156 }, "geometry": { "type": "Point", "coordinates": [ -104.995155622881967, 39.75310603654156 ] } },
{ "type": "Feature", "properties": { "LST_celsius": 46.70998376, "longitude": -104.99410503507801, "latitude": 39.753105987942398 }, "geometry": { "type": "Point", "coordinates": [ -104.994105035078007, 39.753105987942398 ] } },
{ "type": "Feature", "properties": { "LST_celsius": 46.368181760000027, "longitude": -104.99305444727683, "latitude": 39.753105929834696 }, "geometry": { "type": "Point", "coordinates": [ -104.993054447276833, 39.753105929834696 ] } },
{ "type": "Feature", "properties": { "LST_celsius": 46.78859822000004, "longitude": -104.99200385947897, "latitude": 39.753105862218469 }, "geometry": { "type": "Point", "coordinates": [ -104.99200385947897, 39.753105862218469 ] } },
{ "type": "Feature", "properties": { "LST_celsius": 47.055203780000056, "longitude": -104.9909532716849, "latitude": 39.753105785093702 }, "geometry": { "type": "Point", "coordinates": [ -104.990953271684901, 39.753105785093702 ] } },
{ "type": "Feature", "properties": { "LST_celsius": 45.896495, "longitude": -104.98990268389511, "latitude": 39.753105698460402 }, "geometry": { "type": "Point", "coordinates": [ -104.98990268389511, 39.753105698460402 ] } },
{ "type": "Feature", "properties": { "LST_celsius": 45.7085039, "longitude": -104.98885209611012, "latitude": 39.753105602318584 }, "geometry": { "type": "Point", "coordinates": [ -104.988852096110122, 39.753105602318584 ] } },
{ "type": "Feature", "properties": { "LST_celsius": 46.976589320000016, "longitude": -104.98780150833042, "latitude": 39.753105496668219 }, "geometry": { "type": "Point", "coordinates": [ -104.987801508330421, 39.753105496668219 ] } },
{ "type": "Feature", "properties": { "LST_celsius": 46.8706307, "longitude": -104.9867509205565, "latitude": 39.753105381509322 }, "geometry": { "type": "Point", "coordinates": [ -104.986750920556503, 39.753105381509322 ] } },
{ "type": "Feature", "properties": { "LST_celsius": 48.381395540000028, "longitude": -104.98570033278888, "latitude": 39.753105256841906 }, "geometry": { "type": "Point", "coordinates": [ -104.98570033278888, 39.753105256841906 ] } },
{ "type": "Feature", "properties": { "LST_celsius": 48.0498476, "longitude": -104.98464974502804, "latitude": 39.75310512266595 }, "geometry": { "type": "Point", "coordinates": [ -104.984649745028037, 39.75310512266595 ] } },
{ "type": "Feature", "properties": { "LST_celsius": 46.51857464, "longitude": -104.98359915727447, "latitude": 39.753104978981469 }, "geometry": { "type": "Point", "coordinates": [ -104.983599157274469, 39.753104978981469 ] } },
{ "type": "Feature", "properties": { "LST_celsius": 46.5288287, "longitude": -104.9825485695287, "latitude": 39.753104825788455 }, "geometry": { "type": "Point", "coordinates": [ -104.982548569528703, 39.753104825788455 ] } },
{ "type": "Feature", "properties": { "LST_celsius": 40.280688140000052, "longitude": -105.00916342447634, "latitude": 39.752835470304866 }, "geometry": { "type": "Point", "coordinates": [ -105.009163424476341, 39.752835470304866 ] } },
{ "type": "Feature", "properties": { "LST_celsius": 42.475056979999977, "longitude": -105.00811284078897, "latitude": 39.752835548485386 }, "geometry": { "type": "Point", "coordinates": [ -105.008112840788968, 39.752835548485386 ] } },
{ "type": "Feature", "properties": { "LST_celsius": 43.295381780000014, "longitude": -105.00706225709774, "latitude": 39.752835617157466 }, "geometry": { "type": "Point", "coordinates": [ -105.007062257097743, 39.752835617157466 ] } },
{ "type": "Feature", "properties": { "LST_celsius": 48.1352981, "longitude": -105.00601167340317, "latitude": 39.752835676321105 }, "geometry": { "type": "Point", "coordinates": [ -105.006011673403165, 39.752835676321105 ] } },
{ "type": "Feature", "properties": { "LST_celsius": 47.78324204, "longitude": -105.00496108970574, "latitude": 39.752835725976311 }, "geometry": { "type": "Point", "coordinates": [ -105.004961089705745, 39.752835725976311 ] } },
{ "type": "Feature", "properties": { "LST_celsius": 45.848642720000043, "longitude": -105.00391050600595, "latitude": 39.752835766123056 }, "geometry": { "type": "Point", "coordinates": [ -105.003910506005951, 39.752835766123056 ] } },
{ "type": "Feature", "properties": { "LST_celsius": 44.519032939999988, "longitude": -105.00285992230432, "latitude": 39.752835796761374 }, "geometry": { "type": "Point", "coordinates": [ -105.002859922304324, 39.752835796761374 ] } },
{ "type": "Feature", "properties": { "LST_celsius": 42.91256354000001, "longitude": -105.00180933860133, "latitude": 39.752835817891246 }, "geometry": { "type": "Point", "coordinates": [ -105.001809338601333, 39.752835817891246 ] } },
{ "type": "Feature", "properties": { "LST_celsius": 43.28512772, "longitude": -105.00075875489746, "latitude": 39.752835829512676 }, "geometry": { "type": "Point", "coordinates": [ -105.000758754897461, 39.752835829512676 ] } },
{ "type": "Feature", "properties": { "LST_celsius": 45.083006240000032, "longitude": -104.99970817119326, "latitude": 39.75283583162566 }, "geometry": { "type": "Point", "coordinates": [ -104.999708171193262, 39.75283583162566 ] } },
{ "type": "Feature", "properties": { "LST_celsius": 48.0669377, "longitude": -104.99865758748919, "latitude": 39.75283582423021 }, "geometry": { "type": "Point", "coordinates": [ -104.998657587489191, 39.75283582423021 ] } },
{ "type": "Feature", "properties": { "LST_celsius": 47.256866960000025, "longitude": -104.99760700378575, "latitude": 39.752835807326313 }, "geometry": { "type": "Point", "coordinates": [ -104.997607003785745, 39.752835807326313 ] } },
{ "type": "Feature", "properties": { "LST_celsius": 47.079129920000014, "longitude": -104.99655642008345, "latitude": 39.752835780913983 }, "geometry": { "type": "Point", "coordinates": [ -104.996556420083451, 39.752835780913983 ] } },
{ "type": "Feature", "properties": { "LST_celsius": 47.718299660000014, "longitude": -104.99550583638279, "latitude": 39.752835744993199 }, "geometry": { "type": "Point", "coordinates": [ -104.99550583638279, 39.752835744993199 ] } },
{ "type": "Feature", "properties": { "LST_celsius": 46.72365584, "longitude": -104.99445525268425, "latitude": 39.752835699563974 }, "geometry": { "type": "Point", "coordinates": [ -104.994455252684247, 39.752835699563974 ] } },
{ "type": "Feature", "properties": { "LST_celsius": 45.568365080000035, "longitude": -104.99340466898833, "latitude": 39.752835644626309 }, "geometry": { "type": "Point", "coordinates": [ -104.993404668988333, 39.752835644626309 ] } },
{ "type": "Feature", "properties": { "LST_celsius": 45.7426841, "longitude": -104.99235408529557, "latitude": 39.752835580180204 }, "geometry": { "type": "Point", "coordinates": [ -104.992354085295574, 39.752835580180204 ] } },
{ "type": "Feature", "properties": { "LST_celsius": 46.3066574, "longitude": -104.99130350160642, "latitude": 39.752835506225651 }, "geometry": { "type": "Point", "coordinates": [ -104.991303501606424, 39.752835506225651 ] } },
{ "type": "Feature", "properties": { "LST_celsius": 46.1528465, "longitude": -104.9902529179214, "latitude": 39.752835422762665 }, "geometry": { "type": "Point", "coordinates": [ -104.990252917921396, 39.752835422762665 ] } },
{ "type": "Feature", "properties": { "LST_celsius": 45.42480824, "longitude": -104.989202334241, "latitude": 39.752835329791232 }, "geometry": { "type": "Point", "coordinates": [ -104.989202334241, 39.752835329791232 ] } },
{ "type": "Feature", "properties": { "LST_celsius": 46.6313693, "longitude": -104.98815175056573, "latitude": 39.752835227311365 }, "geometry": { "type": "Point", "coordinates": [ -104.988151750565734, 39.752835227311365 ] } },
{ "type": "Feature", "properties": { "LST_celsius": 47.304719240000054, "longitude": -104.98710116689608, "latitude": 39.752835115323052 }, "geometry": { "type": "Point", "coordinates": [ -104.987101166896082, 39.752835115323052 ] } },
{ "type": "Feature", "properties": { "LST_celsius": 47.701209560000052, "longitude": -104.98605058323255, "latitude": 39.752834993826298 }, "geometry": { "type": "Point", "coordinates": [ -104.986050583232554, 39.752834993826298 ] } },
{ "type": "Feature", "properties": { "LST_celsius": 48.24467474000005, "longitude": -104.98499999957565, "latitude": 39.752834862821096 }, "geometry": { "type": "Point", "coordinates": [ -104.984999999575649, 39.752834862821096 ] } },
{ "type": "Feature", "properties": { "LST_celsius": 46.64504138000001, "longitude": -104.98394941592586, "latitude": 39.752834722307469 }, "geometry": { "type": "Point", "coordinates": [ -104.983949415925863, 39.752834722307469 ] } },
{ "type": "Feature", "properties": { "LST_celsius": 45.48975062, "longitude": -104.98289883228368, "latitude": 39.752834572285387 }, "geometry": { "type": "Point", "coordinates": [ -104.982898832283681, 39.752834572285387 ] } },
{ "type": "Feature", "properties": { "LST_celsius": 47.000515460000031, "longitude": -104.98184824864961, "latitude": 39.752834412754872 }, "geometry": { "type": "Point", "coordinates": [ -104.981848248649612, 39.752834412754872 ] } },
{ "type": "Feature", "properties": { "LST_celsius": 42.76558868000001, "longitude": -105.0084630022742, "latitude": 39.752565217836121 }, "geometry": { "type": "Point", "coordinates": [ -105.008463002274198, 39.752565217836121 ] } },
{ "type": "Feature", "properties": { "LST_celsius": 43.103972660000011, "longitude": -105.00741242269041, "latitude": 39.752565289677001 }, "geometry": { "type": "Point", "coordinates": [ -105.007412422690408, 39.752565289677001 ] } },
{ "type": "Feature", "properties": { "LST_celsius": 45.51367676000001, "longitude": -105.00636184310308, "latitude": 39.752565352009519 }, "geometry": { "type": "Point", "coordinates": [ -105.006361843103079, 39.752565352009519 ] } },
{ "type": "Feature", "properties": { "LST_celsius": 47.5029644, "longitude": -105.00531126351274, "latitude": 39.752565404833696 }, "geometry": { "type": "Point", "coordinates": [ -105.005311263512738, 39.752565404833696 ] } },
{ "type": "Feature", "properties": { "LST_celsius": 46.932155060000014, "longitude": -105.00426068391988, "latitude": 39.752565448149518 }, "geometry": { "type": "Point", "coordinates": [ -105.004260683919881, 39.752565448149518 ] } },
{ "type": "Feature", "properties": { "LST_celsius": 45.411136160000012, "longitude": -105.00321010432501, "latitude": 39.752565481956992 }, "geometry": { "type": "Point", "coordinates": [ -105.003210104325007, 39.752565481956992 ] } },
{ "type": "Feature", "properties": { "LST_celsius": 43.57907744, "longitude": -105.00215952472861, "latitude": 39.752565506256111 }, "geometry": { "type": "Point", "coordinates": [ -105.002159524728611, 39.752565506256111 ] } },
{ "type": "Feature", "properties": { "LST_celsius": 43.18600514000002, "longitude": -105.00110894513118, "latitude": 39.75256552104689 }, "geometry": { "type": "Point", "coordinates": [ -105.001108945131179, 39.75256552104689 ] } },
{ "type": "Feature", "properties": { "LST_celsius": 45.130858520000061, "longitude": -105.00005836553322, "latitude": 39.752565526329299 }, "geometry": { "type": "Point", "coordinates": [ -105.000058365533221, 39.752565526329299 ] } },
{ "type": "Feature", "properties": { "LST_celsius": 47.581578860000036, "longitude": -104.99900778593523, "latitude": 39.752565522103367 }, "geometry": { "type": "Point", "coordinates": [ -104.999007785935234, 39.752565522103367 ] } },
{ "type": "Feature", "properties": { "LST_celsius": 47.60892302000002, "longitude": -104.99795720633773, "latitude": 39.752565508369088 }, "geometry": { "type": "Point", "coordinates": [ -104.99795720633773, 39.752565508369088 ] } },
{ "type": "Feature", "properties": { "LST_celsius": 46.928737039999987, "longitude": -104.99690662674119, "latitude": 39.752565485126439 }, "geometry": { "type": "Point", "coordinates": [ -104.996906626741193, 39.752565485126439 ] } },
{ "type": "Feature", "properties": { "LST_celsius": 46.590353059999984, "longitude": -104.99585604714611, "latitude": 39.75256545237545 }, "geometry": { "type": "Point", "coordinates": [ -104.995856047146106, 39.75256545237545 ] } },
{ "type": "Feature", "properties": { "LST_celsius": 45.9477653, "longitude": -104.99480546755301, "latitude": 39.752565410116112 }, "geometry": { "type": "Point", "coordinates": [ -104.994805467553007, 39.752565410116112 ] } },
{ "type": "Feature", "properties": { "LST_celsius": 44.53270501999998, "longitude": -104.99375488796237, "latitude": 39.752565358348427 }, "geometry": { "type": "Point", "coordinates": [ -104.993754887962368, 39.752565358348427 ] } },
{ "type": "Feature", "properties": { "LST_celsius": 44.782220479999978, "longitude": -104.99270430837468, "latitude": 39.75256529707238 }, "geometry": { "type": "Point", "coordinates": [ -104.992704308374684, 39.75256529707238 ] } },
{ "type": "Feature", "properties": { "LST_celsius": 45.288087440000027, "longitude": -104.99165372879047, "latitude": 39.752565226287992 }, "geometry": { "type": "Point", "coordinates": [ -104.991653728790467, 39.752565226287992 ] } },
{ "type": "Feature", "properties": { "LST_celsius": 46.251969079999981, "longitude": -104.99060314921022, "latitude": 39.752565145995241 }, "geometry": { "type": "Point", "coordinates": [ -104.990603149210216, 39.752565145995241 ] } },
{ "type": "Feature", "properties": { "LST_celsius": 46.214370860000031, "longitude": -104.98955256963441, "latitude": 39.75256505619415 }, "geometry": { "type": "Point", "coordinates": [ -104.989552569634412, 39.75256505619415 ] } },
{ "type": "Feature", "properties": { "LST_celsius": 46.4946485, "longitude": -104.98850199006357, "latitude": 39.752564956884719 }, "geometry": { "type": "Point", "coordinates": [ -104.988501990063568, 39.752564956884719 ] } },
{ "type": "Feature", "properties": { "LST_celsius": 47.376497660000041, "longitude": -104.98745141049818, "latitude": 39.752564848066918 }, "geometry": { "type": "Point", "coordinates": [ -104.987451410498181, 39.752564848066918 ] } },
{ "type": "Feature", "properties": { "LST_celsius": 47.776406, "longitude": -104.98640083093875, "latitude": 39.752564729740776 }, "geometry": { "type": "Point", "coordinates": [ -104.986400830938749, 39.752564729740776 ] } },
{ "type": "Feature", "properties": { "LST_celsius": 47.892618680000055, "longitude": -104.98535025138577, "latitude": 39.752564601906279 }, "geometry": { "type": "Point", "coordinates": [ -104.985350251385768, 39.752564601906279 ] } },
{ "type": "Feature", "properties": { "LST_celsius": 47.103056060000029, "longitude": -104.98429967183975, "latitude": 39.752564464563434 }, "geometry": { "type": "Point", "coordinates": [ -104.98429967183975, 39.752564464563434 ] } },
{ "type": "Feature", "properties": { "LST_celsius": 45.055662080000047, "longitude": -104.98324909230116, "latitude": 39.752564317712235 }, "geometry": { "type": "Point", "coordinates": [ -104.983249092301165, 39.752564317712235 ] } },
{ "type": "Feature", "properties": { "LST_celsius": 46.419452060000026, "longitude": -104.98219851277054, "latitude": 39.752564161352687 }, "geometry": { "type": "Point", "coordinates": [ -104.982198512770537, 39.752564161352687 ] } },
{ "type": "Feature", "properties": { "LST_celsius": 43.103972660000011, "longitude": -105.00881316102199, "latitude": 39.752294886118236 }, "geometry": { "type": "Point", "coordinates": [ -105.00881316102199, 39.752294886118236 ] } },
{ "type": "Feature", "properties": { "LST_celsius": 43.729470320000019, "longitude": -105.00776258554561, "latitude": 39.752294961127838 }, "geometry": { "type": "Point", "coordinates": [ -105.007762585545606, 39.752294961127838 ] } },
{ "type": "Feature", "properties": { "LST_celsius": 43.96189568, "longitude": -105.00671201006554, "latitude": 39.752295026629184 }, "geometry": { "type": "Point", "coordinates": [ -105.006712010065542, 39.752295026629184 ] } },
{ "type": "Feature", "properties": { "LST_celsius": 46.207534819999978, "longitude": -105.00566143458231, "latitude": 39.752295082622283 }, "geometry": { "type": "Point", "coordinates": [ -105.005661434582308, 39.752295082622283 ] } },
{ "type": "Feature", "properties": { "LST_celsius": 47.3320634, "longitude": -105.00461085909636, "latitude": 39.752295129107111 }, "geometry": { "type": "Point", "coordinates": [ -105.00461085909636, 39.752295129107111 ] } },
{ "type": "Feature", "properties": { "LST_celsius": 46.361345720000031, "longitude": -105.00356028360824, "latitude": 39.75229516608367 }, "geometry": { "type": "Point", "coordinates": [ -105.003560283608238, 39.75229516608367 ] } },
{ "type": "Feature", "properties": { "LST_celsius": 44.245591340000033, "longitude": -105.00250970811844, "latitude": 39.752295193551987 }, "geometry": { "type": "Point", "coordinates": [ -105.002509708118438, 39.752295193551987 ] } },
{ "type": "Feature", "properties": { "LST_celsius": 43.6235117, "longitude": -105.00145913262743, "latitude": 39.752295211512035 }, "geometry": { "type": "Point", "coordinates": [ -105.001459132627431, 39.752295211512035 ] } },
{ "type": "Feature", "properties": { "LST_celsius": 44.21141114, "longitude": -105.00040855713573, "latitude": 39.75229521996382 }, "geometry": { "type": "Point", "coordinates": [ -105.000408557135728, 39.75229521996382 ] } },
{ "type": "Feature", "properties": { "LST_celsius": 46.31349344, "longitude": -104.99935798164385, "latitude": 39.752295218907342 }, "geometry": { "type": "Point", "coordinates": [ -104.999357981643854, 39.752295218907342 ] } },
{ "type": "Feature", "properties": { "LST_celsius": 47.766151939999986, "longitude": -104.99830740615226, "latitude": 39.752295208342616 }, "geometry": { "type": "Point", "coordinates": [ -104.998307406152264, 39.752295208342616 ] } },
{ "type": "Feature", "properties": { "LST_celsius": 46.95949922, "longitude": -104.99725683066148, "latitude": 39.75229518826962 }, "geometry": { "type": "Point", "coordinates": [ -104.997256830661485, 39.75229518826962 ] } },
{ "type": "Feature", "properties": { "LST_celsius": 45.944347279999988, "longitude": -104.996206255172, "latitude": 39.752295158688362 }, "geometry": { "type": "Point", "coordinates": [ -104.996206255171998, 39.752295158688362 ] } },
{ "type": "Feature", "properties": { "LST_celsius": 44.895015140000055, "longitude": -104.99515567968432, "latitude": 39.752295119598848 }, "geometry": { "type": "Point", "coordinates": [ -104.995155679684316, 39.752295119598848 ] } },
{ "type": "Feature", "properties": { "LST_celsius": 43.55173328000001, "longitude": -104.99410510419894, "latitude": 39.752295071001072 }, "geometry": { "type": "Point", "coordinates": [ -104.994105104198937, 39.752295071001072 ] } },
{ "type": "Feature", "properties": { "LST_celsius": 43.3158899, "longitude": -104.99305452871636, "latitude": 39.75229501289504 }, "geometry": { "type": "Point", "coordinates": [ -104.993054528716357, 39.75229501289504 ] } },
{ "type": "Feature", "properties": { "LST_celsius": 44.129378660000043, "longitude": -104.99200395323706, "latitude": 39.752294945280738 }, "geometry": { "type": "Point", "coordinates": [ -104.992003953237059, 39.752294945280738 ] } },
{ "type": "Feature", "properties": { "LST_celsius": 45.817880540000033, "longitude": -104.99095337776157, "latitude": 39.752294868158181 }, "geometry": { "type": "Point", "coordinates": [ -104.990953377761571, 39.752294868158181 ] } },
{ "type": "Feature", "properties": { "LST_celsius": 46.82277842000002, "longitude": -104.98990280229037, "latitude": 39.752294781527354 }, "geometry": { "type": "Point", "coordinates": [ -104.989902802290374, 39.752294781527354 ] } },
{ "type": "Feature", "properties": { "LST_celsius": 47.05178576000003, "longitude": -104.98885222682397, "latitude": 39.752294685388279 }, "geometry": { "type": "Point", "coordinates": [ -104.988852226823965, 39.752294685388279 ] } },
{ "type": "Feature", "properties": { "LST_celsius": 47.393587760000059, "longitude": -104.98780165136284, "latitude": 39.752294579740941 }, "geometry": { "type": "Point", "coordinates": [ -104.987801651362844, 39.752294579740941 ] } },
{ "type": "Feature", "properties": { "LST_celsius": 47.684119460000034, "longitude": -104.98675107590751, "latitude": 39.75229446458534 }, "geometry": { "type": "Point", "coordinates": [ -104.986751075907506, 39.75229446458534 ] } },
{ "type": "Feature", "properties": { "LST_celsius": 47.574742819999983, "longitude": -104.98570050045846, "latitude": 39.752294339921484 }, "geometry": { "type": "Point", "coordinates": [ -104.985700500458464, 39.752294339921484 ] } },
{ "type": "Feature", "properties": { "LST_celsius": 47.116728140000021, "longitude": -104.9846499250162, "latitude": 39.752294205749372 }, "geometry": { "type": "Point", "coordinates": [ -104.9846499250162, 39.752294205749372 ] } },
{ "type": "Feature", "properties": { "LST_celsius": 44.730950180000036, "longitude": -104.98359934958121, "latitude": 39.752294062068991 }, "geometry": { "type": "Point", "coordinates": [ -104.983599349581212, 39.752294062068991 ] } },
{ "type": "Feature", "properties": { "LST_celsius": 45.12402248000001, "longitude": -104.98254877415401, "latitude": 39.752293908880368 }, "geometry": { "type": "Point", "coordinates": [ -104.982548774154012, 39.752293908880368 ] } },
{ "type": "Feature", "properties": { "LST_celsius": 42.7177364, "longitude": -105.00916331703237, "latitude": 39.752024553331736 }, "geometry": { "type": "Point", "coordinates": [ -105.009163317032375, 39.752024553331736 ] } },
{ "type": "Feature", "properties": { "LST_celsius": 44.2729355, "longitude": -105.00811274566342, "latitude": 39.752024631510025 }, "geometry": { "type": "Point", "coordinates": [ -105.008112745663425, 39.752024631510025 ] } },
{ "type": "Feature", "properties": { "LST_celsius": 43.845683, "longitude": -105.00706217429061, "latitude": 39.752024700180137 }, "geometry": { "type": "Point", "coordinates": [ -105.00706217429061, 39.752024700180137 ] } },
{ "type": "Feature", "properties": { "LST_celsius": 44.847162860000026, "longitude": -105.00601160291446, "latitude": 39.752024759342078 }, "geometry": { "type": "Point", "coordinates": [ -105.006011602914455, 39.752024759342078 ] } },
{ "type": "Feature", "properties": { "LST_celsius": 45.301759520000019, "longitude": -105.00496103153544, "latitude": 39.752024808995863 }, "geometry": { "type": "Point", "coordinates": [ -105.004961031535444, 39.752024808995863 ] } },
{ "type": "Feature", "properties": { "LST_celsius": 46.604025139999976, "longitude": -105.00391046015407, "latitude": 39.752024849141463 }, "geometry": { "type": "Point", "coordinates": [ -105.003910460154074, 39.752024849141463 ] } },
{ "type": "Feature", "properties": { "LST_celsius": 45.428226260000031, "longitude": -105.00285988877086, "latitude": 39.752024879778901 }, "geometry": { "type": "Point", "coordinates": [ -105.002859888770857, 39.752024879778901 ] } },
{ "type": "Feature", "properties": { "LST_celsius": 44.149886780000031, "longitude": -105.00180931738628, "latitude": 39.752024900908168 }, "geometry": { "type": "Point", "coordinates": [ -105.001809317386275, 39.752024900908168 ] } },
{ "type": "Feature", "properties": { "LST_celsius": 44.84374484, "longitude": -105.00075874600084, "latitude": 39.752024912529272 }, "geometry": { "type": "Point", "coordinates": [ -105.000758746000841, 39.752024912529272 ] } },
{ "type": "Feature", "properties": { "LST_celsius": 46.176772640000024, "longitude": -104.99970817461505, "latitude": 39.752024914642192 }, "geometry": { "type": "Point", "coordinates": [ -104.999708174615051, 39.752024914642192 ] } },
{ "type": "Feature", "properties": { "LST_celsius": 47.5713248, "longitude": -104.99865760322939, "latitude": 39.752024907246948 }, "geometry": { "type": "Point", "coordinates": [ -104.99865760322939, 39.752024907246948 ] } },
{ "type": "Feature", "properties": { "LST_celsius": 46.983425360000012, "longitude": -104.99760703184437, "latitude": 39.752024890343542 }, "geometry": { "type": "Point", "coordinates": [ -104.997607031844367, 39.752024890343542 ] } },
{ "type": "Feature", "properties": { "LST_celsius": 45.9819455000001, "longitude": -104.99655646046048, "latitude": 39.75202486393195 }, "geometry": { "type": "Point", "coordinates": [ -104.996556460460482, 39.75202486393195 ] } },
{ "type": "Feature", "properties": { "LST_celsius": 44.413074320000021, "longitude": -104.99550588907823, "latitude": 39.752024828012196 }, "geometry": { "type": "Point", "coordinates": [ -104.995505889078231, 39.752024828012196 ] } },
{ "type": "Feature", "properties": { "LST_celsius": 43.2987998, "longitude": -104.9944553176981, "latitude": 39.752024782584272 }, "geometry": { "type": "Point", "coordinates": [ -104.994455317698097, 39.752024782584272 ] } },
{ "type": "Feature", "properties": { "LST_celsius": 42.167435179999984, "longitude": -104.99340474632062, "latitude": 39.752024727648184 }, "geometry": { "type": "Point", "coordinates": [ -104.993404746320621, 39.752024727648184 ] } },
{ "type": "Feature", "properties": { "LST_celsius": 42.731408480000027, "longitude": -104.99235417494626, "latitude": 39.752024663203912 }, "geometry": { "type": "Point", "coordinates": [ -104.992354174946257, 39.752024663203912 ] } },
{ "type": "Feature", "properties": { "LST_celsius": 45.011227820000045, "longitude": -104.99130360357552, "latitude": 39.752024589251484 }, "geometry": { "type": "Point", "coordinates": [ -104.991303603575517, 39.752024589251484 ] } },
{ "type": "Feature", "properties": { "LST_celsius": 46.867212680000023, "longitude": -104.99025303220893, "latitude": 39.752024505790885 }, "geometry": { "type": "Point", "coordinates": [ -104.990253032208926, 39.752024505790885 ] } },
{ "type": "Feature", "properties": { "LST_celsius": 47.766151939999986, "longitude": -104.98920246084695, "latitude": 39.752024412822109 }, "geometry": { "type": "Point", "coordinates": [ -104.989202460846954, 39.752024412822109 ] } },
{ "type": "Feature", "properties": { "LST_celsius": 47.865274520000014, "longitude": -104.9881518894901, "latitude": 39.75202431034517 }, "geometry": { "type": "Point", "coordinates": [ -104.988151889490098, 39.75202431034517 ] } },
{ "type": "Feature", "properties": { "LST_celsius": 47.3491535000001, "longitude": -104.98710131813885, "latitude": 39.752024198360061 }, "geometry": { "type": "Point", "coordinates": [ -104.987101318138855, 39.752024198360061 ] } },
{ "type": "Feature", "properties": { "LST_celsius": 47.4004238, "longitude": -104.98605074679374, "latitude": 39.752024076866782 }, "geometry": { "type": "Point", "coordinates": [ -104.986050746793737, 39.752024076866782 ] } },
{ "type": "Feature", "properties": { "LST_celsius": 47.202178640000056, "longitude": -104.98500017545524, "latitude": 39.752023945865332 }, "geometry": { "type": "Point", "coordinates": [ -104.985000175455241, 39.752023945865332 ] } },
{ "type": "Feature", "properties": { "LST_celsius": 45.171874760000037, "longitude": -104.98394960412385, "latitude": 39.752023805355719 }, "geometry": { "type": "Point", "coordinates": [ -104.98394960412385, 39.752023805355719 ] } },
{ "type": "Feature", "properties": { "LST_celsius": 43.85935508, "longitude": -104.98289903280009, "latitude": 39.752023655337936 }, "geometry": { "type": "Point", "coordinates": [ -104.982899032800091, 39.752023655337936 ] } },
{ "type": "Feature", "properties": { "LST_celsius": 45.13769456, "longitude": -104.98184846148445, "latitude": 39.752023495811983 }, "geometry": { "type": "Point", "coordinates": [ -104.981848461484446, 39.752023495811983 ] } },
{ "type": "Feature", "properties": { "LST_celsius": 44.74120424, "longitude": -105.00846290304385, "latitude": 39.751754300823578 }, "geometry": { "type": "Point", "coordinates": [ -105.008462903043849, 39.751754300823578 ] } },
{ "type": "Feature", "properties": { "LST_celsius": 44.659171760000049, "longitude": -105.00741233577831, "latitude": 39.751754372662404 }, "geometry": { "type": "Point", "coordinates": [ -105.007412335778312, 39.751754372662404 ] } },
{ "type": "Feature", "properties": { "LST_celsius": 43.890117260000011, "longitude": -105.00636176850922, "latitude": 39.751754434993153 }, "geometry": { "type": "Point", "coordinates": [ -105.006361768509223, 39.751754434993153 ] } },
{ "type": "Feature", "properties": { "LST_celsius": 43.192841180000016, "longitude": -105.00531120123715, "latitude": 39.751754487815809 }, "geometry": { "type": "Point", "coordinates": [ -105.005311201237149, 39.751754487815809 ] } },
{ "type": "Feature", "properties": { "LST_celsius": 45.13769456, "longitude": -105.00426063396255, "latitude": 39.751754531130388 }, "geometry": { "type": "Point", "coordinates": [ -105.004260633962545, 39.751754531130388 ] } },
{ "type": "Feature", "properties": { "LST_celsius": 45.76319222000001, "longitude": -105.00321006668591, "latitude": 39.751754564936888 }, "geometry": { "type": "Point", "coordinates": [ -105.003210066685909, 39.751754564936888 ] } },
{ "type": "Feature", "properties": { "LST_celsius": 44.621573539999986, "longitude": -105.00215949940775, "latitude": 39.751754589235325 }, "geometry": { "type": "Point", "coordinates": [ -105.002159499407753, 39.751754589235325 ] } },
{ "type": "Feature", "properties": { "LST_celsius": 45.4521524, "longitude": -105.00110893212859, "latitude": 39.751754604025663 }, "geometry": { "type": "Point", "coordinates": [ -105.001108932128588, 39.751754604025663 ] } },
{ "type": "Feature", "properties": { "LST_celsius": 46.49806652000001, "longitude": -105.00005836484888, "latitude": 39.75175460930793 }, "geometry": { "type": "Point", "coordinates": [ -105.000058364848883, 39.75175460930793 ] } },
{ "type": "Feature", "properties": { "LST_celsius": 48.087445820000028, "longitude": -104.99900779756913, "latitude": 39.75175460508212 }, "geometry": { "type": "Point", "coordinates": [ -104.999007797569135, 39.75175460508212 ] } },
{ "type": "Feature", "properties": { "LST_celsius": 47.10647408, "longitude": -104.99795723028987, "latitude": 39.751754591348224 }, "geometry": { "type": "Point", "coordinates": [ -104.99795723028987, 39.751754591348224 ] } },
{ "type": "Feature", "properties": { "LST_celsius": 46.0503059, "longitude": -104.99690666301159, "latitude": 39.75175456810625 }, "geometry": { "type": "Point", "coordinates": [ -104.996906663011586, 39.75175456810625 ] } },
{ "type": "Feature", "properties": { "LST_celsius": 44.078108359999987, "longitude": -104.99585609573477, "latitude": 39.751754535356213 }, "geometry": { "type": "Point", "coordinates": [ -104.995856095734766, 39.751754535356213 ] } },
{ "type": "Feature", "properties": { "LST_celsius": 42.970669880000059, "longitude": -104.99480552845991, "latitude": 39.751754493098069 }, "geometry": { "type": "Point", "coordinates": [ -104.994805528459906, 39.751754493098069 ] } },
{ "type": "Feature", "properties": { "LST_celsius": 42.071730620000039, "longitude": -104.99375496118751, "latitude": 39.751754441331862 }, "geometry": { "type": "Point", "coordinates": [ -104.993754961187506, 39.751754441331862 ] } },
{ "type": "Feature", "properties": { "LST_celsius": 41.733346640000036, "longitude": -104.99270439391809, "latitude": 39.751754380057577 }, "geometry": { "type": "Point", "coordinates": [ -104.992704393918089, 39.751754380057577 ] } },
{ "type": "Feature", "properties": { "LST_celsius": 43.797830719999979, "longitude": -104.99165382665213, "latitude": 39.751754309275199 }, "geometry": { "type": "Point", "coordinates": [ -104.991653826652126, 39.751754309275199 ] } },
{ "type": "Feature", "properties": { "LST_celsius": 46.487812459999986, "longitude": -104.99060325939011, "latitude": 39.751754228984765 }, "geometry": { "type": "Point", "coordinates": [ -104.990603259390113, 39.751754228984765 ] } },
{ "type": "Feature", "properties": { "LST_celsius": 48.24809276000002, "longitude": -104.98955269213256, "latitude": 39.751754139186232 }, "geometry": { "type": "Point", "coordinates": [ -104.989552692132563, 39.751754139186232 ] } },
{ "type": "Feature", "properties": { "LST_celsius": 48.336961280000025, "longitude": -104.98850212487996, "latitude": 39.751754039879636 }, "geometry": { "type": "Point", "coordinates": [ -104.988502124879957, 39.751754039879636 ] } },
{ "type": "Feature", "properties": { "LST_celsius": 47.407259840000052, "longitude": -104.98745155763282, "latitude": 39.751753931064954 }, "geometry": { "type": "Point", "coordinates": [ -104.987451557632824, 39.751753931064954 ] } },
{ "type": "Feature", "properties": { "LST_celsius": 47.2295228, "longitude": -104.98640099039164, "latitude": 39.751753812742187 }, "geometry": { "type": "Point", "coordinates": [ -104.986400990391644, 39.751753812742187 ] } },
{ "type": "Feature", "properties": { "LST_celsius": 47.08596596000001, "longitude": -104.98535042315692, "latitude": 39.751753684911343 }, "geometry": { "type": "Point", "coordinates": [ -104.985350423156916, 39.751753684911343 ] } },
{ "type": "Feature", "properties": { "LST_celsius": 46.125502340000025, "longitude": -104.98429985592914, "latitude": 39.751753547572427 }, "geometry": { "type": "Point", "coordinates": [ -104.984299855929137, 39.751753547572427 ] } },
{ "type": "Feature", "properties": { "LST_celsius": 43.620093680000025, "longitude": -104.98324928870881, "latitude": 39.751753400725434 }, "geometry": { "type": "Point", "coordinates": [ -104.983249288708805, 39.751753400725434 ] } },
{ "type": "Feature", "properties": { "LST_celsius": 43.85935508, "longitude": -104.98219872149642, "latitude": 39.75175324437037 }, "geometry": { "type": "Point", "coordinates": [ -104.982198721496417, 39.75175324437037 ] } },
{ "type": "Feature", "properties": { "LST_celsius": 44.77880246000001, "longitude": -105.00881305768696, "latitude": 39.751483969068552 }, "geometry": { "type": "Point", "coordinates": [ -105.008813057686964, 39.751483969068552 ] } },
{ "type": "Feature", "properties": { "LST_celsius": 45.69483182, "longitude": -105.00776249452866, "latitude": 39.751484044076015 }, "geometry": { "type": "Point", "coordinates": [ -105.007762494528663, 39.751484044076015 ] } },
{ "type": "Feature", "properties": { "LST_celsius": 44.556631160000052, "longitude": -105.00671193136668, "latitude": 39.751484109575486 }, "geometry": { "type": "Point", "coordinates": [ -105.006711931366681, 39.751484109575486 ] } },
{ "type": "Feature", "properties": { "LST_celsius": 42.622031839999977, "longitude": -105.00566136820152, "latitude": 39.751484165566978 }, "geometry": { "type": "Point", "coordinates": [ -105.005661368201515, 39.751484165566978 ] } },
{ "type": "Feature", "properties": { "LST_celsius": 42.929653640000026, "longitude": -105.00461080503366, "latitude": 39.751484212050478 }, "geometry": { "type": "Point", "coordinates": [ -105.004610805033664, 39.751484212050478 ] } },
{ "type": "Feature", "properties": { "LST_celsius": 45.243653180000024, "longitude": -105.00356024186362, "latitude": 39.751484249025992 }, "geometry": { "type": "Point", "coordinates": [ -105.003560241863624, 39.751484249025992 ] } },
{ "type": "Feature", "properties": { "LST_celsius": 44.826654739999981, "longitude": -105.00250967869191, "latitude": 39.751484276493514 }, "geometry": { "type": "Point", "coordinates": [ -105.002509678691908, 39.751484276493514 ] } },
{ "type": "Feature", "properties": { "LST_celsius": 46.1186663, "longitude": -105.00145911551898, "latitude": 39.751484294453057 }, "geometry": { "type": "Point", "coordinates": [ -105.001459115518983, 39.751484294453057 ] } },
{ "type": "Feature", "properties": { "LST_celsius": 47.099638040000059, "longitude": -105.00040855234538, "latitude": 39.751484302904601 }, "geometry": { "type": "Point", "coordinates": [ -105.000408552345377, 39.751484302904601 ] } },
{ "type": "Feature", "properties": { "LST_celsius": 48.82573814, "longitude": -104.99935798917156, "latitude": 39.751484301848159 }, "geometry": { "type": "Point", "coordinates": [ -104.999357989171557, 39.751484301848159 ] } },
{ "type": "Feature", "properties": { "LST_celsius": 47.6909555, "longitude": -104.99830742599806, "latitude": 39.751484291283717 }, "geometry": { "type": "Point", "coordinates": [ -104.998307425998064, 39.751484291283717 ] } },
{ "type": "Feature", "properties": { "LST_celsius": 46.1699366, "longitude": -104.99725686282537, "latitude": 39.751484271211297 }, "geometry": { "type": "Point", "coordinates": [ -104.997256862825367, 39.751484271211297 ] } },
{ "type": "Feature", "properties": { "LST_celsius": 44.040510140000038, "longitude": -104.99620629965396, "latitude": 39.751484241630891 }, "geometry": { "type": "Point", "coordinates": [ -104.996206299653963, 39.751484241630891 ] } },
{ "type": "Feature", "properties": { "LST_celsius": 42.690392240000051, "longitude": -104.99515573648436, "latitude": 39.751484202542493 }, "geometry": { "type": "Point", "coordinates": [ -104.995155736484364, 39.751484202542493 ] } },
{ "type": "Feature", "properties": { "LST_celsius": 42.314410039999984, "longitude": -104.99410517331708, "latitude": 39.751484153946109 }, "geometry": { "type": "Point", "coordinates": [ -104.994105173317081, 39.751484153946109 ] } },
{ "type": "Feature", "properties": { "LST_celsius": 41.9315918, "longitude": -104.99305461015257, "latitude": 39.751484095841739 }, "geometry": { "type": "Point", "coordinates": [ -104.993054610152569, 39.751484095841739 ] } },
{ "type": "Feature", "properties": { "LST_celsius": 42.635703920000026, "longitude": -104.99200404699137, "latitude": 39.75148402822937 }, "geometry": { "type": "Point", "coordinates": [ -104.992004046991369, 39.75148402822937 ] } },
{ "type": "Feature", "properties": { "LST_celsius": 45.558111020000013, "longitude": -104.99095348383395, "latitude": 39.751483951109016 }, "geometry": { "type": "Point", "coordinates": [ -104.990953483833948, 39.751483951109016 ] } },
{ "type": "Feature", "properties": { "LST_celsius": 48.27543692, "longitude": -104.98990292068083, "latitude": 39.751483864480676 }, "geometry": { "type": "Point", "coordinates": [ -104.989902920680834, 39.751483864480676 ] } },
{ "type": "Feature", "properties": { "LST_celsius": 48.976131020000025, "longitude": -104.98885235753251, "latitude": 39.75148376834435 }, "geometry": { "type": "Point", "coordinates": [ -104.988852357532508, 39.75148376834435 ] } },
{ "type": "Feature", "properties": { "LST_celsius": 47.960979080000016, "longitude": -104.98780179438947, "latitude": 39.751483662700032 }, "geometry": { "type": "Point", "coordinates": [ -104.987801794389469, 39.751483662700032 ] } },
{ "type": "Feature", "properties": { "LST_celsius": 47.181670520000011, "longitude": -104.98675123125221, "latitude": 39.751483547547728 }, "geometry": { "type": "Point", "coordinates": [ -104.986751231252214, 39.751483547547728 ] } },
{ "type": "Feature", "properties": { "LST_celsius": 47.099638040000059, "longitude": -104.98570066812125, "latitude": 39.751483422887439 }, "geometry": { "type": "Point", "coordinates": [ -104.985700668121254, 39.751483422887439 ] } },
{ "type": "Feature", "properties": { "LST_celsius": 46.7168198000001, "longitude": -104.98465010499707, "latitude": 39.751483288719164 }, "geometry": { "type": "Point", "coordinates": [ -104.984650104997073, 39.751483288719164 ] } },
{ "type": "Feature", "properties": { "LST_celsius": 43.989239839999982, "longitude": -104.98359954188018, "latitude": 39.751483145042897 }, "geometry": { "type": "Point", "coordinates": [ -104.983599541880182, 39.751483145042897 ] } },
{ "type": "Feature", "properties": { "LST_celsius": 43.503881, "longitude": -104.98254897877105, "latitude": 39.751482991858637 }, "geometry": { "type": "Point", "coordinates": [ -104.98254897877105, 39.751482991858637 ] } },
{ "type": "Feature", "properties": { "LST_celsius": 44.5121969, "longitude": -105.00916320959277, "latitude": 39.751213636244962 }, "geometry": { "type": "Point", "coordinates": [ -105.009163209592771, 39.751213636244962 ] } },
{ "type": "Feature", "properties": { "LST_celsius": 46.15968254000001, "longitude": -105.00811265054172, "latitude": 39.751213714421006 }, "geometry": { "type": "Point", "coordinates": [ -105.008112650541719, 39.751213714421006 ] } },
{ "type": "Feature", "properties": { "LST_celsius": 46.009289660000036, "longitude": -105.00706209148683, "latitude": 39.751213783089163 }, "geometry": { "type": "Point", "coordinates": [ -105.00706209148683, 39.751213783089163 ] } },
{ "type": "Feature", "properties": { "LST_celsius": 44.0507642, "longitude": -105.00601153242859, "latitude": 39.75121384224942 }, "geometry": { "type": "Point", "coordinates": [ -105.006011532428587, 39.75121384224942 ] } },
{ "type": "Feature", "properties": { "LST_celsius": 41.531683460000011, "longitude": -105.00496097336749, "latitude": 39.75121389190177 }, "geometry": { "type": "Point", "coordinates": [ -105.004960973367488, 39.75121389190177 ] } },
{ "type": "Feature", "properties": { "LST_celsius": 44.2558454, "longitude": -105.00391041430404, "latitude": 39.751213932046227 }, "geometry": { "type": "Point", "coordinates": [ -105.003910414304045, 39.751213932046227 ] } },
{ "type": "Feature", "properties": { "LST_celsius": 45.335939720000056, "longitude": -105.00285985523875, "latitude": 39.75121396268279 }, "geometry": { "type": "Point", "coordinates": [ -105.002859855238754, 39.75121396268279 ] } },
{ "type": "Feature", "properties": { "LST_celsius": 46.580099, "longitude": -105.00180929617208, "latitude": 39.751213983811446 }, "geometry": { "type": "Point", "coordinates": [ -105.001809296172084, 39.751213983811446 ] } },
{ "type": "Feature", "properties": { "LST_celsius": 47.697791540000026, "longitude": -105.00075873710456, "latitude": 39.751213995432217 }, "geometry": { "type": "Point", "coordinates": [ -105.000758737104562, 39.751213995432217 ] } },
{ "type": "Feature", "properties": { "LST_celsius": 49.095761720000041, "longitude": -104.99970817803668, "latitude": 39.751213997545079 }, "geometry": { "type": "Point", "coordinates": [ -104.999708178036684, 39.751213997545079 ] } },
{ "type": "Feature", "properties": { "LST_celsius": 48.449755940000045, "longitude": -104.99865761896895, "latitude": 39.751213990150049 }, "geometry": { "type": "Point", "coordinates": [ -104.998657618968949, 39.751213990150049 ] } },
{ "type": "Feature", "properties": { "LST_celsius": 46.398943939999981, "longitude": -104.99760705990184, "latitude": 39.751213973247125 }, "geometry": { "type": "Point", "coordinates": [ -104.997607059901839, 39.751213973247125 ] } },
{ "type": "Feature", "properties": { "LST_celsius": 44.628409580000039, "longitude": -104.99655650083588, "latitude": 39.751213946836295 }, "geometry": { "type": "Point", "coordinates": [ -104.996556500835879, 39.751213946836295 ] } },
{ "type": "Feature", "properties": { "LST_celsius": 42.676720160000059, "longitude": -104.99550594177154, "latitude": 39.751213910917571 }, "geometry": { "type": "Point", "coordinates": [ -104.99550594177154, 39.751213910917571 ] } },
{ "type": "Feature", "properties": { "LST_celsius": 42.686974220000025, "longitude": -104.99445538270935, "latitude": 39.751213865490939 }, "geometry": { "type": "Point", "coordinates": [ -104.994455382709347, 39.751213865490939 ] } },
{ "type": "Feature", "properties": { "LST_celsius": 42.51607322000001, "longitude": -104.99340482364977, "latitude": 39.751213810556415 }, "geometry": { "type": "Point", "coordinates": [ -104.993404823649769, 39.751213810556415 ] } },
{ "type": "Feature", "properties": { "LST_celsius": 42.225541519999979, "longitude": -104.99235426459333, "latitude": 39.751213746114004 }, "geometry": { "type": "Point", "coordinates": [ -104.992354264593331, 39.751213746114004 ] } },
{ "type": "Feature", "properties": { "LST_celsius": 44.331041840000012, "longitude": -104.9913037055405, "latitude": 39.751213672163686 }, "geometry": { "type": "Point", "coordinates": [ -104.991303705540503, 39.751213672163686 ] } },
{ "type": "Feature", "properties": { "LST_celsius": 47.304719240000054, "longitude": -104.99025314649182, "latitude": 39.751213588705461 }, "geometry": { "type": "Point", "coordinates": [ -104.990253146491824, 39.751213588705461 ] } },
{ "type": "Feature", "properties": { "LST_celsius": 49.249572619999981, "longitude": -104.98920258744776, "latitude": 39.751213495739357 }, "geometry": { "type": "Point", "coordinates": [ -104.989202587447764, 39.751213495739357 ] } },
{ "type": "Feature", "properties": { "LST_celsius": 48.5967308, "longitude": -104.98815202840882, "latitude": 39.751213393265346 }, "geometry": { "type": "Point", "coordinates": [ -104.98815202840882, 39.751213393265346 ] } },
{ "type": "Feature", "properties": { "LST_celsius": 47.58499688000001, "longitude": -104.98710146937549, "latitude": 39.751213281283434 }, "geometry": { "type": "Point", "coordinates": [ -104.987101469375489, 39.751213281283434 ] } },
{ "type": "Feature", "properties": { "LST_celsius": 47.103056060000029, "longitude": -104.9860509103483, "latitude": 39.751213159793636 }, "geometry": { "type": "Point", "coordinates": [ -104.986050910348297, 39.751213159793636 ] } },
{ "type": "Feature", "properties": { "LST_celsius": 47.038113680000038, "longitude": -104.98500035132771, "latitude": 39.751213028795938 }, "geometry": { "type": "Point", "coordinates": [ -104.985000351327713, 39.751213028795938 ] } },
{ "type": "Feature", "properties": { "LST_celsius": 44.659171760000049, "longitude": -104.98394979231425, "latitude": 39.75121288829034 }, "geometry": { "type": "Point", "coordinates": [ -104.983949792314249, 39.75121288829034 ] } },
{ "type": "Feature", "properties": { "LST_celsius": 43.780740620000017, "longitude": -104.9828992333084, "latitude": 39.751212738276848 }, "geometry": { "type": "Point", "coordinates": [ -104.982899233308402, 39.751212738276848 ] } },
{ "type": "Feature", "properties": { "LST_celsius": 44.84374484, "longitude": -104.98184867431067, "latitude": 39.75121257875545 }, "geometry": { "type": "Point", "coordinates": [ -104.981848674310669, 39.75121257875545 ] } },
{ "type": "Feature", "properties": { "LST_celsius": 46.521992660000024, "longitude": -105.00846280381754, "latitude": 39.750943383697404 }, "geometry": { "type": "Point", "coordinates": [ -105.008462803817537, 39.750943383697404 ] } },
{ "type": "Feature", "properties": { "LST_celsius": 47.157744380000054, "longitude": -105.00741224886973, "latitude": 39.750943455534177 }, "geometry": { "type": "Point", "coordinates": [ -105.007412248869727, 39.750943455534177 ] } },
{ "type": "Feature", "properties": { "LST_celsius": 45.653815580000014, "longitude": -105.00636169391841, "latitude": 39.750943517863142 }, "geometry": { "type": "Point", "coordinates": [ -105.006361693918407, 39.750943517863142 ] } },
{ "type": "Feature", "properties": { "LST_celsius": 42.040968440000029, "longitude": -105.00531113896407, "latitude": 39.750943570684292 }, "geometry": { "type": "Point", "coordinates": [ -105.005311138964075, 39.750943570684292 ] } },
{ "type": "Feature", "properties": { "LST_celsius": 43.20651326000001, "longitude": -105.00426058400721, "latitude": 39.750943613997627 }, "geometry": { "type": "Point", "coordinates": [ -105.004260584007213, 39.750943613997627 ] } },
{ "type": "Feature", "properties": { "LST_celsius": 44.7856385, "longitude": -105.00321002904835, "latitude": 39.750943647803162 }, "geometry": { "type": "Point", "coordinates": [ -105.003210029048347, 39.750943647803162 ] } },
{ "type": "Feature", "properties": { "LST_celsius": 46.316911460000028, "longitude": -105.00215947408793, "latitude": 39.750943672100902 }, "geometry": { "type": "Point", "coordinates": [ -105.002159474087932, 39.750943672100902 ] } },
{ "type": "Feature", "properties": { "LST_celsius": 48.377977520000059, "longitude": -105.00110891912649, "latitude": 39.750943686890814 }, "geometry": { "type": "Point", "coordinates": [ -105.001108919126494, 39.750943686890814 ] } },
{ "type": "Feature", "properties": { "LST_celsius": 48.313035140000011, "longitude": -105.00005836416454, "latitude": 39.750943692172939 }, "geometry": { "type": "Point", "coordinates": [ -105.000058364164545, 39.750943692172939 ] } },
{ "type": "Feature", "properties": { "LST_celsius": 47.83793036000003, "longitude": -104.99900780920258, "latitude": 39.750943687947249 }, "geometry": { "type": "Point", "coordinates": [ -104.999007809202581, 39.750943687947249 ] } },
{ "type": "Feature", "properties": { "LST_celsius": 46.59377108000001, "longitude": -104.99795725424107, "latitude": 39.750943674213744 }, "geometry": { "type": "Point", "coordinates": [ -104.997957254241072, 39.750943674213744 ] } },
{ "type": "Feature", "properties": { "LST_celsius": 45.011227820000045, "longitude": -104.99690669928052, "latitude": 39.750943650972445 }, "geometry": { "type": "Point", "coordinates": [ -104.996906699280515, 39.750943650972445 ] } },
{ "type": "Feature", "properties": { "LST_celsius": 42.71431838000001, "longitude": -104.99585614432145, "latitude": 39.750943618223324 }, "geometry": { "type": "Point", "coordinates": [ -104.995856144321451, 39.750943618223324 ] } },
{ "type": "Feature", "properties": { "LST_celsius": 43.319307920000028, "longitude": -104.99480558936435, "latitude": 39.750943575966403 }, "geometry": { "type": "Point", "coordinates": [ -104.994805589364347, 39.750943575966403 ] } },
{ "type": "Feature", "properties": { "LST_celsius": 42.9228176, "longitude": -104.9937550344097, "latitude": 39.750943524201674 }, "geometry": { "type": "Point", "coordinates": [ -104.993755034409702, 39.750943524201674 ] } },
{ "type": "Feature", "properties": { "LST_celsius": 42.502401140000018, "longitude": -104.99270447945803, "latitude": 39.750943462929129 }, "geometry": { "type": "Point", "coordinates": [ -104.992704479458027, 39.750943462929129 ] } },
{ "type": "Feature", "properties": { "LST_celsius": 43.049284339999986, "longitude": -104.99165392450981, "latitude": 39.750943392148798 }, "geometry": { "type": "Point", "coordinates": [ -104.991653924509805, 39.750943392148798 ] } },
{ "type": "Feature", "properties": { "LST_celsius": 45.582037160000027, "longitude": -104.99060336956555, "latitude": 39.750943311860638 }, "geometry": { "type": "Point", "coordinates": [ -104.990603369565548, 39.750943311860638 ] } },
{ "type": "Feature", "properties": { "LST_celsius": 48.26860088000001, "longitude": -104.98955281462574, "latitude": 39.750943222064691 }, "geometry": { "type": "Point", "coordinates": [ -104.989552814625739, 39.750943222064691 ] } },
{ "type": "Feature", "properties": { "LST_celsius": 48.774467840000057, "longitude": -104.9885022596909, "latitude": 39.750943122760923 }, "geometry": { "type": "Point", "coordinates": [ -104.988502259690904, 39.750943122760923 ] } },
{ "type": "Feature", "properties": { "LST_celsius": 48.19340444, "longitude": -104.98745170476153, "latitude": 39.750943013949353 }, "geometry": { "type": "Point", "coordinates": [ -104.987451704761526, 39.750943013949353 ] } },
{ "type": "Feature", "properties": { "LST_celsius": 47.3491535000001, "longitude": -104.98640114983809, "latitude": 39.750942895629976 }, "geometry": { "type": "Point", "coordinates": [ -104.986401149838088, 39.750942895629976 ] } },
{ "type": "Feature", "properties": { "LST_celsius": 47.000515460000031, "longitude": -104.9853505949211, "latitude": 39.75094276780279 }, "geometry": { "type": "Point", "coordinates": [ -104.985350594921101, 39.75094276780279 ] } },
{ "type": "Feature", "properties": { "LST_celsius": 45.705085880000013, "longitude": -104.98430004001108, "latitude": 39.750942630467797 }, "geometry": { "type": "Point", "coordinates": [ -104.984300040011078, 39.750942630467797 ] } },
{ "type": "Feature", "properties": { "LST_celsius": 44.1191246, "longitude": -104.98324948510849, "latitude": 39.750942483625003 }, "geometry": { "type": "Point", "coordinates": [ -104.983249485108487, 39.750942483625003 ] } },
{ "type": "Feature", "properties": { "LST_celsius": 44.9907197, "longitude": -104.98219893021385, "latitude": 39.750942327274402 }, "geometry": { "type": "Point", "coordinates": [ -104.982198930213855, 39.750942327274402 ] } },
{ "type": "Feature", "properties": { "LST_celsius": 46.7680901, "longitude": -105.00881295435612, "latitude": 39.750673051905252 }, "geometry": { "type": "Point", "coordinates": [ -105.008812954356117, 39.750673051905252 ] } },
{ "type": "Feature", "properties": { "LST_celsius": 47.605505, "longitude": -105.0077624035154, "latitude": 39.75067312691057 }, "geometry": { "type": "Point", "coordinates": [ -105.0077624035154, 39.75067312691057 ] } },
{ "type": "Feature", "properties": { "LST_celsius": 46.781762179999987, "longitude": -105.006711852671, "latitude": 39.750673192408165 }, "geometry": { "type": "Point", "coordinates": [ -105.006711852671003, 39.750673192408165 ] } },
{ "type": "Feature", "properties": { "LST_celsius": 43.910625380000056, "longitude": -105.00566130182342, "latitude": 39.750673248398058 }, "geometry": { "type": "Point", "coordinates": [ -105.005661301823423, 39.750673248398058 ] } },
{ "type": "Feature", "properties": { "LST_celsius": 42.468220940000037, "longitude": -105.00461075097314, "latitude": 39.750673294880229 }, "geometry": { "type": "Point", "coordinates": [ -105.004610750973143, 39.750673294880229 ] } },
{ "type": "Feature", "properties": { "LST_celsius": 43.599585560000037, "longitude": -105.0035602001207, "latitude": 39.750673331854692 }, "geometry": { "type": "Point", "coordinates": [ -105.003560200120702, 39.750673331854692 ] } },
{ "type": "Feature", "properties": { "LST_celsius": 44.847162860000026, "longitude": -105.00250964926656, "latitude": 39.750673359321418 }, "geometry": { "type": "Point", "coordinates": [ -105.002509649266557, 39.750673359321418 ] } },
{ "type": "Feature", "properties": { "LST_celsius": 48.354051379999987, "longitude": -105.00145909841122, "latitude": 39.750673377280442 }, "geometry": { "type": "Point", "coordinates": [ -105.001459098411217, 39.750673377280442 ] } },
{ "type": "Feature", "properties": { "LST_celsius": 47.954143040000019, "longitude": -105.0004085475552, "latitude": 39.750673385731744 }, "geometry": { "type": "Point", "coordinates": [ -105.000408547555196, 39.750673385731744 ] } },
{ "type": "Feature", "properties": { "LST_celsius": 46.82277842000002, "longitude": -104.99935799669898, "latitude": 39.750673384675324 }, "geometry": { "type": "Point", "coordinates": [ -104.999357996698976, 39.750673384675324 ] } },
{ "type": "Feature", "properties": { "LST_celsius": 46.388689880000015, "longitude": -104.99830744584307, "latitude": 39.750673374111201 }, "geometry": { "type": "Point", "coordinates": [ -104.998307445843068, 39.750673374111201 ] } },
{ "type": "Feature", "properties": { "LST_celsius": 45.5034227, "longitude": -104.99725689498794, "latitude": 39.750673354039357 }, "geometry": { "type": "Point", "coordinates": [ -104.997256894987942, 39.750673354039357 ] } },
{ "type": "Feature", "properties": { "LST_celsius": 43.41159446000006, "longitude": -104.99620634413414, "latitude": 39.75067332445979 }, "geometry": { "type": "Point", "coordinates": [ -104.996206344134137, 39.75067332445979 ] } },
{ "type": "Feature", "properties": { "LST_celsius": 43.52780714000005, "longitude": -104.99515579328212, "latitude": 39.750673285372514 }, "geometry": { "type": "Point", "coordinates": [ -104.995155793282123, 39.750673285372514 ] } },
{ "type": "Feature", "properties": { "LST_celsius": 43.9653137, "longitude": -104.99410524243241, "latitude": 39.750673236777516 }, "geometry": { "type": "Point", "coordinates": [ -104.994105242432411, 39.750673236777516 ] } },
{ "type": "Feature", "properties": { "LST_celsius": 43.0424483, "longitude": -104.9930546915855, "latitude": 39.750673178674795 }, "geometry": { "type": "Point", "coordinates": [ -104.993054691585499, 39.750673178674795 ] } },
{ "type": "Feature", "properties": { "LST_celsius": 42.611777780000011, "longitude": -104.99200414074188, "latitude": 39.750673111064373 }, "geometry": { "type": "Point", "coordinates": [ -104.992004140741884, 39.750673111064373 ] } },
{ "type": "Feature", "properties": { "LST_celsius": 44.177230940000015, "longitude": -104.99095358990205, "latitude": 39.750673033946228 }, "geometry": { "type": "Point", "coordinates": [ -104.990953589902048, 39.750673033946228 ] } },
{ "type": "Feature", "properties": { "LST_celsius": 46.347673640000039, "longitude": -104.98990303906652, "latitude": 39.750672947320354 }, "geometry": { "type": "Point", "coordinates": [ -104.989903039066519, 39.750672947320354 ] } },
{ "type": "Feature", "properties": { "LST_celsius": 48.32670722, "longitude": -104.98885248823578, "latitude": 39.750672851186792 }, "geometry": { "type": "Point", "coordinates": [ -104.988852488235779, 39.750672851186792 ] } },
{ "type": "Feature", "properties": { "LST_celsius": 48.480518120000056, "longitude": -104.98780193741031, "latitude": 39.750672745545486 }, "geometry": { "type": "Point", "coordinates": [ -104.98780193741031, 39.750672745545486 ] } },
{ "type": "Feature", "properties": { "LST_celsius": 47.800332140000023, "longitude": -104.98675138659064, "latitude": 39.75067263039648 }, "geometry": { "type": "Point", "coordinates": [ -104.98675138659064, 39.75067263039648 ] } },
{ "type": "Feature", "properties": { "LST_celsius": 47.222686759999988, "longitude": -104.98570083577727, "latitude": 39.75067250573975 }, "geometry": { "type": "Point", "coordinates": [ -104.985700835777266, 39.75067250573975 ] } },
{ "type": "Feature", "properties": { "LST_celsius": 46.59377108000001, "longitude": -104.98465028497067, "latitude": 39.750672371575313 }, "geometry": { "type": "Point", "coordinates": [ -104.98465028497067, 39.750672371575313 ] } },
{ "type": "Feature", "properties": { "LST_celsius": 44.2387553, "longitude": -104.98359973417136, "latitude": 39.750672227903159 }, "geometry": { "type": "Point", "coordinates": [ -104.983599734171364, 39.750672227903159 ] } },
{ "type": "Feature", "properties": { "LST_celsius": 45.305177540000045, "longitude": -104.98254918337982, "latitude": 39.750672074723283 }, "geometry": { "type": "Point", "coordinates": [ -104.982549183379817, 39.750672074723283 ] } },
{ "type": "Feature", "properties": { "LST_celsius": 46.37843582000005, "longitude": -105.0091631021575, "latitude": 39.750402719044551 }, "geometry": { "type": "Point", "coordinates": [ -105.009163102157501, 39.750402719044551 ] } },
{ "type": "Feature", "properties": { "LST_celsius": 48.111371960000042, "longitude": -105.00811255542388, "latitude": 39.750402797218371 }, "geometry": { "type": "Point", "coordinates": [ -105.008112555423878, 39.750402797218371 ] } },
{ "type": "Feature", "properties": { "LST_celsius": 47.79691412, "longitude": -105.0070620086864, "latitude": 39.750402865884567 }, "geometry": { "type": "Point", "coordinates": [ -105.007062008686404, 39.750402865884567 ] } },
{ "type": "Feature", "properties": { "LST_celsius": 45.646979540000018, "longitude": -105.00601146194558, "latitude": 39.750402925043126 }, "geometry": { "type": "Point", "coordinates": [ -105.006011461945576, 39.750402925043126 ] } },
{ "type": "Feature", "properties": { "LST_celsius": 43.3158899, "longitude": -105.00496091520191, "latitude": 39.750402974694055 }, "geometry": { "type": "Point", "coordinates": [ -105.004960915201906, 39.750402974694055 ] } },
{ "type": "Feature", "properties": { "LST_celsius": 42.967251860000033, "longitude": -105.00391036845589, "latitude": 39.75040301483736 }, "geometry": { "type": "Point", "coordinates": [ -105.003910368455891, 39.75040301483736 ] } },
{ "type": "Feature", "properties": { "LST_celsius": 43.99265786000001, "longitude": -105.002859821708, "latitude": 39.75040304547305 }, "geometry": { "type": "Point", "coordinates": [ -105.002859821708, 39.75040304547305 ] } },
{ "type": "Feature", "properties": { "LST_celsius": 47.714881640000044, "longitude": -105.00180927495875, "latitude": 39.750403066601116 }, "geometry": { "type": "Point", "coordinates": [ -105.001809274958745, 39.750403066601116 ] } },
{ "type": "Feature", "properties": { "LST_celsius": 48.66167317999998, "longitude": -105.00075872820865, "latitude": 39.750403078221538 }, "geometry": { "type": "Point", "coordinates": [ -105.000758728208652, 39.750403078221538 ] } },
{ "type": "Feature", "properties": { "LST_celsius": 46.32716552, "longitude": -104.99970818145819, "latitude": 39.750403080334344 }, "geometry": { "type": "Point", "coordinates": [ -104.999708181458189, 39.750403080334344 ] } },
{ "type": "Feature", "properties": { "LST_celsius": 45.725594, "longitude": -104.99865763470787, "latitude": 39.75040307293952 }, "geometry": { "type": "Point", "coordinates": [ -104.998657634707868, 39.75040307293952 ] } },
{ "type": "Feature", "properties": { "LST_celsius": 45.51367676000001, "longitude": -104.99760708795819, "latitude": 39.750403056037072 }, "geometry": { "type": "Point", "coordinates": [ -104.997607087958187, 39.750403056037072 ] } },
{ "type": "Feature", "properties": { "LST_celsius": 44.074690340000018, "longitude": -104.99655654120964, "latitude": 39.750403029627002 }, "geometry": { "type": "Point", "coordinates": [ -104.996556541209642, 39.750403029627002 ] } },
{ "type": "Feature", "properties": { "LST_celsius": 42.929653640000026, "longitude": -104.99550599446273, "latitude": 39.750402993709315 }, "geometry": { "type": "Point", "coordinates": [ -104.995505994462732, 39.750402993709315 ] } },
{ "type": "Feature", "properties": { "LST_celsius": 44.635245619999978, "longitude": -104.99445544771794, "latitude": 39.750402948283977 }, "geometry": { "type": "Point", "coordinates": [ -104.994455447717939, 39.750402948283977 ] } },
{ "type": "Feature", "properties": { "LST_celsius": 43.866191120000053, "longitude": -104.99340490097578, "latitude": 39.75040289335103 }, "geometry": { "type": "Point", "coordinates": [ -104.993404900975776, 39.75040289335103 ] } },
{ "type": "Feature", "properties": { "LST_celsius": 42.782678780000026, "longitude": -104.99235435423677, "latitude": 39.75040282891046 }, "geometry": { "type": "Point", "coordinates": [ -104.992354354236767, 39.75040282891046 ] } },
{ "type": "Feature", "properties": { "LST_celsius": 43.664527940000028, "longitude": -104.99130380750137, "latitude": 39.750402754962252 }, "geometry": { "type": "Point", "coordinates": [ -104.991303807501367, 39.750402754962252 ] } },
{ "type": "Feature", "properties": { "LST_celsius": 44.812982659999989, "longitude": -104.99025326077009, "latitude": 39.750402671506428 }, "geometry": { "type": "Point", "coordinates": [ -104.990253260770089, 39.750402671506428 ] } },
{ "type": "Feature", "properties": { "LST_celsius": 46.90139288, "longitude": -104.98920271404346, "latitude": 39.750402578542968 }, "geometry": { "type": "Point", "coordinates": [ -104.989202714043458, 39.750402578542968 ] } },
{ "type": "Feature", "properties": { "LST_celsius": 48.289109, "longitude": -104.98815216732193, "latitude": 39.750402476071898 }, "geometry": { "type": "Point", "coordinates": [ -104.988152167321928, 39.750402476071898 ] } },
{ "type": "Feature", "properties": { "LST_celsius": 48.107953940000016, "longitude": -104.98710162060603, "latitude": 39.75040236409319 }, "geometry": { "type": "Point", "coordinates": [ -104.987101620606026, 39.75040236409319 ] } },
{ "type": "Feature", "properties": { "LST_celsius": 47.3149733, "longitude": -104.98605107389625, "latitude": 39.750402242606867 }, "geometry": { "type": "Point", "coordinates": [ -104.986051073896249, 39.750402242606867 ] } },
{ "type": "Feature", "properties": { "LST_celsius": 47.516636479999988, "longitude": -104.98500052719308, "latitude": 39.750402111612907 }, "geometry": { "type": "Point", "coordinates": [ -104.98500052719308, 39.750402111612907 ] } },
{ "type": "Feature", "properties": { "LST_celsius": 43.968731720000051, "longitude": -104.98394998049703, "latitude": 39.75040197111133 }, "geometry": { "type": "Point", "coordinates": [ -104.98394998049703, 39.75040197111133 ] } },
{ "type": "Feature", "properties": { "LST_celsius": 45.42480824, "longitude": -104.9828994338086, "latitude": 39.750401821102123 }, "geometry": { "type": "Point", "coordinates": [ -104.982899433808598, 39.750401821102123 ] } },
{ "type": "Feature", "properties": { "LST_celsius": 47.034695660000011, "longitude": -104.98184888712828, "latitude": 39.750401661585293 }, "geometry": { "type": "Point", "coordinates": [ -104.98184888712828, 39.750401661585293 ] } },
{ "type": "Feature", "properties": { "LST_celsius": 48.12162602000001, "longitude": -105.00846270459522, "latitude": 39.750132466457607 }, "geometry": { "type": "Point", "coordinates": [ -105.008462704595217, 39.750132466457607 ] } },
{ "type": "Feature", "properties": { "LST_celsius": 48.542042480000021, "longitude": -105.00741216196467, "latitude": 39.750132538292327 }, "geometry": { "type": "Point", "coordinates": [ -105.007412161964666, 39.750132538292327 ] } },
{ "type": "Feature", "properties": { "LST_celsius": 47.4175139, "longitude": -105.0063616193306, "latitude": 39.750132600619494 }, "geometry": { "type": "Point", "coordinates": [ -105.006361619330605, 39.750132600619494 ] } },
{ "type": "Feature", "properties": { "LST_celsius": 44.450672540000028, "longitude": -105.00531107669352, "latitude": 39.750132653439138 }, "geometry": { "type": "Point", "coordinates": [ -105.005311076693516, 39.750132653439138 ] } },
{ "type": "Feature", "properties": { "LST_celsius": 43.38083228000005, "longitude": -105.0042605340539, "latitude": 39.750132696751237 }, "geometry": { "type": "Point", "coordinates": [ -105.004260534053898, 39.750132696751237 ] } },
{ "type": "Feature", "properties": { "LST_celsius": 43.44919268000001, "longitude": -105.00320999141229, "latitude": 39.750132730555805 }, "geometry": { "type": "Point", "coordinates": [ -105.003209991412291, 39.750132730555805 ] } },
{ "type": "Feature", "properties": { "LST_celsius": 46.197280760000012, "longitude": -105.00215944876913, "latitude": 39.750132754852849 }, "geometry": { "type": "Point", "coordinates": [ -105.002159448769135, 39.750132754852849 ] } },
{ "type": "Feature", "properties": { "LST_celsius": 48.022503440000037, "longitude": -105.00110890612497, "latitude": 39.750132769642349 }, "geometry": { "type": "Point", "coordinates": [ -105.001108906124969, 39.750132769642349 ] } },
{ "type": "Feature", "properties": { "LST_celsius": 47.1269822, "longitude": -105.00005836348026, "latitude": 39.750132774924317 }, "geometry": { "type": "Point", "coordinates": [ -105.000058363480264, 39.750132774924317 ] } },
{ "type": "Feature", "properties": { "LST_celsius": 45.291505460000053, "longitude": -104.99900782083553, "latitude": 39.750132770698741 }, "geometry": { "type": "Point", "coordinates": [ -104.99900782083553, 39.750132770698741 ] } },
{ "type": "Feature", "properties": { "LST_celsius": 45.206054960000017, "longitude": -104.99795727819128, "latitude": 39.750132756965627 }, "geometry": { "type": "Point", "coordinates": [ -104.997957278191279, 39.750132756965627 ] } },
{ "type": "Feature", "properties": { "LST_celsius": 44.744622260000028, "longitude": -104.996906735548, "latitude": 39.750132733724989 }, "geometry": { "type": "Point", "coordinates": [ -104.996906735547995, 39.750132733724989 ] } },
{ "type": "Feature", "properties": { "LST_celsius": 42.690392240000051, "longitude": -104.99585619290617, "latitude": 39.750132700976813 }, "geometry": { "type": "Point", "coordinates": [ -104.995856192906174, 39.750132700976813 ] } },
{ "type": "Feature", "properties": { "LST_celsius": 44.686515920000033, "longitude": -104.99480565026631, "latitude": 39.7501326587211 }, "geometry": { "type": "Point", "coordinates": [ -104.994805650266315, 39.7501326587211 ] } },
{ "type": "Feature", "properties": { "LST_celsius": 44.098616480000032, "longitude": -104.99375510762893, "latitude": 39.750132606957855 }, "geometry": { "type": "Point", "coordinates": [ -104.993755107628928, 39.750132606957855 ] } },
{ "type": "Feature", "properties": { "LST_celsius": 43.2133493, "longitude": -104.9927045649945, "latitude": 39.750132545687066 }, "geometry": { "type": "Point", "coordinates": [ -104.992704564994497, 39.750132545687066 ] } },
{ "type": "Feature", "properties": { "LST_celsius": 43.5209711, "longitude": -104.99165402236353, "latitude": 39.750132474908746 }, "geometry": { "type": "Point", "coordinates": [ -104.991654022363534, 39.750132474908746 ] } },
{ "type": "Feature", "properties": { "LST_celsius": 44.368640060000018, "longitude": -104.99060347973654, "latitude": 39.750132394622888 }, "geometry": { "type": "Point", "coordinates": [ -104.990603479736535, 39.750132394622888 ] } },
{ "type": "Feature", "properties": { "LST_celsius": 45.77344628000003, "longitude": -104.98955293711398, "latitude": 39.750132304829499 }, "geometry": { "type": "Point", "coordinates": [ -104.989552937113984, 39.750132304829499 ] } },
{ "type": "Feature", "properties": { "LST_celsius": 47.745643820000055, "longitude": -104.98850239449639, "latitude": 39.750132205528587 }, "geometry": { "type": "Point", "coordinates": [ -104.988502394496393, 39.750132205528587 ] } },
{ "type": "Feature", "properties": { "LST_celsius": 48.1352981, "longitude": -104.98745185188425, "latitude": 39.750132096720122 }, "geometry": { "type": "Point", "coordinates": [ -104.987451851884245, 39.750132096720122 ] } },
{ "type": "Feature", "properties": { "LST_celsius": 47.64993926, "longitude": -104.98640130927807, "latitude": 39.750131978404134 }, "geometry": { "type": "Point", "coordinates": [ -104.986401309278065, 39.750131978404134 ] } },
{ "type": "Feature", "properties": { "LST_celsius": 47.749061840000024, "longitude": -104.98535076667835, "latitude": 39.750131850580601 }, "geometry": { "type": "Point", "coordinates": [ -104.985350766678351, 39.750131850580601 ] } },
{ "type": "Feature", "properties": { "LST_celsius": 44.997555740000053, "longitude": -104.98430022408556, "latitude": 39.750131713249552 }, "geometry": { "type": "Point", "coordinates": [ -104.984300224085558, 39.750131713249552 ] } },
{ "type": "Feature", "properties": { "LST_celsius": 45.260743280000042, "longitude": -104.98324968150023, "latitude": 39.750131566410943 }, "geometry": { "type": "Point", "coordinates": [ -104.983249681500226, 39.750131566410943 ] } },
{ "type": "Feature", "properties": { "LST_celsius": 46.805688320000058, "longitude": -104.98219913892284, "latitude": 39.750131410064817 }, "geometry": { "type": "Point", "coordinates": [ -104.982199138922837, 39.750131410064817 ] } },
{ "type": "Feature", "properties": { "LST_celsius": 47.865274520000014, "longitude": -105.00881285102945, "latitude": 39.749862134628309 }, "geometry": { "type": "Point", "coordinates": [ -105.008812851029447, 39.749862134628309 ] } },
{ "type": "Feature", "properties": { "LST_celsius": 48.8872625, "longitude": -105.0077623125058, "latitude": 39.749862209631488 }, "geometry": { "type": "Point", "coordinates": [ -105.007762312505804, 39.749862209631488 ] } },
{ "type": "Feature", "properties": { "LST_celsius": 49.064999540000031, "longitude": -105.00671177397851, "latitude": 39.749862275127221 }, "geometry": { "type": "Point", "coordinates": [ -105.006711773978509, 39.749862275127221 ] } },
{ "type": "Feature", "properties": { "LST_celsius": 46.7168198000001, "longitude": -105.005661235448, "latitude": 39.749862331115509 }, "geometry": { "type": "Point", "coordinates": [ -105.005661235448002, 39.749862331115509 ] } },
{ "type": "Feature", "properties": { "LST_celsius": 44.9394494000001, "longitude": -105.00461069691482, "latitude": 39.749862377596344 }, "geometry": { "type": "Point", "coordinates": [ -105.004610696914824, 39.749862377596344 ] } },
{ "type": "Feature", "properties": { "LST_celsius": 43.6576919, "longitude": -105.00356015837946, "latitude": 39.749862414569748 }, "geometry": { "type": "Point", "coordinates": [ -105.003560158379457, 39.749862414569748 ] } },
{ "type": "Feature", "properties": { "LST_celsius": 44.7172781, "longitude": -105.0025096198424, "latitude": 39.749862442035692 }, "geometry": { "type": "Point", "coordinates": [ -105.0025096198424, 39.749862442035692 ] } },
{ "type": "Feature", "properties": { "LST_celsius": 47.75247986, "longitude": -105.00145908130415, "latitude": 39.749862459994205 }, "geometry": { "type": "Point", "coordinates": [ -105.001459081304148, 39.749862459994205 ] } },
{ "type": "Feature", "properties": { "LST_celsius": 47.4004238, "longitude": -105.00040854276523, "latitude": 39.749862468445265 }, "geometry": { "type": "Point", "coordinates": [ -105.000408542765229, 39.749862468445265 ] } },
{ "type": "Feature", "properties": { "LST_celsius": 45.0078098, "longitude": -104.99935800422608, "latitude": 39.749862467388873 }, "geometry": { "type": "Point", "coordinates": [ -104.999358004226082, 39.749862467388873 ] } },
{ "type": "Feature", "properties": { "LST_celsius": 44.48485274000001, "longitude": -104.99830746568726, "latitude": 39.749862456825049 }, "geometry": { "type": "Point", "coordinates": [ -104.998307465687262, 39.749862456825049 ] } },
{ "type": "Feature", "properties": { "LST_celsius": 44.59422938, "longitude": -104.99725692714924, "latitude": 39.749862436753787 }, "geometry": { "type": "Point", "coordinates": [ -104.997256927149238, 39.749862436753787 ] } },
{ "type": "Feature", "properties": { "LST_celsius": 42.823695020000059, "longitude": -104.99620638861251, "latitude": 39.749862407175073 }, "geometry": { "type": "Point", "coordinates": [ -104.996206388612507, 39.749862407175073 ] } },
{ "type": "Feature", "properties": { "LST_celsius": 43.729470320000019, "longitude": -104.99515585007758, "latitude": 39.749862368088905 }, "geometry": { "type": "Point", "coordinates": [ -104.99515585007758, 39.749862368088905 ] } },
{ "type": "Feature", "properties": { "LST_celsius": 43.544897240000012, "longitude": -104.99410531154496, "latitude": 39.749862319495293 }, "geometry": { "type": "Point", "coordinates": [ -104.994105311544956, 39.749862319495293 ] } },
{ "type": "Feature", "properties": { "LST_celsius": 43.148406920000014, "longitude": -104.99305477301512, "latitude": 39.749862261394249 }, "geometry": { "type": "Point", "coordinates": [ -104.993054773015118, 39.749862261394249 ] } },
{ "type": "Feature", "properties": { "LST_celsius": 43.4867909, "longitude": -104.99200423448859, "latitude": 39.749862193785752 }, "geometry": { "type": "Point", "coordinates": [ -104.99200423448859, 39.749862193785752 ] } },
{ "type": "Feature", "properties": { "LST_celsius": 44.5121969, "longitude": -104.99095369596586, "latitude": 39.749862116669803 }, "geometry": { "type": "Point", "coordinates": [ -104.990953695965857, 39.749862116669803 ] } },
{ "type": "Feature", "properties": { "LST_celsius": 45.6059633, "longitude": -104.9899031574474, "latitude": 39.749862030046422 }, "geometry": { "type": "Point", "coordinates": [ -104.989903157447401, 39.749862030046422 ] } },
{ "type": "Feature", "properties": { "LST_celsius": 47.19876062000003, "longitude": -104.98885261893373, "latitude": 39.749861933915589 }, "geometry": { "type": "Point", "coordinates": [ -104.988852618933734, 39.749861933915589 ] } },
{ "type": "Feature", "properties": { "LST_celsius": 48.12162602000001, "longitude": -104.98780208042537, "latitude": 39.749861828277311 }, "geometry": { "type": "Point", "coordinates": [ -104.987802080425368, 39.749861828277311 ] } },
{ "type": "Feature", "properties": { "LST_celsius": 48.053265620000047, "longitude": -104.98675154192279, "latitude": 39.749861713131601 }, "geometry": { "type": "Point", "coordinates": [ -104.986751541922786, 39.749861713131601 ] } },
{ "type": "Feature", "properties": { "LST_celsius": 48.00199532, "longitude": -104.9857010034265, "latitude": 39.749861588478439 }, "geometry": { "type": "Point", "coordinates": [ -104.985701003426499, 39.749861588478439 ] } },
{ "type": "Feature", "properties": { "LST_celsius": 46.911646940000026, "longitude": -104.98465046493698, "latitude": 39.749861454317838 }, "geometry": { "type": "Point", "coordinates": [ -104.984650464936976, 39.749861454317838 ] } },
{ "type": "Feature", "properties": { "LST_celsius": 45.206054960000017, "longitude": -104.98359992645474, "latitude": 39.749861310649784 }, "geometry": { "type": "Point", "coordinates": [ -104.983599926454744, 39.749861310649784 ] } },
{ "type": "Feature", "properties": { "LST_celsius": 46.778344160000017, "longitude": -104.9825493879803, "latitude": 39.749861157474292 }, "geometry": { "type": "Point", "coordinates": [ -104.982549387980299, 39.749861157474292 ] } },
{ "type": "Feature", "properties": { "LST_celsius": 47.557652720000021, "longitude": -105.00916299472658, "latitude": 39.749591801730524 }, "geometry": { "type": "Point", "coordinates": [ -105.00916299472658, 39.749591801730524 ] } },
{ "type": "Feature", "properties": { "LST_celsius": 48.815484080000033, "longitude": -105.00811246030989, "latitude": 39.749591879902091 }, "geometry": { "type": "Point", "coordinates": [ -105.008112460309889, 39.749591879902091 ] } },
{ "type": "Feature", "properties": { "LST_celsius": 50.42878952000001, "longitude": -105.00706192588933, "latitude": 39.749591948566326 }, "geometry": { "type": "Point", "coordinates": [ -105.007061925889332, 39.749591948566326 ] } },
{ "type": "Feature", "properties": { "LST_celsius": 48.04642958, "longitude": -105.00601139146544, "latitude": 39.749592007723201 }, "geometry": { "type": "Point", "coordinates": [ -105.006011391465435, 39.749592007723201 ] } },
{ "type": "Feature", "properties": { "LST_celsius": 46.4433782, "longitude": -105.00496085703867, "latitude": 39.749592057372702 }, "geometry": { "type": "Point", "coordinates": [ -105.004960857038668, 39.749592057372702 ] } },
{ "type": "Feature", "properties": { "LST_celsius": 44.915523259999986, "longitude": -105.00391032260956, "latitude": 39.749592097514871 }, "geometry": { "type": "Point", "coordinates": [ -105.003910322609556, 39.749592097514871 ] } },
{ "type": "Feature", "properties": { "LST_celsius": 43.77048656, "longitude": -105.0028597881786, "latitude": 39.749592128149679 }, "geometry": { "type": "Point", "coordinates": [ -105.002859788178597, 39.749592128149679 ] } },
{ "type": "Feature", "properties": { "LST_celsius": 46.846704560000035, "longitude": -105.00180925374627, "latitude": 39.749592149277134 }, "geometry": { "type": "Point", "coordinates": [ -105.001809253746273, 39.749592149277134 ] } },
{ "type": "Feature", "properties": { "LST_celsius": 47.34573548000003, "longitude": -105.00075871931311, "latitude": 39.74959216089723 }, "geometry": { "type": "Point", "coordinates": [ -105.000758719313112, 39.74959216089723 ] } },
{ "type": "Feature", "properties": { "LST_celsius": 45.91016708000001, "longitude": -104.99970818487957, "latitude": 39.749592163009986 }, "geometry": { "type": "Point", "coordinates": [ -104.999708184879566, 39.749592163009986 ] } },
{ "type": "Feature", "properties": { "LST_celsius": 44.75487632, "longitude": -104.99865765044616, "latitude": 39.749592155615368 }, "geometry": { "type": "Point", "coordinates": [ -104.998657650446162, 39.749592155615368 ] } },
{ "type": "Feature", "properties": { "LST_celsius": 44.454090560000054, "longitude": -104.99760711601338, "latitude": 39.749592138713403 }, "geometry": { "type": "Point", "coordinates": [ -104.997607116013384, 39.749592138713403 ] } },
{ "type": "Feature", "properties": { "LST_celsius": 44.013165980000053, "longitude": -104.99655658158177, "latitude": 39.749592112304086 }, "geometry": { "type": "Point", "coordinates": [ -104.996556581581771, 39.749592112304086 ] } },
{ "type": "Feature", "properties": { "LST_celsius": 43.049284339999986, "longitude": -104.99550604715178, "latitude": 39.749592076387408 }, "geometry": { "type": "Point", "coordinates": [ -104.995506047151778, 39.749592076387408 ] } },
{ "type": "Feature", "properties": { "LST_celsius": 43.244111480000015, "longitude": -104.9944555127239, "latitude": 39.749592030963385 }, "geometry": { "type": "Point", "coordinates": [ -104.994455512723903, 39.749592030963385 ] } },
{ "type": "Feature", "properties": { "LST_celsius": 42.782678780000026, "longitude": -104.99340497829868, "latitude": 39.749591976032015 }, "geometry": { "type": "Point", "coordinates": [ -104.993404978298685, 39.749591976032015 ] } },
{ "type": "Feature", "properties": { "LST_celsius": 43.148406920000014, "longitude": -104.99235444387658, "latitude": 39.749591911593278 }, "geometry": { "type": "Point", "coordinates": [ -104.992354443876579, 39.749591911593278 ] } },
{ "type": "Feature", "properties": { "LST_celsius": 44.467762640000046, "longitude": -104.9913039094581, "latitude": 39.749591837647188 }, "geometry": { "type": "Point", "coordinates": [ -104.991303909458097, 39.749591837647188 ] } },
{ "type": "Feature", "properties": { "LST_celsius": 45.1616207, "longitude": -104.99025337504375, "latitude": 39.749591754193752 }, "geometry": { "type": "Point", "coordinates": [ -104.99025337504375, 39.749591754193752 ] } },
{ "type": "Feature", "properties": { "LST_celsius": 46.8022703, "longitude": -104.98920284063402, "latitude": 39.749591661232955 }, "geometry": { "type": "Point", "coordinates": [ -104.989202840634022, 39.749591661232955 ] } },
{ "type": "Feature", "properties": { "LST_celsius": 47.670447380000041, "longitude": -104.98815230622942, "latitude": 39.749591558764806 }, "geometry": { "type": "Point", "coordinates": [ -104.988152306229424, 39.749591558764806 ] } },
{ "type": "Feature", "properties": { "LST_celsius": 47.89945472, "longitude": -104.98710177183042, "latitude": 39.74959144678931 }, "geometry": { "type": "Point", "coordinates": [ -104.987101771830424, 39.74959144678931 ] } },
{ "type": "Feature", "properties": { "LST_celsius": 47.916544820000013, "longitude": -104.98605123743756, "latitude": 39.749591325306454 }, "geometry": { "type": "Point", "coordinates": [ -104.986051237437565, 39.749591325306454 ] } },
{ "type": "Feature", "properties": { "LST_celsius": 47.991741260000026, "longitude": -104.98500070305133, "latitude": 39.749591194316253 }, "geometry": { "type": "Point", "coordinates": [ -104.985000703051327, 39.749591194316253 ] } },
{ "type": "Feature", "properties": { "LST_celsius": 45.8794049000001, "longitude": -104.98395016867219, "latitude": 39.749591053818683 }, "geometry": { "type": "Point", "coordinates": [ -104.983950168672195, 39.749591053818683 ] } },
{ "type": "Feature", "properties": { "LST_celsius": 46.70998376, "longitude": -104.98289963430068, "latitude": 39.749590903813768 }, "geometry": { "type": "Point", "coordinates": [ -104.982899634300679, 39.749590903813768 ] } },
{ "type": "Feature", "properties": { "LST_celsius": 47.38675172000001, "longitude": -104.98184909993728, "latitude": 39.749590744301507 }, "geometry": { "type": "Point", "coordinates": [ -104.981849099937278, 39.749590744301507 ] } },
{ "type": "Feature", "properties": { "LST_celsius": 48.4258298, "longitude": -105.00846260537692, "latitude": 39.749321549104174 }, "geometry": { "type": "Point", "coordinates": [ -105.00846260537692, 39.749321549104174 ] } },
{ "type": "Feature", "properties": { "LST_celsius": 50.828697860000034, "longitude": -105.00741207506312, "latitude": 39.749321620936833 }, "geometry": { "type": "Point", "coordinates": [ -105.007412075063115, 39.749321620936833 ] } },
{ "type": "Feature", "properties": { "LST_celsius": 50.70564914, "longitude": -105.00636154474581, "latitude": 39.749321683262224 }, "geometry": { "type": "Point", "coordinates": [ -105.006361544745815, 39.749321683262224 ] } },
{ "type": "Feature", "properties": { "LST_celsius": 47.23977686000001, "longitude": -105.00531101442547, "latitude": 39.749321736080354 }, "geometry": { "type": "Point", "coordinates": [ -105.005311014425473, 39.749321736080354 ] } },
{ "type": "Feature", "properties": { "LST_celsius": 45.766610239999977, "longitude": -105.00426048410263, "latitude": 39.749321779391217 }, "geometry": { "type": "Point", "coordinates": [ -105.00426048410263, 39.749321779391217 ] } },
{ "type": "Feature", "properties": { "LST_celsius": 43.849101020000035, "longitude": -105.00320995377776, "latitude": 39.749321813194825 }, "geometry": { "type": "Point", "coordinates": [ -105.003209953777755, 39.749321813194825 ] } },
{ "type": "Feature", "properties": { "LST_celsius": 45.356447839999987, "longitude": -105.00215942345136, "latitude": 39.749321837491159 }, "geometry": { "type": "Point", "coordinates": [ -105.00215942345136, 39.749321837491159 ] } },
{ "type": "Feature", "properties": { "LST_celsius": 46.96975328000002, "longitude": -105.00110889312394, "latitude": 39.749321852280254 }, "geometry": { "type": "Point", "coordinates": [ -105.001108893123941, 39.749321852280254 ] } },
{ "type": "Feature", "properties": { "LST_celsius": 45.944347279999988, "longitude": -105.000058362796, "latitude": 39.749321857562059 }, "geometry": { "type": "Point", "coordinates": [ -105.000058362795997, 39.749321857562059 ] } },
{ "type": "Feature", "properties": { "LST_celsius": 44.624991560000012, "longitude": -104.99900783246802, "latitude": 39.749321853336603 }, "geometry": { "type": "Point", "coordinates": [ -104.999007832468024, 39.749321853336603 ] } },
{ "type": "Feature", "properties": { "LST_celsius": 44.05418222000003, "longitude": -104.99795730214053, "latitude": 39.749321839603887 }, "geometry": { "type": "Point", "coordinates": [ -104.997957302140534, 39.749321839603887 ] } },
{ "type": "Feature", "properties": { "LST_celsius": 44.013165980000053, "longitude": -104.99690677181398, "latitude": 39.74932181636391 }, "geometry": { "type": "Point", "coordinates": [ -104.996906771813983, 39.74932181636391 ] } },
{ "type": "Feature", "properties": { "LST_celsius": 43.11764474000006, "longitude": -104.99585624148892, "latitude": 39.749321783616665 }, "geometry": { "type": "Point", "coordinates": [ -104.995856241488923, 39.749321783616665 ] } },
{ "type": "Feature", "properties": { "LST_celsius": 43.189423160000047, "longitude": -104.99480571116582, "latitude": 39.749321741362174 }, "geometry": { "type": "Point", "coordinates": [ -104.994805711165824, 39.749321741362174 ] } },
{ "type": "Feature", "properties": { "LST_celsius": 42.526327280000032, "longitude": -104.99375518084518, "latitude": 39.749321689600407 }, "geometry": { "type": "Point", "coordinates": [ -104.993755180845184, 39.749321689600407 ] } },
{ "type": "Feature", "properties": { "LST_celsius": 42.645957980000048, "longitude": -104.99270465052751, "latitude": 39.749321628331366 }, "geometry": { "type": "Point", "coordinates": [ -104.992704650527514, 39.749321628331366 ] } },
{ "type": "Feature", "properties": { "LST_celsius": 45.165038719999984, "longitude": -104.99165412021331, "latitude": 39.749321557555078 }, "geometry": { "type": "Point", "coordinates": [ -104.991654120213312, 39.749321557555078 ] } },
{ "type": "Feature", "properties": { "LST_celsius": 45.27099734000001, "longitude": -104.99060358990305, "latitude": 39.749321477271515 }, "geometry": { "type": "Point", "coordinates": [ -104.990603589903046, 39.749321477271515 ] } },
{ "type": "Feature", "properties": { "LST_celsius": 46.16651858, "longitude": -104.98955305959726, "latitude": 39.749321387480698 }, "geometry": { "type": "Point", "coordinates": [ -104.989553059597256, 39.749321387480698 ] } },
{ "type": "Feature", "properties": { "LST_celsius": 46.863794660000053, "longitude": -104.98850252929643, "latitude": 39.749321288182614 }, "geometry": { "type": "Point", "coordinates": [ -104.988502529296426, 39.749321288182614 ] } },
{ "type": "Feature", "properties": { "LST_celsius": 47.5200545, "longitude": -104.98745199900104, "latitude": 39.749321179377276 }, "geometry": { "type": "Point", "coordinates": [ -104.987451999001038, 39.749321179377276 ] } },
{ "type": "Feature", "properties": { "LST_celsius": 47.701209560000052, "longitude": -104.98640146871162, "latitude": 39.749321061064663 }, "geometry": { "type": "Point", "coordinates": [ -104.98640146871162, 39.749321061064663 ] } },
{ "type": "Feature", "properties": { "LST_celsius": 48.07719176000001, "longitude": -104.98535093842864, "latitude": 39.749320933244789 }, "geometry": { "type": "Point", "coordinates": [ -104.985350938428638, 39.749320933244789 ] } },
{ "type": "Feature", "properties": { "LST_celsius": 46.8877208, "longitude": -104.98430040815261, "latitude": 39.749320795917654 }, "geometry": { "type": "Point", "coordinates": [ -104.984300408152606, 39.749320795917654 ] } },
{ "type": "Feature", "properties": { "LST_celsius": 46.5630089, "longitude": -104.98324987788402, "latitude": 39.749320649083259 }, "geometry": { "type": "Point", "coordinates": [ -104.98324987788402, 39.749320649083259 ] } },
{ "type": "Feature", "properties": { "LST_celsius": 46.95949922, "longitude": -104.98219934762339, "latitude": 39.749320492741603 }, "geometry": { "type": "Point", "coordinates": [ -104.982199347623393, 39.749320492741603 ] } },
{ "type": "Feature", "properties": { "LST_celsius": 47.800332140000023, "longitude": -105.00881274770695, "latitude": 39.749051217237749 }, "geometry": { "type": "Point", "coordinates": [ -105.008812747706955, 39.749051217237749 ] } },
{ "type": "Feature", "properties": { "LST_celsius": 50.124585740000043, "longitude": -105.0077622214999, "latitude": 39.749051292238789 }, "geometry": { "type": "Point", "coordinates": [ -105.007762221499902, 39.749051292238789 ] } },
{ "type": "Feature", "properties": { "LST_celsius": 53.11535324, "longitude": -105.0067116952892, "latitude": 39.749051357732633 }, "geometry": { "type": "Point", "coordinates": [ -105.006711695289198, 39.749051357732633 ] } },
{ "type": "Feature", "properties": { "LST_celsius": 47.960979080000016, "longitude": -105.00566116907528, "latitude": 39.749051413719322 }, "geometry": { "type": "Point", "coordinates": [ -105.005661169075282, 39.749051413719322 ] } },
{ "type": "Feature", "properties": { "LST_celsius": 46.457050279999976, "longitude": -105.00461064285869, "latitude": 39.749051460198835 }, "geometry": { "type": "Point", "coordinates": [ -105.004610642858694, 39.749051460198835 ] } },
{ "type": "Feature", "properties": { "LST_celsius": 44.53612304000001, "longitude": -105.0035601166399, "latitude": 39.749051497171166 }, "geometry": { "type": "Point", "coordinates": [ -105.003560116639903, 39.749051497171166 ] } },
{ "type": "Feature", "properties": { "LST_celsius": 44.553213140000025, "longitude": -105.00250959041945, "latitude": 39.749051524636336 }, "geometry": { "type": "Point", "coordinates": [ -105.00250959041945, 39.749051524636336 ] } },
{ "type": "Feature", "properties": { "LST_celsius": 46.053723920000039, "longitude": -105.00145906419777, "latitude": 39.74905154259433 }, "geometry": { "type": "Point", "coordinates": [ -105.001459064197775, 39.74905154259433 ] } },
{ "type": "Feature", "properties": { "LST_celsius": 46.986843379999982, "longitude": -105.00040853797543, "latitude": 39.749051551045156 }, "geometry": { "type": "Point", "coordinates": [ -105.000408537975431, 39.749051551045156 ] } },
{ "type": "Feature", "properties": { "LST_celsius": 45.39746408000002, "longitude": -104.99935801175289, "latitude": 39.749051549988792 }, "geometry": { "type": "Point", "coordinates": [ -104.999358011752889, 39.749051549988792 ] } },
{ "type": "Feature", "properties": { "LST_celsius": 44.4780167, "longitude": -104.99830748553065, "latitude": 39.749051539425274 }, "geometry": { "type": "Point", "coordinates": [ -104.998307485530646, 39.749051539425274 ] } },
{ "type": "Feature", "properties": { "LST_celsius": 44.406238280000025, "longitude": -104.99725695930921, "latitude": 39.749051519354573 }, "geometry": { "type": "Point", "coordinates": [ -104.997256959309212, 39.749051519354573 ] } },
{ "type": "Feature", "properties": { "LST_celsius": 43.630347740000047, "longitude": -104.99620643308907, "latitude": 39.749051489776711 }, "geometry": { "type": "Point", "coordinates": [ -104.996206433089071, 39.749051489776711 ] } },
{ "type": "Feature", "properties": { "LST_celsius": 43.056120380000038, "longitude": -104.99515590687074, "latitude": 39.74905145069166 }, "geometry": { "type": "Point", "coordinates": [ -104.995155906870735, 39.74905145069166 ] } },
{ "type": "Feature", "properties": { "LST_celsius": 43.2475295, "longitude": -104.9941053806547, "latitude": 39.749051402099447 }, "geometry": { "type": "Point", "coordinates": [ -104.994105380654702, 39.749051402099447 ] } },
{ "type": "Feature", "properties": { "LST_celsius": 42.833949080000025, "longitude": -104.99305485444145, "latitude": 39.749051344000065 }, "geometry": { "type": "Point", "coordinates": [ -104.993054854441453, 39.749051344000065 ] } },
{ "type": "Feature", "properties": { "LST_celsius": 45.0078098, "longitude": -104.99200432823152, "latitude": 39.749051276393494 }, "geometry": { "type": "Point", "coordinates": [ -104.992004328231516, 39.749051276393494 ] } },
{ "type": "Feature", "properties": { "LST_celsius": 45.9990356, "longitude": -104.99095380202536, "latitude": 39.749051199279755 }, "geometry": { "type": "Point", "coordinates": [ -104.990953802025359, 39.749051199279755 ] } },
{ "type": "Feature", "properties": { "LST_celsius": 45.7597742, "longitude": -104.98990327582349, "latitude": 39.749051112658854 }, "geometry": { "type": "Point", "coordinates": [ -104.989903275823494, 39.749051112658854 ] } },
{ "type": "Feature", "properties": { "LST_celsius": 46.1357564, "longitude": -104.98885274962643, "latitude": 39.749051016530771 }, "geometry": { "type": "Point", "coordinates": [ -104.988852749626432, 39.749051016530771 ] } },
{ "type": "Feature", "properties": { "LST_celsius": 46.774926140000048, "longitude": -104.98780222343464, "latitude": 39.749050910895519 }, "geometry": { "type": "Point", "coordinates": [ -104.987802223434642, 39.749050910895519 ] } },
{ "type": "Feature", "properties": { "LST_celsius": 47.243194880000033, "longitude": -104.98675169724865, "latitude": 39.749050795753092 }, "geometry": { "type": "Point", "coordinates": [ -104.98675169724865, 39.749050795753092 ] } },
{ "type": "Feature", "properties": { "LST_celsius": 47.83451234000006, "longitude": -104.98570117106894, "latitude": 39.749050671103504 }, "geometry": { "type": "Point", "coordinates": [ -104.985701171068939, 39.749050671103504 ] } },
{ "type": "Feature", "properties": { "LST_celsius": 47.2124327, "longitude": -104.98465064489601, "latitude": 39.749050536946733 }, "geometry": { "type": "Point", "coordinates": [ -104.984650644896007, 39.749050536946733 ] } },
{ "type": "Feature", "properties": { "LST_celsius": 46.344255620000013, "longitude": -104.98360011873037, "latitude": 39.749050393282808 }, "geometry": { "type": "Point", "coordinates": [ -104.983600118730365, 39.749050393282808 ] } },
{ "type": "Feature", "properties": { "LST_celsius": 46.439960180000014, "longitude": -104.9825495925725, "latitude": 39.749050240111686 }, "geometry": { "type": "Point", "coordinates": [ -104.982549592572497, 39.749050240111686 ] } },
{ "type": "Feature", "properties": { "LST_celsius": 47.092802, "longitude": -105.00916288730002, "latitude": 39.74878088430286 }, "geometry": { "type": "Point", "coordinates": [ -105.009162887300022, 39.74878088430286 ] } },
{ "type": "Feature", "properties": { "LST_celsius": 49.10601578000001, "longitude": -105.00811236519974, "latitude": 39.748780962472203 }, "geometry": { "type": "Point", "coordinates": [ -105.008112365199736, 39.748780962472203 ] } },
{ "type": "Feature", "properties": { "LST_celsius": 53.8433915000001, "longitude": -105.00706184309561, "latitude": 39.748781031134463 }, "geometry": { "type": "Point", "coordinates": [ -105.007061843095613, 39.748781031134463 ] } },
{ "type": "Feature", "properties": { "LST_celsius": 48.74028764000002, "longitude": -105.00601132098812, "latitude": 39.74878109028964 }, "geometry": { "type": "Point", "coordinates": [ -105.006011320988122, 39.74878109028964 ] } },
{ "type": "Feature", "properties": { "LST_celsius": 46.583517020000045, "longitude": -105.00496079887779, "latitude": 39.748781139937734 }, "geometry": { "type": "Point", "coordinates": [ -105.004960798877789, 39.748781139937734 ] } },
{ "type": "Feature", "properties": { "LST_celsius": 45.57861914, "longitude": -105.0039102767651, "latitude": 39.748781180078751 }, "geometry": { "type": "Point", "coordinates": [ -105.003910276765097, 39.748781180078751 ] } },
{ "type": "Feature", "properties": { "LST_celsius": 45.25390724, "longitude": -105.00285975465056, "latitude": 39.748781210712686 }, "geometry": { "type": "Point", "coordinates": [ -105.002859754650558, 39.748781210712686 ] } },
{ "type": "Feature", "properties": { "LST_celsius": 45.725594, "longitude": -105.00180923253467, "latitude": 39.748781231839537 }, "geometry": { "type": "Point", "coordinates": [ -105.001809232534669, 39.748781231839537 ] } },
{ "type": "Feature", "properties": { "LST_celsius": 46.79201624000001, "longitude": -105.00075871041791, "latitude": 39.748781243459305 }, "geometry": { "type": "Point", "coordinates": [ -105.000758710417912, 39.748781243459305 ] } },
{ "type": "Feature", "properties": { "LST_celsius": 46.6655495, "longitude": -104.9997081883008, "latitude": 39.748781245571983 }, "geometry": { "type": "Point", "coordinates": [ -104.999708188300801, 39.748781245571983 ] } },
{ "type": "Feature", "properties": { "LST_celsius": 45.561529039999982, "longitude": -104.9986576661838, "latitude": 39.748781238177592 }, "geometry": { "type": "Point", "coordinates": [ -104.998657666183803, 39.748781238177592 ] } },
{ "type": "Feature", "properties": { "LST_celsius": 45.7426841, "longitude": -104.99760714406747, "latitude": 39.748781221276111 }, "geometry": { "type": "Point", "coordinates": [ -104.997607144067473, 39.748781221276111 ] } },
{ "type": "Feature", "properties": { "LST_celsius": 44.501942840000027, "longitude": -104.99655662195227, "latitude": 39.748781194867547 }, "geometry": { "type": "Point", "coordinates": [ -104.996556621952266, 39.748781194867547 ] } },
{ "type": "Feature", "properties": { "LST_celsius": 43.291963760000044, "longitude": -104.99550609983869, "latitude": 39.748781158951907 }, "geometry": { "type": "Point", "coordinates": [ -104.995506099838693, 39.748781158951907 ] } },
{ "type": "Feature", "properties": { "LST_celsius": 43.934551520000014, "longitude": -104.99445557772725, "latitude": 39.748781113529176 }, "geometry": { "type": "Point", "coordinates": [ -104.994455577727251, 39.748781113529176 ] } },
{ "type": "Feature", "properties": { "LST_celsius": 44.279771540000013, "longitude": -104.99340505561844, "latitude": 39.74878105859937 }, "geometry": { "type": "Point", "coordinates": [ -104.993405055618439, 39.74878105859937 ] } },
{ "type": "Feature", "properties": { "LST_celsius": 44.686515920000033, "longitude": -104.99235453351275, "latitude": 39.74878099416248 }, "geometry": { "type": "Point", "coordinates": [ -104.992354533512753, 39.74878099416248 ] } },
{ "type": "Feature", "properties": { "LST_celsius": 46.491230480000013, "longitude": -104.99130401141069, "latitude": 39.748780920218508 }, "geometry": { "type": "Point", "coordinates": [ -104.991304011410691, 39.748780920218508 ] } },
{ "type": "Feature", "properties": { "LST_celsius": 45.141112580000026, "longitude": -104.99025348931276, "latitude": 39.748780836767445 }, "geometry": { "type": "Point", "coordinates": [ -104.990253489312764, 39.748780836767445 ] } },
{ "type": "Feature", "properties": { "LST_celsius": 45.482914580000056, "longitude": -104.98920296721947, "latitude": 39.74878074380932 }, "geometry": { "type": "Point", "coordinates": [ -104.98920296721947, 39.74878074380932 ] } },
{ "type": "Feature", "properties": { "LST_celsius": 45.421390220000035, "longitude": -104.98815244513129, "latitude": 39.748780641344098 }, "geometry": { "type": "Point", "coordinates": [ -104.988152445131291, 39.748780641344098 ] } },
{ "type": "Feature", "properties": { "LST_celsius": 46.781762179999987, "longitude": -104.98710192304871, "latitude": 39.748780529371814 }, "geometry": { "type": "Point", "coordinates": [ -104.987101923048712, 39.748780529371814 ] } },
{ "type": "Feature", "properties": { "LST_celsius": 47.5542347000001, "longitude": -104.98605140097227, "latitude": 39.748780407892426 }, "geometry": { "type": "Point", "coordinates": [ -104.986051400972272, 39.748780407892426 ] } },
{ "type": "Feature", "properties": { "LST_celsius": 47.23977686000001, "longitude": -104.98500087890245, "latitude": 39.748780276905954 }, "geometry": { "type": "Point", "coordinates": [ -104.985000878902454, 39.748780276905954 ] } },
{ "type": "Feature", "properties": { "LST_celsius": 46.0503059, "longitude": -104.98395035683974, "latitude": 39.748780136412421 }, "geometry": { "type": "Point", "coordinates": [ -104.983950356839742, 39.748780136412421 ] } },
{ "type": "Feature", "properties": { "LST_celsius": 45.301759520000019, "longitude": -104.98289983478465, "latitude": 39.74877998641179 }, "geometry": { "type": "Point", "coordinates": [ -104.982899834784646, 39.74877998641179 ] } },
{ "type": "Feature", "properties": { "LST_celsius": 45.527348840000059, "longitude": -104.98184931273767, "latitude": 39.748779826904091 }, "geometry": { "type": "Point", "coordinates": [ -104.981849312737666, 39.748779826904091 ] } },
{ "type": "Feature", "properties": { "LST_celsius": 48.347215340000048, "longitude": -105.00846250616264, "latitude": 39.748510631637124 }, "geometry": { "type": "Point", "coordinates": [ -105.008462506162644, 39.748510631637124 ] } },
{ "type": "Feature", "properties": { "LST_celsius": 53.149533440000027, "longitude": -105.00741198816509, "latitude": 39.748510703467737 }, "geometry": { "type": "Point", "coordinates": [ -105.007411988165089, 39.748510703467737 ] } },
{ "type": "Feature", "properties": { "LST_celsius": 51.2456963, "longitude": -105.00636147016404, "latitude": 39.748510765791345 }, "geometry": { "type": "Point", "coordinates": [ -105.006361470164038, 39.748510765791345 ] } },
{ "type": "Feature", "properties": { "LST_celsius": 46.85012258, "longitude": -105.00531095215996, "latitude": 39.748510818607961 }, "geometry": { "type": "Point", "coordinates": [ -105.005310952159959, 39.748510818607961 ] } },
{ "type": "Feature", "properties": { "LST_celsius": 45.903331040000012, "longitude": -105.00426043415337, "latitude": 39.748510861917588 }, "geometry": { "type": "Point", "coordinates": [ -105.004260434153366, 39.748510861917588 ] } },
{ "type": "Feature", "properties": { "LST_celsius": 45.47949656000003, "longitude": -105.00320991614475, "latitude": 39.74851089572023 }, "geometry": { "type": "Point", "coordinates": [ -105.003209916144755, 39.74851089572023 ] } },
{ "type": "Feature", "properties": { "LST_celsius": 45.472660519999977, "longitude": -105.00215939813462, "latitude": 39.748510920015882 }, "geometry": { "type": "Point", "coordinates": [ -105.002159398134623, 39.748510920015882 ] } },
{ "type": "Feature", "properties": { "LST_celsius": 46.01954372, "longitude": -105.00110888012345, "latitude": 39.748510934804521 }, "geometry": { "type": "Point", "coordinates": [ -105.001108880123454, 39.748510934804521 ] } },
{ "type": "Feature", "properties": { "LST_celsius": 46.67580356000002, "longitude": -105.00005836211176, "latitude": 39.748510940086184 }, "geometry": { "type": "Point", "coordinates": [ -105.000058362111758, 39.748510940086184 ] } },
{ "type": "Feature", "properties": { "LST_celsius": 46.515156620000027, "longitude": -104.99900784410003, "latitude": 39.748510935860864 }, "geometry": { "type": "Point", "coordinates": [ -104.999007844100035, 39.748510935860864 ] } },
{ "type": "Feature", "properties": { "LST_celsius": 46.89455684000001, "longitude": -104.99795732608879, "latitude": 39.748510922128538 }, "geometry": { "type": "Point", "coordinates": [ -104.997957326088795, 39.748510922128538 ] } },
{ "type": "Feature", "properties": { "LST_celsius": 45.277833380000061, "longitude": -104.99690680807852, "latitude": 39.748510898889215 }, "geometry": { "type": "Point", "coordinates": [ -104.996906808078521, 39.748510898889215 ] } },
{ "type": "Feature", "properties": { "LST_celsius": 43.910625380000056, "longitude": -104.99585629006971, "latitude": 39.748510866142922 }, "geometry": { "type": "Point", "coordinates": [ -104.99585629006971, 39.748510866142922 ] } },
{ "type": "Feature", "properties": { "LST_celsius": 43.893535280000037, "longitude": -104.99480577206288, "latitude": 39.748510823889625 }, "geometry": { "type": "Point", "coordinates": [ -104.994805772062875, 39.748510823889625 ] } },
{ "type": "Feature", "properties": { "LST_celsius": 45.3667019, "longitude": -104.9937552540585, "latitude": 39.748510772129336 }, "geometry": { "type": "Point", "coordinates": [ -104.993755254058499, 39.748510772129336 ] } },
{ "type": "Feature", "properties": { "LST_celsius": 45.698249840000017, "longitude": -104.99270473605706, "latitude": 39.748510710862057 }, "geometry": { "type": "Point", "coordinates": [ -104.992704736057064, 39.748510710862057 ] } },
{ "type": "Feature", "properties": { "LST_celsius": 46.368181760000027, "longitude": -104.99165421805913, "latitude": 39.74851064008778 }, "geometry": { "type": "Point", "coordinates": [ -104.991654218059125, 39.74851064008778 ] } },
{ "type": "Feature", "properties": { "LST_celsius": 44.368640060000018, "longitude": -104.99060370006512, "latitude": 39.748510559806533 }, "geometry": { "type": "Point", "coordinates": [ -104.990603700065122, 39.748510559806533 ] } },
{ "type": "Feature", "properties": { "LST_celsius": 44.949703460000023, "longitude": -104.98955318207558, "latitude": 39.748510470018282 }, "geometry": { "type": "Point", "coordinates": [ -104.989553182075582, 39.748510470018282 ] } },
{ "type": "Feature", "properties": { "LST_celsius": 44.002911920000031, "longitude": -104.988502664091, "latitude": 39.748510370723039 }, "geometry": { "type": "Point", "coordinates": [ -104.988502664091001, 39.748510370723039 ] } },
{ "type": "Feature", "properties": { "LST_celsius": 45.517094779999979, "longitude": -104.98745214611186, "latitude": 39.748510261920799 }, "geometry": { "type": "Point", "coordinates": [ -104.987452146111863, 39.748510261920799 ] } },
{ "type": "Feature", "properties": { "LST_celsius": 47.12014616, "longitude": -104.98640162813869, "latitude": 39.748510143611568 }, "geometry": { "type": "Point", "coordinates": [ -104.986401628138694, 39.748510143611568 ] } },
{ "type": "Feature", "properties": { "LST_celsius": 47.75589788000002, "longitude": -104.98535111017196, "latitude": 39.748510015795347 }, "geometry": { "type": "Point", "coordinates": [ -104.985351110171962, 39.748510015795347 ] } },
{ "type": "Feature", "properties": { "LST_celsius": 46.040051840000046, "longitude": -104.98430059221219, "latitude": 39.748509878472149 }, "geometry": { "type": "Point", "coordinates": [ -104.984300592212193, 39.748509878472149 ] } },
{ "type": "Feature", "properties": { "LST_celsius": 44.4951068, "longitude": -104.98325007425987, "latitude": 39.748509731641953 }, "geometry": { "type": "Point", "coordinates": [ -104.983250074259871, 39.748509731641953 ] } },
{ "type": "Feature", "properties": { "LST_celsius": 44.023420040000019, "longitude": -104.98219955631549, "latitude": 39.748509575304773 }, "geometry": { "type": "Point", "coordinates": [ -104.982199556315493, 39.748509575304773 ] } },
{ "type": "Feature", "properties": { "LST_celsius": 47.69437352, "longitude": -105.00881264438864, "latitude": 39.748240299733574 }, "geometry": { "type": "Point", "coordinates": [ -105.008812644388641, 39.748240299733574 ] } },
{ "type": "Feature", "properties": { "LST_celsius": 51.102139459999989, "longitude": -105.00776213049768, "latitude": 39.748240374732461 }, "geometry": { "type": "Point", "coordinates": [ -105.007762130497682, 39.748240374732461 ] } },
{ "type": "Feature", "properties": { "LST_celsius": 53.064082940000048, "longitude": -105.00671161660306, "latitude": 39.74824044022445 }, "geometry": { "type": "Point", "coordinates": [ -105.006711616603056, 39.74824044022445 ] } },
{ "type": "Feature", "properties": { "LST_celsius": 47.3662436, "longitude": -105.00566110270523, "latitude": 39.748240496209533 }, "geometry": { "type": "Point", "coordinates": [ -105.005661102705233, 39.748240496209533 ] } },
{ "type": "Feature", "properties": { "LST_celsius": 45.6572336, "longitude": -105.00461058880475, "latitude": 39.748240542687711 }, "geometry": { "type": "Point", "coordinates": [ -105.004610588804752, 39.748240542687711 ] } },
{ "type": "Feature", "properties": { "LST_celsius": 45.527348840000059, "longitude": -105.00356007490205, "latitude": 39.74824057965899 }, "geometry": { "type": "Point", "coordinates": [ -105.003560074902055, 39.74824057965899 ] } },
{ "type": "Feature", "properties": { "LST_celsius": 45.414554179999982, "longitude": -105.00250956099768, "latitude": 39.748240607123371 }, "geometry": { "type": "Point", "coordinates": [ -105.00250956099768, 39.748240607123371 ] } },
{ "type": "Feature", "properties": { "LST_celsius": 45.206054960000017, "longitude": -105.00145904709211, "latitude": 39.748240625080854 }, "geometry": { "type": "Point", "coordinates": [ -105.001459047092112, 39.748240625080854 ] } },
{ "type": "Feature", "properties": { "LST_celsius": 46.552754840000034, "longitude": -105.00040853318583, "latitude": 39.748240633531431 }, "geometry": { "type": "Point", "coordinates": [ -105.000408533185833, 39.748240633531431 ] } },
{ "type": "Feature", "properties": { "LST_celsius": 46.258805120000034, "longitude": -104.9993580192794, "latitude": 39.74824063247511 }, "geometry": { "type": "Point", "coordinates": [ -104.999358019279398, 39.74824063247511 ] } },
{ "type": "Feature", "properties": { "LST_celsius": 46.8706307, "longitude": -104.99830750537323, "latitude": 39.748240621911876 }, "geometry": { "type": "Point", "coordinates": [ -104.998307505373234, 39.748240621911876 ] } },
{ "type": "Feature", "properties": { "LST_celsius": 46.381853840000019, "longitude": -104.99725699146789, "latitude": 39.748240601841758 }, "geometry": { "type": "Point", "coordinates": [ -104.997256991467893, 39.748240601841758 ] } },
{ "type": "Feature", "properties": { "LST_celsius": 44.7343682, "longitude": -104.99620647756385, "latitude": 39.748240572264734 }, "geometry": { "type": "Point", "coordinates": [ -104.996206477563845, 39.748240572264734 ] } },
{ "type": "Feature", "properties": { "LST_celsius": 43.767068540000025, "longitude": -104.9951559636616, "latitude": 39.748240533180805 }, "geometry": { "type": "Point", "coordinates": [ -104.995155963661603, 39.748240533180805 ] } },
{ "type": "Feature", "properties": { "LST_celsius": 44.9052692, "longitude": -104.99410544976165, "latitude": 39.748240484589978 }, "geometry": { "type": "Point", "coordinates": [ -104.994105449761648, 39.748240484589978 ] } },
{ "type": "Feature", "properties": { "LST_celsius": 46.60744316, "longitude": -104.99305493586449, "latitude": 39.748240426492259 }, "geometry": { "type": "Point", "coordinates": [ -104.993054935864492, 39.748240426492259 ] } },
{ "type": "Feature", "properties": { "LST_celsius": 46.00587164000001, "longitude": -104.99200442197065, "latitude": 39.748240358887621 }, "geometry": { "type": "Point", "coordinates": [ -104.992004421970648, 39.748240358887621 ] } },
{ "type": "Feature", "properties": { "LST_celsius": 43.319307920000028, "longitude": -104.99095390808057, "latitude": 39.748240281776091 }, "geometry": { "type": "Point", "coordinates": [ -104.99095390808057, 39.748240281776091 ] } },
{ "type": "Feature", "properties": { "LST_celsius": 43.9994939, "longitude": -104.9899033941948, "latitude": 39.748240195157663 }, "geometry": { "type": "Point", "coordinates": [ -104.989903394194798, 39.748240195157663 ] } },
{ "type": "Feature", "properties": { "LST_celsius": 44.026838060000046, "longitude": -104.98885288031383, "latitude": 39.748240099032337 }, "geometry": { "type": "Point", "coordinates": [ -104.988852880313829, 39.748240099032337 ] } },
{ "type": "Feature", "properties": { "LST_celsius": 44.098616480000032, "longitude": -104.98780236643812, "latitude": 39.748239993400105 }, "geometry": { "type": "Point", "coordinates": [ -104.987802366438117, 39.748239993400105 ] } },
{ "type": "Feature", "properties": { "LST_celsius": 46.487812459999986, "longitude": -104.98675185256822, "latitude": 39.748239878260968 }, "geometry": { "type": "Point", "coordinates": [ -104.986751852568219, 39.748239878260968 ] } },
{ "type": "Feature", "properties": { "LST_celsius": 47.762733920000016, "longitude": -104.9857013387046, "latitude": 39.748239753614946 }, "geometry": { "type": "Point", "coordinates": [ -104.985701338704601, 39.748239753614946 ] } },
{ "type": "Feature", "properties": { "LST_celsius": 46.751, "longitude": -104.98465082484776, "latitude": 39.748239619462012 }, "geometry": { "type": "Point", "coordinates": [ -104.984650824847762, 39.748239619462012 ] } },
{ "type": "Feature", "properties": { "LST_celsius": 44.471180660000016, "longitude": -104.98360031099821, "latitude": 39.748239475802187 }, "geometry": { "type": "Point", "coordinates": [ -104.983600310998213, 39.748239475802187 ] } },
{ "type": "Feature", "properties": { "LST_celsius": 42.533163320000028, "longitude": -104.98254979715642, "latitude": 39.748239322635456 }, "geometry": { "type": "Point", "coordinates": [ -104.982549797156423, 39.748239322635456 ] } },
{ "type": "Feature", "properties": { "LST_celsius": 47.814004220000015, "longitude": -105.0091627798778, "latitude": 39.74796996676158 }, "geometry": { "type": "Point", "coordinates": [ -105.009162779877798, 39.74796996676158 ] } },
{ "type": "Feature", "properties": { "LST_celsius": 48.258346820000042, "longitude": -105.00811227009343, "latitude": 39.747970044928678 }, "geometry": { "type": "Point", "coordinates": [ -105.008112270093434, 39.747970044928678 ] } },
{ "type": "Feature", "properties": { "LST_celsius": 52.657338560000028, "longitude": -105.00706176030522, "latitude": 39.747970113588977 }, "geometry": { "type": "Point", "coordinates": [ -105.00706176030522, 39.747970113588977 ] } },
{ "type": "Feature", "properties": { "LST_celsius": 48.14897018, "longitude": -105.00601125051367, "latitude": 39.747970172742477 }, "geometry": { "type": "Point", "coordinates": [ -105.006011250513666, 39.747970172742477 ] } },
{ "type": "Feature", "properties": { "LST_celsius": 45.359865860000014, "longitude": -105.00496074071926, "latitude": 39.747970222389142 }, "geometry": { "type": "Point", "coordinates": [ -105.004960740719255, 39.747970222389142 ] } },
{ "type": "Feature", "properties": { "LST_celsius": 44.823236720000011, "longitude": -105.00391023092249, "latitude": 39.747970262529002 }, "geometry": { "type": "Point", "coordinates": [ -105.003910230922486, 39.747970262529002 ] } },
{ "type": "Feature", "properties": { "LST_celsius": 45.25048922000002, "longitude": -105.00285972112388, "latitude": 39.747970293162062 }, "geometry": { "type": "Point", "coordinates": [ -105.002859721123883, 39.747970293162062 ] } },
{ "type": "Feature", "properties": { "LST_celsius": 44.90185118, "longitude": -105.0018092113239, "latitude": 39.74797031428831 }, "geometry": { "type": "Point", "coordinates": [ -105.001809211323902, 39.74797031428831 ] } },
{ "type": "Feature", "properties": { "LST_celsius": 45.790536380000049, "longitude": -105.00075870152307, "latitude": 39.747970325907737 }, "geometry": { "type": "Point", "coordinates": [ -105.000758701523068, 39.747970325907737 ] } },
{ "type": "Feature", "properties": { "LST_celsius": 46.197280760000012, "longitude": -104.99970819172188, "latitude": 39.747970328020365 }, "geometry": { "type": "Point", "coordinates": [ -104.999708191721879, 39.747970328020365 ] } },
{ "type": "Feature", "properties": { "LST_celsius": 45.633307460000026, "longitude": -104.99865768192082, "latitude": 39.747970320626187 }, "geometry": { "type": "Point", "coordinates": [ -104.998657681920818, 39.747970320626187 ] } },
{ "type": "Feature", "properties": { "LST_celsius": 46.37159978, "longitude": -104.99760717212041, "latitude": 39.747970303725182 }, "geometry": { "type": "Point", "coordinates": [ -104.997607172120411, 39.747970303725182 ] } },
{ "type": "Feature", "properties": { "LST_celsius": 45.0590801, "longitude": -104.99655666232113, "latitude": 39.747970277317378 }, "geometry": { "type": "Point", "coordinates": [ -104.996556662321126, 39.747970277317378 ] } },
{ "type": "Feature", "properties": { "LST_celsius": 44.5121969, "longitude": -104.99550615252348, "latitude": 39.747970241402761 }, "geometry": { "type": "Point", "coordinates": [ -104.995506152523475, 39.747970241402761 ] } },
{ "type": "Feature", "properties": { "LST_celsius": 43.832010920000016, "longitude": -104.99445564272796, "latitude": 39.747970195981338 }, "geometry": { "type": "Point", "coordinates": [ -104.994455642727957, 39.747970195981338 ] } },
{ "type": "Feature", "properties": { "LST_celsius": 46.142592440000044, "longitude": -104.99340513293507, "latitude": 39.747970141053109 }, "geometry": { "type": "Point", "coordinates": [ -104.993405132935067, 39.747970141053109 ] } },
{ "type": "Feature", "properties": { "LST_celsius": 46.436542160000045, "longitude": -104.9923546231453, "latitude": 39.747970076618053 }, "geometry": { "type": "Point", "coordinates": [ -104.992354623145303, 39.747970076618053 ] } },
{ "type": "Feature", "properties": { "LST_celsius": 43.18600514000002, "longitude": -104.99130411335918, "latitude": 39.74797000267619 }, "geometry": { "type": "Point", "coordinates": [ -104.991304113359178, 39.74797000267619 ] } },
{ "type": "Feature", "properties": { "LST_celsius": 42.0170423, "longitude": -104.99025360357717, "latitude": 39.747969919227536 }, "geometry": { "type": "Point", "coordinates": [ -104.990253603577173, 39.747969919227536 ] } },
{ "type": "Feature", "properties": { "LST_celsius": 44.047346179999977, "longitude": -104.9892030937998, "latitude": 39.747969826272048 }, "geometry": { "type": "Point", "coordinates": [ -104.989203093799802, 39.747969826272048 ] } },
{ "type": "Feature", "properties": { "LST_celsius": 43.944805579999979, "longitude": -104.98815258402753, "latitude": 39.74796972380976 }, "geometry": { "type": "Point", "coordinates": [ -104.988152584027532, 39.74796972380976 ] } },
{ "type": "Feature", "properties": { "LST_celsius": 46.1699366, "longitude": -104.98710207426089, "latitude": 39.747969611840666 }, "geometry": { "type": "Point", "coordinates": [ -104.987102074260889, 39.747969611840666 ] } },
{ "type": "Feature", "properties": { "LST_celsius": 47.59183292, "longitude": -104.98605156450037, "latitude": 39.74796949036476 }, "geometry": { "type": "Point", "coordinates": [ -104.986051564500372, 39.74796949036476 ] } },
{ "type": "Feature", "properties": { "LST_celsius": 47.499546380000027, "longitude": -104.98500105474646, "latitude": 39.74796935938204 }, "geometry": { "type": "Point", "coordinates": [ -104.985001054746462, 39.74796935938204 ] } },
{ "type": "Feature", "properties": { "LST_celsius": 45.575201120000031, "longitude": -104.98395054499967, "latitude": 39.747969218892528 }, "geometry": { "type": "Point", "coordinates": [ -104.983950544999672, 39.747969218892528 ] } },
{ "type": "Feature", "properties": { "LST_celsius": 42.806604920000041, "longitude": -104.98290003526051, "latitude": 39.747969068896197 }, "geometry": { "type": "Point", "coordinates": [ -104.982900035260514, 39.747969068896197 ] } },
{ "type": "Feature", "properties": { "LST_celsius": 42.8031869, "longitude": -104.98184952552944, "latitude": 39.747968909393045 }, "geometry": { "type": "Point", "coordinates": [ -104.981849525529441, 39.747968909393045 ] } },
{ "type": "Feature", "properties": { "LST_celsius": 46.737327919999984, "longitude": -105.00846240695236, "latitude": 39.747699714056445 }, "geometry": { "type": "Point", "coordinates": [ -105.008462406952361, 39.747699714056445 ] } },
{ "type": "Feature", "properties": { "LST_celsius": 50.48005982000001, "longitude": -105.00741190127059, "latitude": 39.747699785884983 }, "geometry": { "type": "Point", "coordinates": [ -105.007411901270586, 39.747699785884983 ] } },
{ "type": "Feature", "properties": { "LST_celsius": 48.78130388, "longitude": -105.00636139558529, "latitude": 39.747699848206821 }, "geometry": { "type": "Point", "coordinates": [ -105.006361395585287, 39.747699848206821 ] } },
{ "type": "Feature", "properties": { "LST_celsius": 44.97704762000001, "longitude": -105.00531088989696, "latitude": 39.747699901021925 }, "geometry": { "type": "Point", "coordinates": [ -105.005310889896961, 39.747699901021925 ] } },
{ "type": "Feature", "properties": { "LST_celsius": 44.0678543, "longitude": -105.00426038420613, "latitude": 39.747699944330314 }, "geometry": { "type": "Point", "coordinates": [ -105.004260384206134, 39.747699944330314 ] } },
{ "type": "Feature", "properties": { "LST_celsius": 44.79931058, "longitude": -105.00320987851327, "latitude": 39.747699978131983 }, "geometry": { "type": "Point", "coordinates": [ -105.003209878513275, 39.747699978131983 ] } },
{ "type": "Feature", "properties": { "LST_celsius": 44.214829160000022, "longitude": -105.00215937281889, "latitude": 39.747700002426939 }, "geometry": { "type": "Point", "coordinates": [ -105.002159372818895, 39.747700002426939 ] } },
{ "type": "Feature", "properties": { "LST_celsius": 43.568823380000026, "longitude": -105.00110886712348, "latitude": 39.747700017215173 }, "geometry": { "type": "Point", "coordinates": [ -105.001108867123477, 39.747700017215173 ] } },
{ "type": "Feature", "properties": { "LST_celsius": 46.087904120000019, "longitude": -105.00005836142756, "latitude": 39.747700022496673 }, "geometry": { "type": "Point", "coordinates": [ -105.000058361427563, 39.747700022496673 ] } },
{ "type": "Feature", "properties": { "LST_celsius": 44.58739334000001, "longitude": -104.99900785573159, "latitude": 39.747700018271473 }, "geometry": { "type": "Point", "coordinates": [ -104.999007855731591, 39.747700018271473 ] } },
{ "type": "Feature", "properties": { "LST_celsius": 44.19773906, "longitude": -104.9979573500361, "latitude": 39.747700004539539 }, "geometry": { "type": "Point", "coordinates": [ -104.997957350036103, 39.747700004539539 ] } },
{ "type": "Feature", "properties": { "LST_celsius": 44.87450702000001, "longitude": -104.99690684434158, "latitude": 39.74769998130089 }, "geometry": { "type": "Point", "coordinates": [ -104.996906844341581, 39.74769998130089 ] } },
{ "type": "Feature", "properties": { "LST_celsius": 45.414554179999982, "longitude": -104.99585633864854, "latitude": 39.747699948555521 }, "geometry": { "type": "Point", "coordinates": [ -104.995856338648537, 39.747699948555521 ] } },
{ "type": "Feature", "properties": { "LST_celsius": 43.5893315, "longitude": -104.99480583295745, "latitude": 39.747699906303431 }, "geometry": { "type": "Point", "coordinates": [ -104.994805832957454, 39.747699906303431 ] } },
{ "type": "Feature", "properties": { "LST_celsius": 44.419910360000017, "longitude": -104.99375532726883, "latitude": 39.747699854544635 }, "geometry": { "type": "Point", "coordinates": [ -104.993755327268829, 39.747699854544635 ] } },
{ "type": "Feature", "properties": { "LST_celsius": 46.238297, "longitude": -104.99270482158316, "latitude": 39.747699793279097 }, "geometry": { "type": "Point", "coordinates": [ -104.99270482158316, 39.747699793279097 ] } },
{ "type": "Feature", "properties": { "LST_celsius": 44.00632994, "longitude": -104.99165431590097, "latitude": 39.747699722506859 }, "geometry": { "type": "Point", "coordinates": [ -104.991654315900973, 39.747699722506859 ] } },
{ "type": "Feature", "properties": { "LST_celsius": 40.543875680000042, "longitude": -104.99060381022274, "latitude": 39.747699642227893 }, "geometry": { "type": "Point", "coordinates": [ -104.990603810222737, 39.747699642227893 ] } },
{ "type": "Feature", "properties": { "LST_celsius": 43.4867909, "longitude": -104.98955330454895, "latitude": 39.747699552442214 }, "geometry": { "type": "Point", "coordinates": [ -104.989553304548949, 39.747699552442214 ] } },
{ "type": "Feature", "properties": { "LST_celsius": 44.187485, "longitude": -104.98850279888012, "latitude": 39.747699453149806 }, "geometry": { "type": "Point", "coordinates": [ -104.98850279888012, 39.747699453149806 ] } },
{ "type": "Feature", "properties": { "LST_celsius": 46.176772640000024, "longitude": -104.98745229321675, "latitude": 39.747699344350679 }, "geometry": { "type": "Point", "coordinates": [ -104.987452293216748, 39.747699344350679 ] } },
{ "type": "Feature", "properties": { "LST_celsius": 47.574742819999983, "longitude": -104.98640178755933, "latitude": 39.747699226044837 }, "geometry": { "type": "Point", "coordinates": [ -104.986401787559331, 39.747699226044837 ] } },
{ "type": "Feature", "properties": { "LST_celsius": 48.01908542000001, "longitude": -104.98535128190836, "latitude": 39.747699098232282 }, "geometry": { "type": "Point", "coordinates": [ -104.985351281908365, 39.747699098232282 ] } },
{ "type": "Feature", "properties": { "LST_celsius": 46.952663180000059, "longitude": -104.98430077626435, "latitude": 39.747698960913006 }, "geometry": { "type": "Point", "coordinates": [ -104.984300776264348, 39.747698960913006 ] } },
{ "type": "Feature", "properties": { "LST_celsius": 44.228501240000014, "longitude": -104.98325027062778, "latitude": 39.747698814087009 }, "geometry": { "type": "Point", "coordinates": [ -104.983250270627778, 39.747698814087009 ] } },
{ "type": "Feature", "properties": { "LST_celsius": 42.77242472, "longitude": -104.98219976499914, "latitude": 39.747698657754299 }, "geometry": { "type": "Point", "coordinates": [ -104.982199764999137, 39.747698657754299 ] } },
{ "type": "Feature", "properties": { "LST_celsius": 46.829614460000016, "longitude": -105.00881254107452, "latitude": 39.747429382115754 }, "geometry": { "type": "Point", "coordinates": [ -105.008812541074519, 39.747429382115754 ] } },
{ "type": "Feature", "properties": { "LST_celsius": 47.88578264, "longitude": -105.00776203949916, "latitude": 39.747429457112496 }, "geometry": { "type": "Point", "coordinates": [ -105.007762039499156, 39.747429457112496 ] } },
{ "type": "Feature", "properties": { "LST_celsius": 48.0669377, "longitude": -105.00671153792013, "latitude": 39.747429522602602 }, "geometry": { "type": "Point", "coordinates": [ -105.006711537920125, 39.747429522602602 ] } },
{ "type": "Feature", "properties": { "LST_celsius": 45.04882604, "longitude": -105.00566103633788, "latitude": 39.747429578586093 }, "geometry": { "type": "Point", "coordinates": [ -105.005661036337884, 39.747429578586093 ] } },
{ "type": "Feature", "properties": { "LST_celsius": 43.910625380000056, "longitude": -105.00461053475297, "latitude": 39.747429625062935 }, "geometry": { "type": "Point", "coordinates": [ -105.00461053475297, 39.747429625062935 ] } },
{ "type": "Feature", "properties": { "LST_celsius": 44.450672540000028, "longitude": -105.00356003316588, "latitude": 39.747429662033163 }, "geometry": { "type": "Point", "coordinates": [ -105.003560033165883, 39.747429662033163 ] } },
{ "type": "Feature", "properties": { "LST_celsius": 44.245591340000033, "longitude": -105.00250953157709, "latitude": 39.747429689496748 }, "geometry": { "type": "Point", "coordinates": [ -105.00250953157709, 39.747429689496748 ] } },
{ "type": "Feature", "properties": { "LST_celsius": 43.343234059999986, "longitude": -105.00145902998712, "latitude": 39.747429707453733 }, "geometry": { "type": "Point", "coordinates": [ -105.001459029987117, 39.747429707453733 ] } },
{ "type": "Feature", "properties": { "LST_celsius": 44.61131948000002, "longitude": -105.00040852839645, "latitude": 39.747429715904069 }, "geometry": { "type": "Point", "coordinates": [ -105.000408528396449, 39.747429715904069 ] } },
{ "type": "Feature", "properties": { "LST_celsius": 44.867670980000014, "longitude": -104.9993580268056, "latitude": 39.747429714847776 }, "geometry": { "type": "Point", "coordinates": [ -104.999358026805595, 39.747429714847776 ] } },
{ "type": "Feature", "properties": { "LST_celsius": 43.162079, "longitude": -104.99830752521503, "latitude": 39.747429704284848 }, "geometry": { "type": "Point", "coordinates": [ -104.998307525215026, 39.747429704284848 ] } },
{ "type": "Feature", "properties": { "LST_celsius": 44.2558454, "longitude": -104.99725702362527, "latitude": 39.747429684215298 }, "geometry": { "type": "Point", "coordinates": [ -104.997257023625266, 39.747429684215298 ] } },
{ "type": "Feature", "properties": { "LST_celsius": 45.380373980000059, "longitude": -104.99620652203681, "latitude": 39.74742965463912 }, "geometry": { "type": "Point", "coordinates": [ -104.996206522036815, 39.74742965463912 ] } },
{ "type": "Feature", "properties": { "LST_celsius": 44.98730168000003, "longitude": -104.99515602045015, "latitude": 39.747429615556314 }, "geometry": { "type": "Point", "coordinates": [ -104.995156020450153, 39.747429615556314 ] } },
{ "type": "Feature", "properties": { "LST_celsius": 43.47653684, "longitude": -104.99410551886579, "latitude": 39.747429566966879 }, "geometry": { "type": "Point", "coordinates": [ -104.994105518865794, 39.747429566966879 ] } },
{ "type": "Feature", "properties": { "LST_celsius": 45.98878154, "longitude": -104.99305501728425, "latitude": 39.747429508870809 }, "geometry": { "type": "Point", "coordinates": [ -104.993055017284249, 39.747429508870809 ] } },
{ "type": "Feature", "properties": { "LST_celsius": 44.44725452, "longitude": -104.99200451570599, "latitude": 39.747429441268118 }, "geometry": { "type": "Point", "coordinates": [ -104.992004515705986, 39.747429441268118 ] } },
{ "type": "Feature", "properties": { "LST_celsius": 40.540457660000015, "longitude": -104.9909540141315, "latitude": 39.747429364158791 }, "geometry": { "type": "Point", "coordinates": [ -104.990954014131503, 39.747429364158791 ] } },
{ "type": "Feature", "properties": { "LST_celsius": 43.278291680000052, "longitude": -104.98990351256131, "latitude": 39.747429277542835 }, "geometry": { "type": "Point", "coordinates": [ -104.989903512561312, 39.747429277542835 ] } },
{ "type": "Feature", "properties": { "LST_celsius": 44.703606020000052, "longitude": -104.98885301099592, "latitude": 39.747429181420259 }, "geometry": { "type": "Point", "coordinates": [ -104.988853010995925, 39.747429181420259 ] } },
{ "type": "Feature", "properties": { "LST_celsius": 46.668967520000024, "longitude": -104.98780250943582, "latitude": 39.747429075791047 }, "geometry": { "type": "Point", "coordinates": [ -104.987802509435824, 39.747429075791047 ] } },
{ "type": "Feature", "properties": { "LST_celsius": 48.4258298, "longitude": -104.98675200788151, "latitude": 39.747428960655213 }, "geometry": { "type": "Point", "coordinates": [ -104.986752007881506, 39.747428960655213 ] } },
{ "type": "Feature", "properties": { "LST_celsius": 48.401903660000016, "longitude": -104.98570150633347, "latitude": 39.747428836012745 }, "geometry": { "type": "Point", "coordinates": [ -104.98570150633347, 39.747428836012745 ] } },
{ "type": "Feature", "properties": { "LST_celsius": 47.598668960000055, "longitude": -104.98465100479223, "latitude": 39.747428701863655 }, "geometry": { "type": "Point", "coordinates": [ -104.984651004792227, 39.747428701863655 ] } },
{ "type": "Feature", "properties": { "LST_celsius": 45.394046060000051, "longitude": -104.98360050325826, "latitude": 39.747428558207929 }, "geometry": { "type": "Point", "coordinates": [ -104.983600503258259, 39.747428558207929 ] } },
{ "type": "Feature", "properties": { "LST_celsius": 43.804666760000032, "longitude": -104.98255000173206, "latitude": 39.747428405045589 }, "geometry": { "type": "Point", "coordinates": [ -104.982550001732065, 39.747428405045589 ] } },
{ "type": "Feature", "properties": { "LST_celsius": 47.63626718, "longitude": -105.00916267245992, "latitude": 39.747159049106656 }, "geometry": { "type": "Point", "coordinates": [ -105.009162672459922, 39.747159049106656 ] } },
{ "type": "Feature", "properties": { "LST_celsius": 46.610861180000029, "longitude": -105.00811217499098, "latitude": 39.747159127271523 }, "geometry": { "type": "Point", "coordinates": [ -105.008112174990984, 39.747159127271523 ] } },
{ "type": "Feature", "properties": { "LST_celsius": 47.2978832, "longitude": -105.00706167751819, "latitude": 39.747159195929861 }, "geometry": { "type": "Point", "coordinates": [ -105.007061677518195, 39.747159195929861 ] } },
{ "type": "Feature", "properties": { "LST_celsius": 46.31349344, "longitude": -105.00601118004207, "latitude": 39.747159255081655 }, "geometry": { "type": "Point", "coordinates": [ -105.006011180042066, 39.747159255081655 ] } },
{ "type": "Feature", "properties": { "LST_celsius": 43.65427388000001, "longitude": -105.00496068256308, "latitude": 39.747159304726914 }, "geometry": { "type": "Point", "coordinates": [ -105.00496068256308, 39.747159304726914 ] } },
{ "type": "Feature", "properties": { "LST_celsius": 43.64743784000001, "longitude": -105.00391018508174, "latitude": 39.747159344865629 }, "geometry": { "type": "Point", "coordinates": [ -105.003910185081736, 39.747159344865629 ] } },
{ "type": "Feature", "properties": { "LST_celsius": 44.556631160000052, "longitude": -105.00285968759856, "latitude": 39.747159375497809 }, "geometry": { "type": "Point", "coordinates": [ -105.002859687598558, 39.747159375497809 ] } },
{ "type": "Feature", "properties": { "LST_celsius": 42.611777780000011, "longitude": -105.001809190114, "latitude": 39.747159396623452 }, "geometry": { "type": "Point", "coordinates": [ -105.001809190114002, 39.747159396623452 ] } },
{ "type": "Feature", "properties": { "LST_celsius": 43.33298, "longitude": -105.00075869262859, "latitude": 39.747159408242553 }, "geometry": { "type": "Point", "coordinates": [ -105.000758692628594, 39.747159408242553 ] } },
{ "type": "Feature", "properties": { "LST_celsius": 44.160140840000054, "longitude": -104.99970819514283, "latitude": 39.747159410355117 }, "geometry": { "type": "Point", "coordinates": [ -104.99970819514283, 39.747159410355117 ] } },
{ "type": "Feature", "properties": { "LST_celsius": 43.650855859999979, "longitude": -104.99865769765721, "latitude": 39.747159402961138 }, "geometry": { "type": "Point", "coordinates": [ -104.998657697657208, 39.747159402961138 ] } },
{ "type": "Feature", "properties": { "LST_celsius": 43.343234059999986, "longitude": -104.99760720017221, "latitude": 39.74715938606063 }, "geometry": { "type": "Point", "coordinates": [ -104.997607200172212, 39.74715938606063 ] } },
{ "type": "Feature", "properties": { "LST_celsius": 45.3667019, "longitude": -104.99655670268835, "latitude": 39.74715935965358 }, "geometry": { "type": "Point", "coordinates": [ -104.996556702688352, 39.74715935965358 ] } },
{ "type": "Feature", "properties": { "LST_celsius": 46.84328654000001, "longitude": -104.99550620520613, "latitude": 39.747159323739993 }, "geometry": { "type": "Point", "coordinates": [ -104.995506205206127, 39.747159323739993 ] } },
{ "type": "Feature", "properties": { "LST_celsius": 44.4096563000001, "longitude": -104.99445570772603, "latitude": 39.747159278319856 }, "geometry": { "type": "Point", "coordinates": [ -104.994455707726033, 39.747159278319856 ] } },
{ "type": "Feature", "properties": { "LST_celsius": 46.248551060000011, "longitude": -104.99340521024857, "latitude": 39.747159223393197 }, "geometry": { "type": "Point", "coordinates": [ -104.993405210248568, 39.747159223393197 ] } },
{ "type": "Feature", "properties": { "LST_celsius": 44.7685484, "longitude": -104.99235471277424, "latitude": 39.747159158959988 }, "geometry": { "type": "Point", "coordinates": [ -104.992354712774244, 39.747159158959988 ] } },
{ "type": "Feature", "properties": { "LST_celsius": 41.548773560000029, "longitude": -104.99130421530354, "latitude": 39.747159085020243 }, "geometry": { "type": "Point", "coordinates": [ -104.991304215303543, 39.747159085020243 ] } },
{ "type": "Feature", "properties": { "LST_celsius": 42.762170660000038, "longitude": -104.99025371783695, "latitude": 39.747159001573969 }, "geometry": { "type": "Point", "coordinates": [ -104.99025371783695, 39.747159001573969 ] } },
{ "type": "Feature", "properties": { "LST_celsius": 45.6572336, "longitude": -104.989203220375, "latitude": 39.747158908621152 }, "geometry": { "type": "Point", "coordinates": [ -104.989203220375003, 39.747158908621152 ] } },
{ "type": "Feature", "properties": { "LST_celsius": 46.867212680000023, "longitude": -104.98815272291816, "latitude": 39.747158806161799 }, "geometry": { "type": "Point", "coordinates": [ -104.988152722918159, 39.747158806161799 ] } },
{ "type": "Feature", "properties": { "LST_celsius": 48.948786860000041, "longitude": -104.98710222546694, "latitude": 39.747158694195903 }, "geometry": { "type": "Point", "coordinates": [ -104.987102225466941, 39.747158694195903 ] } },
{ "type": "Feature", "properties": { "LST_celsius": 49.256408660000034, "longitude": -104.98605172802185, "latitude": 39.747158572723471 }, "geometry": { "type": "Point", "coordinates": [ -104.986051728021849, 39.747158572723471 ] } },
{ "type": "Feature", "properties": { "LST_celsius": 47.800332140000023, "longitude": -104.98500123058336, "latitude": 39.747158441744496 }, "geometry": { "type": "Point", "coordinates": [ -104.985001230583364, 39.747158441744496 ] } },
{ "type": "Feature", "properties": { "LST_celsius": 46.06397798, "longitude": -104.983950733152, "latitude": 39.747158301258999 }, "geometry": { "type": "Point", "coordinates": [ -104.983950733152, 39.747158301258999 ] } },
{ "type": "Feature", "properties": { "LST_celsius": 44.833490780000034, "longitude": -104.98290023572825, "latitude": 39.747158151266952 }, "geometry": { "type": "Point", "coordinates": [ -104.982900235728252, 39.747158151266952 ] } },
{ "type": "Feature", "properties": { "LST_celsius": 45.554693, "longitude": -104.9818497383126, "latitude": 39.747157991768375 }, "geometry": { "type": "Point", "coordinates": [ -104.981849738312604, 39.747157991768375 ] } },
{ "type": "Feature", "properties": { "LST_celsius": 46.9902614, "longitude": -105.00846230774611, "latitude": 39.746888796362121 }, "geometry": { "type": "Point", "coordinates": [ -105.008462307746115, 39.746888796362121 ] } },
{ "type": "Feature", "properties": { "LST_celsius": 46.40236196000001, "longitude": -105.00741181437959, "latitude": 39.74688886818862 }, "geometry": { "type": "Point", "coordinates": [ -105.007411814379594, 39.74688886818862 ] } },
{ "type": "Feature", "properties": { "LST_celsius": 46.566426920000026, "longitude": -105.00636132100955, "latitude": 39.746888930508668 }, "geometry": { "type": "Point", "coordinates": [ -105.00636132100955, 39.746888930508668 ] } },
{ "type": "Feature", "properties": { "LST_celsius": 43.46286476, "longitude": -105.00531082763648, "latitude": 39.746888983322265 }, "geometry": { "type": "Point", "coordinates": [ -105.005310827636478, 39.746888983322265 ] } },
{ "type": "Feature", "properties": { "LST_celsius": 43.47653684, "longitude": -105.00426033426091, "latitude": 39.746889026629411 }, "geometry": { "type": "Point", "coordinates": [ -105.004260334260906, 39.746889026629411 ] } },
{ "type": "Feature", "properties": { "LST_celsius": 44.26951748, "longitude": -105.00320984088331, "latitude": 39.746889060430121 }, "geometry": { "type": "Point", "coordinates": [ -105.003209840883315, 39.746889060430121 ] } },
{ "type": "Feature", "properties": { "LST_celsius": 43.695290119999981, "longitude": -105.00215934750419, "latitude": 39.746889084724373 }, "geometry": { "type": "Point", "coordinates": [ -105.00215934750419, 39.746889084724373 ] } },
{ "type": "Feature", "properties": { "LST_celsius": 42.19819736, "longitude": -105.00110885412404, "latitude": 39.746889099512181 }, "geometry": { "type": "Point", "coordinates": [ -105.001108854124041, 39.746889099512181 ] } },
{ "type": "Feature", "properties": { "LST_celsius": 43.2817097, "longitude": -105.00005836074337, "latitude": 39.746889104793546 }, "geometry": { "type": "Point", "coordinates": [ -105.000058360743367, 39.746889104793546 ] } },
{ "type": "Feature", "properties": { "LST_celsius": 43.650855859999979, "longitude": -104.99900786736266, "latitude": 39.746889100568453 }, "geometry": { "type": "Point", "coordinates": [ -104.999007867362664, 39.746889100568453 ] } },
{ "type": "Feature", "properties": { "LST_celsius": 42.748498580000046, "longitude": -104.99795737398244, "latitude": 39.746889086836923 }, "geometry": { "type": "Point", "coordinates": [ -104.997957373982445, 39.746889086836923 ] } },
{ "type": "Feature", "properties": { "LST_celsius": 44.9736296, "longitude": -104.99690688060318, "latitude": 39.746889063598935 }, "geometry": { "type": "Point", "coordinates": [ -104.996906880603177, 39.746889063598935 ] } },
{ "type": "Feature", "properties": { "LST_celsius": 47.113310120000051, "longitude": -104.99585638722539, "latitude": 39.746889030854504 }, "geometry": { "type": "Point", "coordinates": [ -104.995856387225388, 39.746889030854504 ] } },
{ "type": "Feature", "properties": { "LST_celsius": 45.923839160000057, "longitude": -104.99480589384956, "latitude": 39.746888988603615 }, "geometry": { "type": "Point", "coordinates": [ -104.994805893849559, 39.746888988603615 ] } },
{ "type": "Feature", "properties": { "LST_celsius": 46.64162336000004, "longitude": -104.9937554004762, "latitude": 39.746888936846297 }, "geometry": { "type": "Point", "coordinates": [ -104.993755400476203, 39.746888936846297 ] } },
{ "type": "Feature", "properties": { "LST_celsius": 45.54785696, "longitude": -104.9927049071058, "latitude": 39.746888875582528 }, "geometry": { "type": "Point", "coordinates": [ -104.992704907105804, 39.746888875582528 ] } },
{ "type": "Feature", "properties": { "LST_celsius": 42.76558868000001, "longitude": -104.99165441373887, "latitude": 39.746888804812293 }, "geometry": { "type": "Point", "coordinates": [ -104.991654413738871, 39.746888804812293 ] } },
{ "type": "Feature", "properties": { "LST_celsius": 41.5556096, "longitude": -104.99060392037588, "latitude": 39.74688872453563 }, "geometry": { "type": "Point", "coordinates": [ -104.990603920375875, 39.74688872453563 ] } },
{ "type": "Feature", "properties": { "LST_celsius": 46.62111524, "longitude": -104.98955342701736, "latitude": 39.746888634752516 }, "geometry": { "type": "Point", "coordinates": [ -104.989553427017356, 39.746888634752516 ] } },
{ "type": "Feature", "properties": { "LST_celsius": 47.1611624, "longitude": -104.98850293366378, "latitude": 39.746888535462951 }, "geometry": { "type": "Point", "coordinates": [ -104.988502933663781, 39.746888535462951 ] } },
{ "type": "Feature", "properties": { "LST_celsius": 48.794975959999988, "longitude": -104.98745244031566, "latitude": 39.746888426666942 }, "geometry": { "type": "Point", "coordinates": [ -104.987452440315664, 39.746888426666942 ] } },
{ "type": "Feature", "properties": { "LST_celsius": 49.5195962, "longitude": -104.9864019469735, "latitude": 39.74688830836449 }, "geometry": { "type": "Point", "coordinates": [ -104.986401946973501, 39.74688830836449 ] } },
{ "type": "Feature", "properties": { "LST_celsius": 48.1694783, "longitude": -104.9853514536378, "latitude": 39.74688818055558 }, "geometry": { "type": "Point", "coordinates": [ -104.985351453637804, 39.74688818055558 ] } },
{ "type": "Feature", "properties": { "LST_celsius": 46.829614460000016, "longitude": -104.98430096030904, "latitude": 39.746888043240233 }, "geometry": { "type": "Point", "coordinates": [ -104.984300960309042, 39.746888043240233 ] } },
{ "type": "Feature", "properties": { "LST_celsius": 45.4692425, "longitude": -104.98325046698773, "latitude": 39.746887896418436 }, "geometry": { "type": "Point", "coordinates": [ -104.983250466987727, 39.746887896418436 ] } },
{ "type": "Feature", "properties": { "LST_celsius": 45.80762648000001, "longitude": -104.98219997367435, "latitude": 39.746887740090195 }, "geometry": { "type": "Point", "coordinates": [ -104.982199973674355, 39.746887740090195 ] } },
{ "type": "Feature", "properties": { "LST_celsius": 47.3320634, "longitude": -105.00881243776456, "latitude": 39.746618464384312 }, "geometry": { "type": "Point", "coordinates": [ -105.008812437764561, 39.746618464384312 ] } },
{ "type": "Feature", "properties": { "LST_celsius": 45.927257180000026, "longitude": -105.0077619485043, "latitude": 39.7466185393789 }, "geometry": { "type": "Point", "coordinates": [ -105.007761948504296, 39.7466185393789 ] } },
{ "type": "Feature", "properties": { "LST_celsius": 46.586935040000014, "longitude": -105.00671145924035, "latitude": 39.746618604867137 }, "geometry": { "type": "Point", "coordinates": [ -105.00671145924035, 39.746618604867137 ] } },
{ "type": "Feature", "properties": { "LST_celsius": 44.228501240000014, "longitude": -105.00566096997322, "latitude": 39.746618660849016 }, "geometry": { "type": "Point", "coordinates": [ -105.005660969973221, 39.746618660849016 ] } },
{ "type": "Feature", "properties": { "LST_celsius": 43.291963760000044, "longitude": -105.00461048070341, "latitude": 39.746618707324544 }, "geometry": { "type": "Point", "coordinates": [ -105.004610480703406, 39.746618707324544 ] } },
{ "type": "Feature", "properties": { "LST_celsius": 44.0678543, "longitude": -105.0035599914314, "latitude": 39.746618744293713 }, "geometry": { "type": "Point", "coordinates": [ -105.003559991431402, 39.746618744293713 ] } },
{ "type": "Feature", "properties": { "LST_celsius": 43.661109920000058, "longitude": -105.00250950215771, "latitude": 39.746618771756523 }, "geometry": { "type": "Point", "coordinates": [ -105.002509502157707, 39.746618771756523 ] } },
{ "type": "Feature", "properties": { "LST_celsius": 42.680138180000029, "longitude": -105.00145901288282, "latitude": 39.746618789712976 }, "geometry": { "type": "Point", "coordinates": [ -105.001459012882819, 39.746618789712976 ] } },
{ "type": "Feature", "properties": { "LST_celsius": 42.7348265000001, "longitude": -105.00040852360725, "latitude": 39.74661879816307 }, "geometry": { "type": "Point", "coordinates": [ -105.000408523607248, 39.74661879816307 ] } },
{ "type": "Feature", "properties": { "LST_celsius": 43.835428940000043, "longitude": -104.99935803433146, "latitude": 39.746618797106805 }, "geometry": { "type": "Point", "coordinates": [ -104.999358034331465, 39.746618797106805 ] } },
{ "type": "Feature", "properties": { "LST_celsius": 43.722634280000022, "longitude": -104.99830754505601, "latitude": 39.74661878654419 }, "geometry": { "type": "Point", "coordinates": [ -104.998307545056008, 39.74661878654419 ] } },
{ "type": "Feature", "properties": { "LST_celsius": 44.5121969, "longitude": -104.99725705578135, "latitude": 39.746618766475216 }, "geometry": { "type": "Point", "coordinates": [ -104.997257055781347, 39.746618766475216 ] } },
{ "type": "Feature", "properties": { "LST_celsius": 46.217788880000057, "longitude": -104.99620656650799, "latitude": 39.746618736899876 }, "geometry": { "type": "Point", "coordinates": [ -104.996206566507993, 39.746618736899876 ] } },
{ "type": "Feature", "properties": { "LST_celsius": 46.5459188, "longitude": -104.99515607723643, "latitude": 39.746618697818185 }, "geometry": { "type": "Point", "coordinates": [ -104.99515607723643, 39.746618697818185 ] } },
{ "type": "Feature", "properties": { "LST_celsius": 46.764672080000025, "longitude": -104.99410558796716, "latitude": 39.746618649230143 }, "geometry": { "type": "Point", "coordinates": [ -104.994105587967155, 39.746618649230143 ] } },
{ "type": "Feature", "properties": { "LST_celsius": 46.47414038, "longitude": -104.99305509870069, "latitude": 39.746618591135743 }, "geometry": { "type": "Point", "coordinates": [ -104.993055098700694, 39.746618591135743 ] } },
{ "type": "Feature", "properties": { "LST_celsius": 43.96189568, "longitude": -104.99200460943752, "latitude": 39.746618523534984 }, "geometry": { "type": "Point", "coordinates": [ -104.992004609437515, 39.746618523534984 ] } },
{ "type": "Feature", "properties": { "LST_celsius": 41.183045419999985, "longitude": -104.99095412017815, "latitude": 39.74661844642786 }, "geometry": { "type": "Point", "coordinates": [ -104.990954120178145, 39.74661844642786 ] } },
{ "type": "Feature", "properties": { "LST_celsius": 46.535664740000016, "longitude": -104.98990363092305, "latitude": 39.746618359814377 }, "geometry": { "type": "Point", "coordinates": [ -104.989903630923052, 39.746618359814377 ] } },
{ "type": "Feature", "properties": { "LST_celsius": 47.73880778, "longitude": -104.98885314167275, "latitude": 39.74661826369455 }, "geometry": { "type": "Point", "coordinates": [ -104.988853141672749, 39.74661826369455 ] } },
{ "type": "Feature", "properties": { "LST_celsius": 48.630911, "longitude": -104.98780265242773, "latitude": 39.746618158068365 }, "geometry": { "type": "Point", "coordinates": [ -104.987802652427732, 39.746618158068365 ] } },
{ "type": "Feature", "properties": { "LST_celsius": 49.191466279999986, "longitude": -104.98675216318851, "latitude": 39.746618042935808 }, "geometry": { "type": "Point", "coordinates": [ -104.986752163188513, 39.746618042935808 ] } },
{ "type": "Feature", "properties": { "LST_celsius": 48.8359922, "longitude": -104.98570167395556, "latitude": 39.746617918296927 }, "geometry": { "type": "Point", "coordinates": [ -104.98570167395556, 39.746617918296927 ] } },
{ "type": "Feature", "properties": { "LST_celsius": 47.308137260000024, "longitude": -104.9846511847294, "latitude": 39.746617784151667 }, "geometry": { "type": "Point", "coordinates": [ -104.984651184729401, 39.746617784151667 ] } },
{ "type": "Feature", "properties": { "LST_celsius": 45.834970640000051, "longitude": -104.98360069551053, "latitude": 39.746617640500048 }, "geometry": { "type": "Point", "coordinates": [ -104.983600695510532, 39.746617640500048 ] } },
{ "type": "Feature", "properties": { "LST_celsius": 46.296403339999983, "longitude": -104.98255020629944, "latitude": 39.746617487342085 }, "geometry": { "type": "Point", "coordinates": [ -104.982550206299436, 39.746617487342085 ] } },
{ "type": "Feature", "properties": { "LST_celsius": 47.055203780000056, "longitude": -105.0091625650464, "latitude": 39.74634813133811 }, "geometry": { "type": "Point", "coordinates": [ -105.009162565046395, 39.74634813133811 ] } },
{ "type": "Feature", "properties": { "LST_celsius": 45.383792, "longitude": -105.00811207989238, "latitude": 39.746348209500745 }, "geometry": { "type": "Point", "coordinates": [ -105.008112079892385, 39.746348209500745 ] } },
{ "type": "Feature", "properties": { "LST_celsius": 45.927257180000026, "longitude": -105.00706159473452, "latitude": 39.746348278157107 }, "geometry": { "type": "Point", "coordinates": [ -105.007061594734523, 39.746348278157107 ] } },
{ "type": "Feature", "properties": { "LST_celsius": 46.2212069, "longitude": -105.00601110957332, "latitude": 39.746348337307218 }, "geometry": { "type": "Point", "coordinates": [ -105.006011109573322, 39.746348337307218 ] } },
{ "type": "Feature", "properties": { "LST_celsius": 43.637183779999987, "longitude": -105.00496062440926, "latitude": 39.746348386951055 }, "geometry": { "type": "Point", "coordinates": [ -105.004960624409264, 39.746348386951055 ] } },
{ "type": "Feature", "properties": { "LST_celsius": 42.704064320000043, "longitude": -105.00391013924285, "latitude": 39.746348427088627 }, "geometry": { "type": "Point", "coordinates": [ -105.003910139242848, 39.746348427088627 ] } },
{ "type": "Feature", "properties": { "LST_celsius": 44.0336741, "longitude": -105.00285965407458, "latitude": 39.746348457719932 }, "geometry": { "type": "Point", "coordinates": [ -105.002859654074584, 39.746348457719932 ] } },
{ "type": "Feature", "properties": { "LST_celsius": 43.907207360000029, "longitude": -105.00180916890497, "latitude": 39.746348478844965 }, "geometry": { "type": "Point", "coordinates": [ -105.00180916890497, 39.746348478844965 ] } },
{ "type": "Feature", "properties": { "LST_celsius": 42.89205542000002, "longitude": -105.00075868373447, "latitude": 39.746348490463731 }, "geometry": { "type": "Point", "coordinates": [ -105.000758683734475, 39.746348490463731 ] } },
{ "type": "Feature", "properties": { "LST_celsius": 43.883281220000015, "longitude": -104.99970819856364, "latitude": 39.746348492576246 }, "geometry": { "type": "Point", "coordinates": [ -104.999708198563638, 39.746348492576246 ] } },
{ "type": "Feature", "properties": { "LST_celsius": 44.399402240000029, "longitude": -104.99865771339294, "latitude": 39.74634848518248 }, "geometry": { "type": "Point", "coordinates": [ -104.998657713392944, 39.74634848518248 ] } },
{ "type": "Feature", "properties": { "LST_celsius": 44.2729355, "longitude": -104.99760722822288, "latitude": 39.746348468282442 }, "geometry": { "type": "Point", "coordinates": [ -104.997607228222876, 39.746348468282442 ] } },
{ "type": "Feature", "properties": { "LST_celsius": 45.59229122, "longitude": -104.99655674305394, "latitude": 39.746348441876151 }, "geometry": { "type": "Point", "coordinates": [ -104.996556743053944, 39.746348441876151 ] } },
{ "type": "Feature", "properties": { "LST_celsius": 46.85012258, "longitude": -104.99550625788665, "latitude": 39.746348405963587 }, "geometry": { "type": "Point", "coordinates": [ -104.995506257886646, 39.746348405963587 ] } },
{ "type": "Feature", "properties": { "LST_celsius": 46.316911460000028, "longitude": -104.99445577272149, "latitude": 39.746348360544765 }, "geometry": { "type": "Point", "coordinates": [ -104.994455772721494, 39.746348360544765 ] } },
{ "type": "Feature", "properties": { "LST_celsius": 46.949245160000032, "longitude": -104.99340528755894, "latitude": 39.746348305619662 }, "geometry": { "type": "Point", "coordinates": [ -104.993405287558943, 39.746348305619662 ] } },
{ "type": "Feature", "properties": { "LST_celsius": 44.884761080000033, "longitude": -104.99235480239953, "latitude": 39.746348241188301 }, "geometry": { "type": "Point", "coordinates": [ -104.992354802399532, 39.746348241188301 ] } },
{ "type": "Feature", "properties": { "LST_celsius": 42.071730620000039, "longitude": -104.99130431724376, "latitude": 39.746348167250673 }, "geometry": { "type": "Point", "coordinates": [ -104.99130431724376, 39.746348167250673 ] } },
{ "type": "Feature", "properties": { "LST_celsius": 44.6830979, "longitude": -104.99025383209211, "latitude": 39.746348083806787 }, "geometry": { "type": "Point", "coordinates": [ -104.990253832092108, 39.746348083806787 ] } },
{ "type": "Feature", "properties": { "LST_celsius": 47.9302169, "longitude": -104.98920334694508, "latitude": 39.74634799085662 }, "geometry": { "type": "Point", "coordinates": [ -104.989203346945075, 39.74634799085662 ] } },
{ "type": "Feature", "properties": { "LST_celsius": 48.524952380000059, "longitude": -104.98815286180316, "latitude": 39.746347888400187 }, "geometry": { "type": "Point", "coordinates": [ -104.988152861803158, 39.746347888400187 ] } },
{ "type": "Feature", "properties": { "LST_celsius": 48.794975959999988, "longitude": -104.98710237666687, "latitude": 39.74634777643751 }, "geometry": { "type": "Point", "coordinates": [ -104.987102376666869, 39.74634777643751 ] } },
{ "type": "Feature", "properties": { "LST_celsius": 48.801812, "longitude": -104.9860518915367, "latitude": 39.746347654968552 }, "geometry": { "type": "Point", "coordinates": [ -104.986051891536704, 39.746347654968552 ] } },
{ "type": "Feature", "properties": { "LST_celsius": 48.521534360000032, "longitude": -104.98500140641315, "latitude": 39.746347523993329 }, "geometry": { "type": "Point", "coordinates": [ -104.985001406413147, 39.746347523993329 ] } },
{ "type": "Feature", "properties": { "LST_celsius": 46.251969079999981, "longitude": -104.98395092129671, "latitude": 39.746347383511832 }, "geometry": { "type": "Point", "coordinates": [ -104.98395092129671, 39.746347383511832 ] } },
{ "type": "Feature", "properties": { "LST_celsius": 46.78859822000004, "longitude": -104.98290043618789, "latitude": 39.746347233524084 }, "geometry": { "type": "Point", "coordinates": [ -104.98290043618789, 39.746347233524084 ] } },
{ "type": "Feature", "properties": { "LST_celsius": 49.0923437, "longitude": -104.98184995108716, "latitude": 39.746347074030062 }, "geometry": { "type": "Point", "coordinates": [ -104.981849951087156, 39.746347074030062 ] } },
{ "type": "Feature", "properties": { "LST_celsius": 45.561529039999982, "longitude": -105.00846220854388, "latitude": 39.746077878554189 }, "geometry": { "type": "Point", "coordinates": [ -105.008462208543875, 39.746077878554189 ] } },
{ "type": "Feature", "properties": { "LST_celsius": 45.096678320000024, "longitude": -105.0074117274921, "latitude": 39.74607795037862 }, "geometry": { "type": "Point", "coordinates": [ -105.007411727492098, 39.74607795037862 ] } },
{ "type": "Feature", "properties": { "LST_celsius": 46.347673640000039, "longitude": -105.00636124643682, "latitude": 39.746078012696884 }, "geometry": { "type": "Point", "coordinates": [ -105.006361246436825, 39.746078012696884 ] } },
{ "type": "Feature", "properties": { "LST_celsius": 44.7856385, "longitude": -105.00531076537852, "latitude": 39.746078065508975 }, "geometry": { "type": "Point", "coordinates": [ -105.005310765378525, 39.746078065508975 ] } },
{ "type": "Feature", "properties": { "LST_celsius": 42.1024928000001, "longitude": -105.00426028431772, "latitude": 39.746078108814892 }, "geometry": { "type": "Point", "coordinates": [ -105.004260284317724, 39.746078108814892 ] } },
{ "type": "Feature", "properties": { "LST_celsius": 43.585913480000045, "longitude": -105.00320980325488, "latitude": 39.746078142614621 }, "geometry": { "type": "Point", "coordinates": [ -105.003209803254876, 39.746078142614621 ] } },
{ "type": "Feature", "properties": { "LST_celsius": 43.96189568, "longitude": -105.00215932219052, "latitude": 39.746078166908177 }, "geometry": { "type": "Point", "coordinates": [ -105.002159322190522, 39.746078166908177 ] } },
{ "type": "Feature", "properties": { "LST_celsius": 43.158660980000036, "longitude": -105.00110884112513, "latitude": 39.746078181695566 }, "geometry": { "type": "Point", "coordinates": [ -105.001108841125131, 39.746078181695566 ] } },
{ "type": "Feature", "properties": { "LST_celsius": 43.582495460000018, "longitude": -105.00005836005921, "latitude": 39.746078186976781 }, "geometry": { "type": "Point", "coordinates": [ -105.000058360059214, 39.746078186976781 ] } },
{ "type": "Feature", "properties": { "LST_celsius": 45.062498119999987, "longitude": -104.99900787899328, "latitude": 39.746078182751809 }, "geometry": { "type": "Point", "coordinates": [ -104.999007878993282, 39.746078182751809 ] } },
{ "type": "Feature", "properties": { "LST_celsius": 44.59422938, "longitude": -104.99795739792782, "latitude": 39.746078169020663 }, "geometry": { "type": "Point", "coordinates": [ -104.99795739792782, 39.746078169020663 ] } },
{ "type": "Feature", "properties": { "LST_celsius": 45.02831792000001, "longitude": -104.99690691686331, "latitude": 39.746078145783351 }, "geometry": { "type": "Point", "coordinates": [ -104.99690691686331, 39.746078145783351 ] } },
{ "type": "Feature", "properties": { "LST_celsius": 46.45363226000001, "longitude": -104.99585643580029, "latitude": 39.746078113039857 }, "geometry": { "type": "Point", "coordinates": [ -104.995856435800292, 39.746078113039857 ] } },
{ "type": "Feature", "properties": { "LST_celsius": 45.749520140000016, "longitude": -104.99480595473921, "latitude": 39.746078070790183 }, "geometry": { "type": "Point", "coordinates": [ -104.994805954739206, 39.746078070790183 ] } },
{ "type": "Feature", "properties": { "LST_celsius": 47.031277639999985, "longitude": -104.99375547368062, "latitude": 39.746078019034329 }, "geometry": { "type": "Point", "coordinates": [ -104.993755473680622, 39.746078019034329 ] } },
{ "type": "Feature", "properties": { "LST_celsius": 45.38721002, "longitude": -104.99270499262498, "latitude": 39.746077957772314 }, "geometry": { "type": "Point", "coordinates": [ -104.992704992624979, 39.746077957772314 ] } },
{ "type": "Feature", "properties": { "LST_celsius": 42.806604920000041, "longitude": -104.99165451157279, "latitude": 39.74607788700412 }, "geometry": { "type": "Point", "coordinates": [ -104.99165451157279, 39.74607788700412 ] } },
{ "type": "Feature", "properties": { "LST_celsius": 43.162079, "longitude": -104.99060403052458, "latitude": 39.746077806729751 }, "geometry": { "type": "Point", "coordinates": [ -104.99060403052458, 39.746077806729751 ] } },
{ "type": "Feature", "properties": { "LST_celsius": 46.966335260000051, "longitude": -104.9895535494808, "latitude": 39.746077716949195 }, "geometry": { "type": "Point", "coordinates": [ -104.989553549480803, 39.746077716949195 ] } },
{ "type": "Feature", "properties": { "LST_celsius": 48.043011560000025, "longitude": -104.988503068442, "latitude": 39.746077617662465 }, "geometry": { "type": "Point", "coordinates": [ -104.988503068442, 39.746077617662465 ] } },
{ "type": "Feature", "properties": { "LST_celsius": 48.3916496000001, "longitude": -104.98745258740865, "latitude": 39.746077508869568 }, "geometry": { "type": "Point", "coordinates": [ -104.987452587408654, 39.746077508869568 ] } },
{ "type": "Feature", "properties": { "LST_celsius": 48.1523882, "longitude": -104.98640210638123, "latitude": 39.746077390570498 }, "geometry": { "type": "Point", "coordinates": [ -104.986402106381234, 39.746077390570498 ] } },
{ "type": "Feature", "properties": { "LST_celsius": 49.15045004000001, "longitude": -104.98535162536029, "latitude": 39.746077262765255 }, "geometry": { "type": "Point", "coordinates": [ -104.985351625360295, 39.746077262765255 ] } },
{ "type": "Feature", "properties": { "LST_celsius": 46.94582714000001, "longitude": -104.98430114434629, "latitude": 39.746077125453823 }, "geometry": { "type": "Point", "coordinates": [ -104.98430114434629, 39.746077125453823 ] } },
{ "type": "Feature", "properties": { "LST_celsius": 47.1953426, "longitude": -104.98325066333973, "latitude": 39.746076978636225 }, "geometry": { "type": "Point", "coordinates": [ -104.983250663339732, 39.746076978636225 ] } },
{ "type": "Feature", "properties": { "LST_celsius": 49.136777960000018, "longitude": -104.98220018234112, "latitude": 39.74607682231246 }, "geometry": { "type": "Point", "coordinates": [ -104.982200182341117, 39.74607682231246 ] } },
{ "type": "Feature", "properties": { "LST_celsius": 45.5888732, "longitude": -105.0088123344588, "latitude": 39.74580754653924 }, "geometry": { "type": "Point", "coordinates": [ -105.008812334458796, 39.74580754653924 ] } },
{ "type": "Feature", "properties": { "LST_celsius": 43.883281220000015, "longitude": -105.00776185751312, "latitude": 39.745807621531689 }, "geometry": { "type": "Point", "coordinates": [ -105.007761857513117, 39.745807621531689 ] } },
{ "type": "Feature", "properties": { "LST_celsius": 45.12402248000001, "longitude": -105.00671138056379, "latitude": 39.745807687018051 }, "geometry": { "type": "Point", "coordinates": [ -105.006711380563786, 39.745807687018051 ] } },
{ "type": "Feature", "properties": { "LST_celsius": 46.405779980000034, "longitude": -105.00566090361123, "latitude": 39.745807742998331 }, "geometry": { "type": "Point", "coordinates": [ -105.005660903611229, 39.745807742998331 ] } },
{ "type": "Feature", "properties": { "LST_celsius": 43.0595384, "longitude": -105.00461042665601, "latitude": 39.745807789472515 }, "geometry": { "type": "Point", "coordinates": [ -105.004610426656015, 39.745807789472515 ] } },
{ "type": "Feature", "properties": { "LST_celsius": 43.090300580000019, "longitude": -105.0035599496986, "latitude": 39.745807826440625 }, "geometry": { "type": "Point", "coordinates": [ -105.003559949698598, 39.745807826440625 ] } },
{ "type": "Feature", "properties": { "LST_celsius": 44.02000202, "longitude": -105.0025094727395, "latitude": 39.745807853902647 }, "geometry": { "type": "Point", "coordinates": [ -105.002509472739504, 39.745807853902647 ] } },
{ "type": "Feature", "properties": { "LST_celsius": 44.28660758000001, "longitude": -105.00145899577922, "latitude": 39.745807871858595 }, "geometry": { "type": "Point", "coordinates": [ -105.001458995779217, 39.745807871858595 ] } },
{ "type": "Feature", "properties": { "LST_celsius": 43.592749519999984, "longitude": -105.00040851881823, "latitude": 39.745807880308448 }, "geometry": { "type": "Point", "coordinates": [ -105.000408518818233, 39.745807880308448 ] } },
{ "type": "Feature", "properties": { "LST_celsius": 45.2470712000001, "longitude": -104.99935804185705, "latitude": 39.745807879252226 }, "geometry": { "type": "Point", "coordinates": [ -104.99935804185705, 39.745807879252226 ] } },
{ "type": "Feature", "properties": { "LST_celsius": 45.96143738000001, "longitude": -104.99830756489618, "latitude": 39.745807868689894 }, "geometry": { "type": "Point", "coordinates": [ -104.99830756489618, 39.745807868689894 ] } },
{ "type": "Feature", "properties": { "LST_celsius": 44.959957519999989, "longitude": -104.99725708793612, "latitude": 39.745807848621496 }, "geometry": { "type": "Point", "coordinates": [ -104.99725708793612, 39.745807848621496 ] } },
{ "type": "Feature", "properties": { "LST_celsius": 45.790536380000049, "longitude": -104.99620661097735, "latitude": 39.745807819047016 }, "geometry": { "type": "Point", "coordinates": [ -104.996206610977353, 39.745807819047016 ] } },
{ "type": "Feature", "properties": { "LST_celsius": 45.6401435, "longitude": -104.99515613402038, "latitude": 39.745807779966441 }, "geometry": { "type": "Point", "coordinates": [ -104.995156134020377, 39.745807779966441 ] } },
{ "type": "Feature", "properties": { "LST_celsius": 46.5288287, "longitude": -104.99410565706572, "latitude": 39.745807731379777 }, "geometry": { "type": "Point", "coordinates": [ -104.994105657065717, 39.745807731379777 ] } },
{ "type": "Feature", "properties": { "LST_celsius": 45.62647142000003, "longitude": -104.99305518011384, "latitude": 39.745807673287032 }, "geometry": { "type": "Point", "coordinates": [ -104.993055180113842, 39.745807673287032 ] } },
{ "type": "Feature", "properties": { "LST_celsius": 43.773904580000021, "longitude": -104.99200470316526, "latitude": 39.745807605688213 }, "geometry": { "type": "Point", "coordinates": [ -104.992004703165264, 39.745807605688213 ] } },
{ "type": "Feature", "properties": { "LST_celsius": 41.9828621, "longitude": -104.99095422622048, "latitude": 39.745807528583292 }, "geometry": { "type": "Point", "coordinates": [ -104.990954226220481, 39.745807528583292 ] } },
{ "type": "Feature", "properties": { "LST_celsius": 45.42480824, "longitude": -104.98990374927999, "latitude": 39.745807441972303 }, "geometry": { "type": "Point", "coordinates": [ -104.989903749279989, 39.745807441972303 ] } },
{ "type": "Feature", "properties": { "LST_celsius": 47.940470960000027, "longitude": -104.98885327234429, "latitude": 39.745807345855219 }, "geometry": { "type": "Point", "coordinates": [ -104.988853272344286, 39.745807345855219 ] } },
{ "type": "Feature", "properties": { "LST_celsius": 47.868692539999984, "longitude": -104.98780279541386, "latitude": 39.745807240232054 }, "geometry": { "type": "Point", "coordinates": [ -104.987802795413856, 39.745807240232054 ] } },
{ "type": "Feature", "properties": { "LST_celsius": 48.029339479999976, "longitude": -104.98675231848922, "latitude": 39.7458071251028 }, "geometry": { "type": "Point", "coordinates": [ -104.986752318489224, 39.7458071251028 ] } },
{ "type": "Feature", "properties": { "LST_celsius": 48.586476740000023, "longitude": -104.98570184157089, "latitude": 39.745807000467465 }, "geometry": { "type": "Point", "coordinates": [ -104.985701841570886, 39.745807000467465 ] } },
{ "type": "Feature", "properties": { "LST_celsius": 47.80375016000005, "longitude": -104.98465136465931, "latitude": 39.745806866326049 }, "geometry": { "type": "Point", "coordinates": [ -104.984651364659314, 39.745806866326049 ] } },
{ "type": "Feature", "properties": { "LST_celsius": 47.718299660000014, "longitude": -104.98360088775503, "latitude": 39.745806722678537 }, "geometry": { "type": "Point", "coordinates": [ -104.983600887755031, 39.745806722678537 ] } },
{ "type": "Feature", "properties": { "LST_celsius": 49.2461546, "longitude": -104.98255041085852, "latitude": 39.745806569524959 }, "geometry": { "type": "Point", "coordinates": [ -104.982550410858522, 39.745806569524959 ] } },
{ "type": "Feature", "properties": { "LST_celsius": 45.5034227, "longitude": -105.0091624576372, "latitude": 39.74553721345594 }, "geometry": { "type": "Point", "coordinates": [ -105.009162457637203, 39.74553721345594 ] } },
{ "type": "Feature", "properties": { "LST_celsius": 44.327623819999985, "longitude": -105.00811198479764, "latitude": 39.745537291616337 }, "geometry": { "type": "Point", "coordinates": [ -105.008111984797637, 39.745537291616337 ] } },
{ "type": "Feature", "properties": { "LST_celsius": 44.43358244000001, "longitude": -105.00706151195419, "latitude": 39.745537360270745 }, "geometry": { "type": "Point", "coordinates": [ -105.007061511954191, 39.745537360270745 ] } },
{ "type": "Feature", "properties": { "LST_celsius": 46.3750178, "longitude": -105.00601103910742, "latitude": 39.745537419419165 }, "geometry": { "type": "Point", "coordinates": [ -105.00601103910742, 39.745537419419165 ] } },
{ "type": "Feature", "properties": { "LST_celsius": 46.139174420000018, "longitude": -105.00496056625779, "latitude": 39.745537469061574 }, "geometry": { "type": "Point", "coordinates": [ -105.004960566257793, 39.745537469061574 ] } },
{ "type": "Feature", "properties": { "LST_celsius": 43.616675660000055, "longitude": -105.00391009340582, "latitude": 39.745537509197995 }, "geometry": { "type": "Point", "coordinates": [ -105.003910093405821, 39.745537509197995 ] } },
{ "type": "Feature", "properties": { "LST_celsius": 44.501942840000027, "longitude": -105.00285962055197, "latitude": 39.745537539828426 }, "geometry": { "type": "Point", "coordinates": [ -105.002859620551973, 39.745537539828426 ] } },
{ "type": "Feature", "properties": { "LST_celsius": 44.6660078, "longitude": -105.00180914769678, "latitude": 39.745537560952862 }, "geometry": { "type": "Point", "coordinates": [ -105.001809147696775, 39.745537560952862 ] } },
{ "type": "Feature", "properties": { "LST_celsius": 43.893535280000037, "longitude": -105.00075867484072, "latitude": 39.745537572571294 }, "geometry": { "type": "Point", "coordinates": [ -105.000758674840725, 39.745537572571294 ] } },
{ "type": "Feature", "properties": { "LST_celsius": 44.662589780000019, "longitude": -104.99970820198432, "latitude": 39.745537574683738 }, "geometry": { "type": "Point", "coordinates": [ -104.999708201984319, 39.745537574683738 ] } },
{ "type": "Feature", "properties": { "LST_celsius": 46.67238554000005, "longitude": -104.99865772912804, "latitude": 39.745537567290185 }, "geometry": { "type": "Point", "coordinates": [ -104.998657729128041, 39.745537567290185 ] } },
{ "type": "Feature", "properties": { "LST_celsius": 45.59229122, "longitude": -104.9976072562724, "latitude": 39.745537550390637 }, "geometry": { "type": "Point", "coordinates": [ -104.997607256272403, 39.745537550390637 ] } },
{ "type": "Feature", "properties": { "LST_celsius": 44.9736296, "longitude": -104.99655678341792, "latitude": 39.745537523985092 }, "geometry": { "type": "Point", "coordinates": [ -104.996556783417915, 39.745537523985092 ] } },
{ "type": "Feature", "properties": { "LST_celsius": 44.918941280000013, "longitude": -104.99550631056505, "latitude": 39.745537488073552 }, "geometry": { "type": "Point", "coordinates": [ -104.995506310565048, 39.745537488073552 ] } },
{ "type": "Feature", "properties": { "LST_celsius": 45.541020920000051, "longitude": -104.9944558377143, "latitude": 39.74553744265603 }, "geometry": { "type": "Point", "coordinates": [ -104.994455837714298, 39.74553744265603 ] } },
{ "type": "Feature", "properties": { "LST_celsius": 45.8794049000001, "longitude": -104.99340536486619, "latitude": 39.745537387732512 }, "geometry": { "type": "Point", "coordinates": [ -104.993405364866192, 39.745537387732512 ] } },
{ "type": "Feature", "properties": { "LST_celsius": 44.262681440000051, "longitude": -104.99235489202123, "latitude": 39.745537323302983 }, "geometry": { "type": "Point", "coordinates": [ -104.992354892021226, 39.745537323302983 ] } },
{ "type": "Feature", "properties": { "LST_celsius": 42.379352420000032, "longitude": -104.99130441917987, "latitude": 39.745537249367473 }, "geometry": { "type": "Point", "coordinates": [ -104.991304419179869, 39.745537249367473 ] } },
{ "type": "Feature", "properties": { "LST_celsius": 43.575659420000022, "longitude": -104.99025394634263, "latitude": 39.745537165925967 }, "geometry": { "type": "Point", "coordinates": [ -104.990253946342634, 39.745537165925967 ] } },
{ "type": "Feature", "properties": { "LST_celsius": 46.925319020000018, "longitude": -104.98920347351005, "latitude": 39.745537072978465 }, "geometry": { "type": "Point", "coordinates": [ -104.989203473510045, 39.745537072978465 ] } },
{ "type": "Feature", "properties": { "LST_celsius": 47.4687842, "longitude": -104.98815300068256, "latitude": 39.745536970524974 }, "geometry": { "type": "Point", "coordinates": [ -104.988153000682559, 39.745536970524974 ] } },
{ "type": "Feature", "properties": { "LST_celsius": 47.455112120000024, "longitude": -104.9871025278607, "latitude": 39.745536858565487 }, "geometry": { "type": "Point", "coordinates": [ -104.987102527860699, 39.745536858565487 ] } },
{ "type": "Feature", "properties": { "LST_celsius": 47.807168180000019, "longitude": -104.98605205504494, "latitude": 39.745536737100004 }, "geometry": { "type": "Point", "coordinates": [ -104.986052055044937, 39.745536737100004 ] } },
{ "type": "Feature", "properties": { "LST_celsius": 48.535206440000024, "longitude": -104.98500158223581, "latitude": 39.745536606128532 }, "geometry": { "type": "Point", "coordinates": [ -104.98500158223581, 39.745536606128532 ] } },
{ "type": "Feature", "properties": { "LST_celsius": 47.23635883999998, "longitude": -104.9839511094338, "latitude": 39.745536465651057 }, "geometry": { "type": "Point", "coordinates": [ -104.983951109433804, 39.745536465651057 ] } },
{ "type": "Feature", "properties": { "LST_celsius": 49.36920332, "longitude": -104.9829006366394, "latitude": 39.745536315667586 }, "geometry": { "type": "Point", "coordinates": [ -104.9829006366394, 39.745536315667586 ] } },
{ "type": "Feature", "properties": { "LST_celsius": 51.153409760000045, "longitude": -104.98185016385311, "latitude": 39.745536156178147 }, "geometry": { "type": "Point", "coordinates": [ -104.98185016385311, 39.745536156178147 ] } },
{ "type": "Feature", "properties": { "LST_celsius": 44.98388366000006, "longitude": -105.00846210934564, "latitude": 39.74526696063262 }, "geometry": { "type": "Point", "coordinates": [ -105.008462109345643, 39.74526696063262 ] } },
{ "type": "Feature", "properties": { "LST_celsius": 44.659171760000049, "longitude": -105.00741164060814, "latitude": 39.745267032455004 }, "geometry": { "type": "Point", "coordinates": [ -105.00741164060814, 39.745267032455004 ] } },
{ "type": "Feature", "properties": { "LST_celsius": 46.0161257, "longitude": -105.00636117186711, "latitude": 39.745267094771471 }, "geometry": { "type": "Point", "coordinates": [ -105.006361171867113, 39.745267094771471 ] } },
{ "type": "Feature", "properties": { "LST_celsius": 48.008831360000045, "longitude": -105.00531070312309, "latitude": 39.745267147582055 }, "geometry": { "type": "Point", "coordinates": [ -105.005310703123087, 39.745267147582055 ] } },
{ "type": "Feature", "properties": { "LST_celsius": 44.847162860000026, "longitude": -105.00426023437653, "latitude": 39.745267190886736 }, "geometry": { "type": "Point", "coordinates": [ -105.004260234376531, 39.745267190886736 ] } },
{ "type": "Feature", "properties": { "LST_celsius": 46.891138820000037, "longitude": -105.00320976562796, "latitude": 39.745267224685499 }, "geometry": { "type": "Point", "coordinates": [ -105.003209765627957, 39.745267224685499 ] } },
{ "type": "Feature", "properties": { "LST_celsius": 45.346193780000021, "longitude": -105.00215929687786, "latitude": 39.745267248978365 }, "geometry": { "type": "Point", "coordinates": [ -105.002159296877863, 39.745267248978365 ] } },
{ "type": "Feature", "properties": { "LST_celsius": 44.44041848000001, "longitude": -105.00110882812673, "latitude": 39.745267263765321 }, "geometry": { "type": "Point", "coordinates": [ -105.001108828126732, 39.745267263765321 ] } },
{ "type": "Feature", "properties": { "LST_celsius": 43.968731720000051, "longitude": -105.00005835937509, "latitude": 39.745267269046387 }, "geometry": { "type": "Point", "coordinates": [ -105.000058359375089, 39.745267269046387 ] } },
{ "type": "Feature", "properties": { "LST_celsius": 45.602545280000015, "longitude": -104.99900789062342, "latitude": 39.745267264821543 }, "geometry": { "type": "Point", "coordinates": [ -104.999007890623417, 39.745267264821543 ] } },
{ "type": "Feature", "properties": { "LST_celsius": 48.053265620000047, "longitude": -104.99795742187221, "latitude": 39.745267251090795 }, "geometry": { "type": "Point", "coordinates": [ -104.997957421872215, 39.745267251090795 ] } },
{ "type": "Feature", "properties": { "LST_celsius": 45.787118360000022, "longitude": -104.99690695312198, "latitude": 39.745267227854129 }, "geometry": { "type": "Point", "coordinates": [ -104.996906953121979, 39.745267227854129 ] } },
{ "type": "Feature", "properties": { "LST_celsius": 44.761712360000047, "longitude": -104.99585648437321, "latitude": 39.74526719511158 }, "geometry": { "type": "Point", "coordinates": [ -104.995856484373206, 39.74526719511158 ] } },
{ "type": "Feature", "properties": { "LST_celsius": 45.2470712000001, "longitude": -104.99480601562639, "latitude": 39.745267152863121 }, "geometry": { "type": "Point", "coordinates": [ -104.994806015626395, 39.745267152863121 ] } },
{ "type": "Feature", "properties": { "LST_celsius": 45.24023516, "longitude": -104.99375554688206, "latitude": 39.745267101108745 }, "geometry": { "type": "Point", "coordinates": [ -104.993755546882056, 39.745267101108745 ] } },
{ "type": "Feature", "properties": { "LST_celsius": 44.69335196000003, "longitude": -104.99270507814069, "latitude": 39.745267039848478 }, "geometry": { "type": "Point", "coordinates": [ -104.992705078140688, 39.745267039848478 ] } },
{ "type": "Feature", "properties": { "LST_celsius": 43.46286476, "longitude": -104.99165460940277, "latitude": 39.745266969082309 }, "geometry": { "type": "Point", "coordinates": [ -104.991654609402772, 39.745266969082309 ] } },
{ "type": "Feature", "properties": { "LST_celsius": 42.557089460000043, "longitude": -104.99060414066881, "latitude": 39.745266888810235 }, "geometry": { "type": "Point", "coordinates": [ -104.990604140668808, 39.745266888810235 ] } },
{ "type": "Feature", "properties": { "LST_celsius": 45.575201120000031, "longitude": -104.9895536719393, "latitude": 39.745266799032244 }, "geometry": { "type": "Point", "coordinates": [ -104.989553671939305, 39.745266799032244 ] } },
{ "type": "Feature", "properties": { "LST_celsius": 46.78859822000004, "longitude": -104.98850320321476, "latitude": 39.745266699748363 }, "geometry": { "type": "Point", "coordinates": [ -104.988503203214762, 39.745266699748363 ] } },
{ "type": "Feature", "properties": { "LST_celsius": 46.761254060000056, "longitude": -104.98745273449566, "latitude": 39.745266590958586 }, "geometry": { "type": "Point", "coordinates": [ -104.987452734495662, 39.745266590958586 ] } },
{ "type": "Feature", "properties": { "LST_celsius": 47.3320634, "longitude": -104.98640226578253, "latitude": 39.745266472662884 }, "geometry": { "type": "Point", "coordinates": [ -104.98640226578253, 39.745266472662884 ] } },
{ "type": "Feature", "properties": { "LST_celsius": 48.1865684000001, "longitude": -104.98535179707584, "latitude": 39.745266344861292 }, "geometry": { "type": "Point", "coordinates": [ -104.985351797075836, 39.745266344861292 ] } },
{ "type": "Feature", "properties": { "LST_celsius": 46.64162336000004, "longitude": -104.98430132837609, "latitude": 39.745266207553804 }, "geometry": { "type": "Point", "coordinates": [ -104.984301328376091, 39.745266207553804 ] } },
{ "type": "Feature", "properties": { "LST_celsius": 49.00347518000001, "longitude": -104.98325085968379, "latitude": 39.745266060740391 }, "geometry": { "type": "Point", "coordinates": [ -104.983250859683793, 39.745266060740391 ] } },
{ "type": "Feature", "properties": { "LST_celsius": 50.842369940000026, "longitude": -104.98220039099945, "latitude": 39.745265904421096 }, "geometry": { "type": "Point", "coordinates": [ -104.982200390999452, 39.745265904421096 ] } },
{ "type": "Feature", "properties": { "LST_celsius": 45.3496118, "longitude": -105.00881223115721, "latitude": 39.74499662858053 }, "geometry": { "type": "Point", "coordinates": [ -105.008812231157208, 39.74499662858053 ] } },
{ "type": "Feature", "properties": { "LST_celsius": 45.698249840000017, "longitude": -105.00776176652563, "latitude": 39.744996703570841 }, "geometry": { "type": "Point", "coordinates": [ -105.007761766525633, 39.744996703570841 ] } },
{ "type": "Feature", "properties": { "LST_celsius": 45.992199560000017, "longitude": -105.00671130189038, "latitude": 39.744996769055334 }, "geometry": { "type": "Point", "coordinates": [ -105.006711301890377, 39.744996769055334 ] } },
{ "type": "Feature", "properties": { "LST_celsius": 48.343797320000022, "longitude": -105.00566083725194, "latitude": 39.744996825034008 }, "geometry": { "type": "Point", "coordinates": [ -105.005660837251938, 39.744996825034008 ] } },
{ "type": "Feature", "properties": { "LST_celsius": 46.132338380000022, "longitude": -105.00461037261081, "latitude": 39.744996871506878 }, "geometry": { "type": "Point", "coordinates": [ -105.004610372610813, 39.744996871506878 ] } },
{ "type": "Feature", "properties": { "LST_celsius": 48.74028764000002, "longitude": -105.0035599079675, "latitude": 39.744996908473922 }, "geometry": { "type": "Point", "coordinates": [ -105.003559907967499, 39.744996908473922 ] } },
{ "type": "Feature", "properties": { "LST_celsius": 46.91506496, "longitude": -105.0025094433225, "latitude": 39.744996935935163 }, "geometry": { "type": "Point", "coordinates": [ -105.002509443322495, 39.744996935935163 ] } },
{ "type": "Feature", "properties": { "LST_celsius": 45.6059633, "longitude": -105.0014589786763, "latitude": 39.744996953890599 }, "geometry": { "type": "Point", "coordinates": [ -105.001458978676297, 39.744996953890599 ] } },
{ "type": "Feature", "properties": { "LST_celsius": 44.737786220000032, "longitude": -105.00040851402942, "latitude": 39.744996962340203 }, "geometry": { "type": "Point", "coordinates": [ -105.000408514029417, 39.744996962340203 ] } },
{ "type": "Feature", "properties": { "LST_celsius": 45.500004680000018, "longitude": -104.99935804938234, "latitude": 39.744996961284002 }, "geometry": { "type": "Point", "coordinates": [ -104.999358049382337, 39.744996961284002 ] } },
{ "type": "Feature", "properties": { "LST_celsius": 49.20172034000001, "longitude": -104.99830758473557, "latitude": 39.744996950721998 }, "geometry": { "type": "Point", "coordinates": [ -104.998307584735571, 39.744996950721998 ] } },
{ "type": "Feature", "properties": { "LST_celsius": 49.41363758, "longitude": -104.99725712008959, "latitude": 39.744996930654167 }, "geometry": { "type": "Point", "coordinates": [ -104.997257120089586, 39.744996930654167 ] } },
{ "type": "Feature", "properties": { "LST_celsius": 46.125502340000025, "longitude": -104.99620665544492, "latitude": 39.744996901080519 }, "geometry": { "type": "Point", "coordinates": [ -104.996206655444922, 39.744996901080519 ] } },
{ "type": "Feature", "properties": { "LST_celsius": 45.441898340000023, "longitude": -104.99515619080205, "latitude": 39.744996862001067 }, "geometry": { "type": "Point", "coordinates": [ -104.995156190802049, 39.744996862001067 ] } },
{ "type": "Feature", "properties": { "LST_celsius": 44.3754761, "longitude": -104.99410572616148, "latitude": 39.744996813415803 }, "geometry": { "type": "Point", "coordinates": [ -104.994105726161479, 39.744996813415803 ] } },
{ "type": "Feature", "properties": { "LST_celsius": 44.730950180000036, "longitude": -104.99305526152371, "latitude": 39.744996755324706 }, "geometry": { "type": "Point", "coordinates": [ -104.993055261523708, 39.744996755324706 ] } },
{ "type": "Feature", "properties": { "LST_celsius": 45.117186440000012, "longitude": -104.99200479688923, "latitude": 39.744996687727827 }, "geometry": { "type": "Point", "coordinates": [ -104.992004796889233, 39.744996687727827 ] } },
{ "type": "Feature", "properties": { "LST_celsius": 43.428684560000022, "longitude": -104.99095433225853, "latitude": 39.744996610625115 }, "geometry": { "type": "Point", "coordinates": [ -104.990954332258525, 39.744996610625115 ] } },
{ "type": "Feature", "properties": { "LST_celsius": 43.989239839999982, "longitude": -104.98990386763214, "latitude": 39.744996524016599 }, "geometry": { "type": "Point", "coordinates": [ -104.989903867632137, 39.744996524016599 ] } },
{ "type": "Feature", "properties": { "LST_celsius": 46.07765006, "longitude": -104.98885340301051, "latitude": 39.744996427902265 }, "geometry": { "type": "Point", "coordinates": [ -104.988853403010509, 39.744996427902265 ] } },
{ "type": "Feature", "properties": { "LST_celsius": 46.163100560000032, "longitude": -104.9878029383942, "latitude": 39.744996322282113 }, "geometry": { "type": "Point", "coordinates": [ -104.987802938394196, 39.744996322282113 ] } },
{ "type": "Feature", "properties": { "LST_celsius": 46.2724772, "longitude": -104.98675247378365, "latitude": 39.744996207156156 }, "geometry": { "type": "Point", "coordinates": [ -104.986752473783653, 39.744996207156156 ] } },
{ "type": "Feature", "properties": { "LST_celsius": 47.154326360000027, "longitude": -104.98570200917941, "latitude": 39.744996082524381 }, "geometry": { "type": "Point", "coordinates": [ -104.985702009179406, 39.744996082524381 ] } },
{ "type": "Feature", "properties": { "LST_celsius": 46.805688320000058, "longitude": -104.98465154458192, "latitude": 39.744995948386801 }, "geometry": { "type": "Point", "coordinates": [ -104.984651544581922, 39.744995948386801 ] } },
{ "type": "Feature", "properties": { "LST_celsius": 47.858438480000018, "longitude": -104.98360107999174, "latitude": 39.744995804743404 }, "geometry": { "type": "Point", "coordinates": [ -104.983601079991743, 39.744995804743404 ] } },
{ "type": "Feature", "properties": { "LST_celsius": 49.41363758, "longitude": -104.98255061540934, "latitude": 39.744995651594202 }, "geometry": { "type": "Point", "coordinates": [ -104.982550615409338, 39.744995651594202 ] } },
{ "type": "Feature", "properties": { "LST_celsius": 45.944347279999988, "longitude": -105.00916235023237, "latitude": 39.744726295460147 }, "geometry": { "type": "Point", "coordinates": [ -105.009162350232373, 39.744726295460147 ] } },
{ "type": "Feature", "properties": { "LST_celsius": 46.361345720000031, "longitude": -105.00811188970673, "latitude": 39.744726373618306 }, "geometry": { "type": "Point", "coordinates": [ -105.008111889706726, 39.744726373618306 ] } },
{ "type": "Feature", "properties": { "LST_celsius": 46.4262881, "longitude": -105.00706142917721, "latitude": 39.744726442270753 }, "geometry": { "type": "Point", "coordinates": [ -105.007061429177213, 39.744726442270753 ] } },
{ "type": "Feature", "properties": { "LST_celsius": 47.499546380000027, "longitude": -105.00601096864438, "latitude": 39.744726501417482 }, "geometry": { "type": "Point", "coordinates": [ -105.006010968644375, 39.744726501417482 ] } },
{ "type": "Feature", "properties": { "LST_celsius": 47.526890540000011, "longitude": -105.00496050810868, "latitude": 39.74472655105847 }, "geometry": { "type": "Point", "coordinates": [ -105.004960508108681, 39.74472655105847 ] } },
{ "type": "Feature", "properties": { "LST_celsius": 48.114789980000012, "longitude": -105.00391004757063, "latitude": 39.744726591193746 }, "geometry": { "type": "Point", "coordinates": [ -105.003910047570628, 39.744726591193746 ] } },
{ "type": "Feature", "properties": { "LST_celsius": 48.66167317999998, "longitude": -105.00285958703071, "latitude": 39.744726621823304 }, "geometry": { "type": "Point", "coordinates": [ -105.002859587030713, 39.744726621823304 ] } },
{ "type": "Feature", "properties": { "LST_celsius": 46.37843582000005, "longitude": -105.00180912648946, "latitude": 39.744726642947121 }, "geometry": { "type": "Point", "coordinates": [ -105.001809126489462, 39.744726642947121 ] } },
{ "type": "Feature", "properties": { "LST_celsius": 46.2724772, "longitude": -105.00075866594734, "latitude": 39.744726654565234 }, "geometry": { "type": "Point", "coordinates": [ -105.000758665947345, 39.744726654565234 ] } },
{ "type": "Feature", "properties": { "LST_celsius": 44.775384440000039, "longitude": -104.99970820540486, "latitude": 39.744726656677614 }, "geometry": { "type": "Point", "coordinates": [ -104.999708205404858, 39.744726656677614 ] } },
{ "type": "Feature", "properties": { "LST_celsius": 48.5967308, "longitude": -104.99865774486251, "latitude": 39.744726649284281 }, "geometry": { "type": "Point", "coordinates": [ -104.998657744862513, 39.744726649284281 ] } },
{ "type": "Feature", "properties": { "LST_celsius": 53.170041560000016, "longitude": -104.99760728432081, "latitude": 39.744726632385209 }, "geometry": { "type": "Point", "coordinates": [ -104.997607284320807, 39.744726632385209 ] } },
{ "type": "Feature", "properties": { "LST_celsius": 48.65825516000001, "longitude": -104.99655682378022, "latitude": 39.744726605980425 }, "geometry": { "type": "Point", "coordinates": [ -104.996556823780224, 39.744726605980425 ] } },
{ "type": "Feature", "properties": { "LST_celsius": 46.385271859999989, "longitude": -104.9955063632413, "latitude": 39.744726570069915 }, "geometry": { "type": "Point", "coordinates": [ -104.995506363241304, 39.744726570069915 ] } },
{ "type": "Feature", "properties": { "LST_celsius": 44.642081660000031, "longitude": -104.99445590270449, "latitude": 39.744726524653686 }, "geometry": { "type": "Point", "coordinates": [ -104.994455902704487, 39.744726524653686 ] } },
{ "type": "Feature", "properties": { "LST_celsius": 44.782220479999978, "longitude": -104.99340544217031, "latitude": 39.744726469731731 }, "geometry": { "type": "Point", "coordinates": [ -104.993405442170314, 39.744726469731731 ] } },
{ "type": "Feature", "properties": { "LST_celsius": 46.556172860000061, "longitude": -104.99235498163927, "latitude": 39.74472640530405 }, "geometry": { "type": "Point", "coordinates": [ -104.992354981639266, 39.74472640530405 ] } },
{ "type": "Feature", "properties": { "LST_celsius": 46.330583540000021, "longitude": -104.99130452111184, "latitude": 39.74472633137065 }, "geometry": { "type": "Point", "coordinates": [ -104.991304521111843, 39.74472633137065 ] } },
{ "type": "Feature", "properties": { "LST_celsius": 44.184066980000011, "longitude": -104.99025406058854, "latitude": 39.744726247931538 }, "geometry": { "type": "Point", "coordinates": [ -104.990254060588541, 39.744726247931538 ] } },
{ "type": "Feature", "properties": { "LST_celsius": 45.376955960000032, "longitude": -104.98920360006987, "latitude": 39.744726154986694 }, "geometry": { "type": "Point", "coordinates": [ -104.989203600069871, 39.744726154986694 ] } },
{ "type": "Feature", "properties": { "LST_celsius": 45.8452247, "longitude": -104.98815313955632, "latitude": 39.74472605253613 }, "geometry": { "type": "Point", "coordinates": [ -104.988153139556317, 39.74472605253613 ] } },
{ "type": "Feature", "properties": { "LST_celsius": 45.1787108, "longitude": -104.98710267904839, "latitude": 39.744725940579841 }, "geometry": { "type": "Point", "coordinates": [ -104.987102679048391, 39.744725940579841 ] } },
{ "type": "Feature", "properties": { "LST_celsius": 45.729012020000027, "longitude": -104.98605221854658, "latitude": 39.744725819117832 }, "geometry": { "type": "Point", "coordinates": [ -104.986052218546575, 39.744725819117832 ] } },
{ "type": "Feature", "properties": { "LST_celsius": 46.93557308000004, "longitude": -104.98500175805137, "latitude": 39.744725688150098 }, "geometry": { "type": "Point", "coordinates": [ -104.985001758051368, 39.744725688150098 ] } },
{ "type": "Feature", "properties": { "LST_celsius": 46.82619644, "longitude": -104.98395129756328, "latitude": 39.744725547676644 }, "geometry": { "type": "Point", "coordinates": [ -104.98395129756328, 39.744725547676644 ] } },
{ "type": "Feature", "properties": { "LST_celsius": 48.13188008000003, "longitude": -104.98290083708281, "latitude": 39.744725397697479 }, "geometry": { "type": "Point", "coordinates": [ -104.982900837082809, 39.744725397697479 ] } },
{ "type": "Feature", "properties": { "LST_celsius": 49.099179740000011, "longitude": -104.98185037661044, "latitude": 39.744725238212588 }, "geometry": { "type": "Point", "coordinates": [ -104.981850376610439, 39.744725238212588 ] } },
{ "type": "Feature", "properties": { "LST_celsius": 46.610861180000029, "longitude": -105.00846201015143, "latitude": 39.744456042597427 }, "geometry": { "type": "Point", "coordinates": [ -105.008462010151433, 39.744456042597427 ] } },
{ "type": "Feature", "properties": { "LST_celsius": 46.41261602000003, "longitude": -105.00741155372769, "latitude": 39.744456114417758 }, "geometry": { "type": "Point", "coordinates": [ -105.007411553727692, 39.744456114417758 ] } },
{ "type": "Feature", "properties": { "LST_celsius": 47.157744380000054, "longitude": -105.00636109730044, "latitude": 39.744456176732463 }, "geometry": { "type": "Point", "coordinates": [ -105.006361097300442, 39.744456176732463 ] } },
{ "type": "Feature", "properties": { "LST_celsius": 47.8447664, "longitude": -105.00531064087016, "latitude": 39.744456229541527 }, "geometry": { "type": "Point", "coordinates": [ -105.005310640870164, 39.744456229541527 ] } },
{ "type": "Feature", "properties": { "LST_celsius": 47.441440040000032, "longitude": -105.00426018443738, "latitude": 39.744456272844957 }, "geometry": { "type": "Point", "coordinates": [ -105.004260184437385, 39.744456272844957 ] } },
{ "type": "Feature", "properties": { "LST_celsius": 48.8872625, "longitude": -105.00320972800257, "latitude": 39.744456306642753 }, "geometry": { "type": "Point", "coordinates": [ -105.003209728002574, 39.744456306642753 ] } },
{ "type": "Feature", "properties": { "LST_celsius": 47.10647408, "longitude": -105.00215927156624, "latitude": 39.744456330934938 }, "geometry": { "type": "Point", "coordinates": [ -105.002159271566242, 39.744456330934938 ] } },
{ "type": "Feature", "properties": { "LST_celsius": 47.260284980000051, "longitude": -105.00110881512887, "latitude": 39.744456345721467 }, "geometry": { "type": "Point", "coordinates": [ -105.001108815128873, 39.744456345721467 ] } },
{ "type": "Feature", "properties": { "LST_celsius": 44.218247180000049, "longitude": -105.00005835869099, "latitude": 39.744456351002377 }, "geometry": { "type": "Point", "coordinates": [ -105.000058358690993, 39.744456351002377 ] } },
{ "type": "Feature", "properties": { "LST_celsius": 47.079129920000014, "longitude": -104.99900790225308, "latitude": 39.74445634677766 }, "geometry": { "type": "Point", "coordinates": [ -104.999007902253084, 39.74445634677766 ] } },
{ "type": "Feature", "properties": { "LST_celsius": 53.173459579999985, "longitude": -104.99795744581564, "latitude": 39.744456333047296 }, "geometry": { "type": "Point", "coordinates": [ -104.997957445815643, 39.744456333047296 ] } },
{ "type": "Feature", "properties": { "LST_celsius": 52.377060920000019, "longitude": -104.99690698937917, "latitude": 39.744456309811305 }, "geometry": { "type": "Point", "coordinates": [ -104.99690698937917, 39.744456309811305 ] } },
{ "type": "Feature", "properties": { "LST_celsius": 49.314515, "longitude": -104.99585653294417, "latitude": 39.744456277069688 }, "geometry": { "type": "Point", "coordinates": [ -104.995856532944174, 39.744456277069688 ] } },
{ "type": "Feature", "properties": { "LST_celsius": 44.9736296, "longitude": -104.99480607651113, "latitude": 39.744456234822437 }, "geometry": { "type": "Point", "coordinates": [ -104.994806076511125, 39.744456234822437 ] } },
{ "type": "Feature", "properties": { "LST_celsius": 44.334459860000038, "longitude": -104.99375562008055, "latitude": 39.744456183069545 }, "geometry": { "type": "Point", "coordinates": [ -104.993755620080549, 39.744456183069545 ] } },
{ "type": "Feature", "properties": { "LST_celsius": 46.658713460000058, "longitude": -104.99270516365294, "latitude": 39.744456121811027 }, "geometry": { "type": "Point", "coordinates": [ -104.992705163652943, 39.744456121811027 ] } },
{ "type": "Feature", "properties": { "LST_celsius": 48.969294980000029, "longitude": -104.99165470722879, "latitude": 39.744456051046875 }, "geometry": { "type": "Point", "coordinates": [ -104.99165470722879, 39.744456051046875 ] } },
{ "type": "Feature", "properties": { "LST_celsius": 45.558111020000013, "longitude": -104.99060425080859, "latitude": 39.744455970777096 }, "geometry": { "type": "Point", "coordinates": [ -104.990604250808587, 39.744455970777096 ] } },
{ "type": "Feature", "properties": { "LST_celsius": 43.985821820000012, "longitude": -104.98955379439285, "latitude": 39.744455881001691 }, "geometry": { "type": "Point", "coordinates": [ -104.989553794392847, 39.744455881001691 ] } },
{ "type": "Feature", "properties": { "LST_celsius": 44.966793560000042, "longitude": -104.98850333798207, "latitude": 39.744455781720646 }, "geometry": { "type": "Point", "coordinates": [ -104.988503337982067, 39.744455781720646 ] } },
{ "type": "Feature", "properties": { "LST_celsius": 44.7685484, "longitude": -104.98745288157674, "latitude": 39.744455672933974 }, "geometry": { "type": "Point", "coordinates": [ -104.987452881576743, 39.744455672933974 ] } },
{ "type": "Feature", "properties": { "LST_celsius": 44.501942840000027, "longitude": -104.98640242517736, "latitude": 39.744455554641654 }, "geometry": { "type": "Point", "coordinates": [ -104.98640242517736, 39.744455554641654 ] } },
{ "type": "Feature", "properties": { "LST_celsius": 45.37353794000001, "longitude": -104.98535196878443, "latitude": 39.744455426843714 }, "geometry": { "type": "Point", "coordinates": [ -104.985351968784428, 39.744455426843714 ] } },
{ "type": "Feature", "properties": { "LST_celsius": 46.361345720000031, "longitude": -104.98430151239845, "latitude": 39.744455289540149 }, "geometry": { "type": "Point", "coordinates": [ -104.984301512398446, 39.744455289540149 ] } },
{ "type": "Feature", "properties": { "LST_celsius": 47.390169740000033, "longitude": -104.98325105601991, "latitude": 39.744455142730949 }, "geometry": { "type": "Point", "coordinates": [ -104.98325105601991, 39.744455142730949 ] } },
{ "type": "Feature", "properties": { "LST_celsius": 47.786660060000031, "longitude": -104.98220059964932, "latitude": 39.74445498641613 }, "geometry": { "type": "Point", "coordinates": [ -104.982200599649317, 39.74445498641613 ] } },
{ "type": "Feature", "properties": { "LST_celsius": 47.05178576000003, "longitude": -105.0088121278598, "latitude": 39.744185710508226 }, "geometry": { "type": "Point", "coordinates": [ -105.008812127859798, 39.744185710508226 ] } },
{ "type": "Feature", "properties": { "LST_celsius": 46.364763740000058, "longitude": -105.00776167554183, "latitude": 39.744185785496377 }, "geometry": { "type": "Point", "coordinates": [ -105.007761675541829, 39.744185785496377 ] } },
{ "type": "Feature", "properties": { "LST_celsius": 46.67580356000002, "longitude": -105.00671122322018, "latitude": 39.744185850978994 }, "geometry": { "type": "Point", "coordinates": [ -105.006711223220179, 39.744185850978994 ] } },
{ "type": "Feature", "properties": { "LST_celsius": 47.790078080000058, "longitude": -105.00566077089532, "latitude": 39.744185906956083 }, "geometry": { "type": "Point", "coordinates": [ -105.005660770895318, 39.744185906956083 ] } },
{ "type": "Feature", "properties": { "LST_celsius": 47.441440040000032, "longitude": -105.0046103185678, "latitude": 39.744185953427618 }, "geometry": { "type": "Point", "coordinates": [ -105.004610318567799, 39.744185953427618 ] } },
{ "type": "Feature", "properties": { "LST_celsius": 47.499546380000027, "longitude": -105.00355986623808, "latitude": 39.744185990393603 }, "geometry": { "type": "Point", "coordinates": [ -105.003559866238078, 39.744185990393603 ] } },
{ "type": "Feature", "properties": { "LST_celsius": 47.817422240000042, "longitude": -105.00250941390668, "latitude": 39.744186017854062 }, "geometry": { "type": "Point", "coordinates": [ -105.002509413906679, 39.744186017854062 ] } },
{ "type": "Feature", "properties": { "LST_celsius": 47.728553720000036, "longitude": -105.00145896157407, "latitude": 39.744186035808966 }, "geometry": { "type": "Point", "coordinates": [ -105.001458961574073, 39.744186035808966 ] } },
{ "type": "Feature", "properties": { "LST_celsius": 44.143050740000035, "longitude": -105.00040850924078, "latitude": 39.744186044258328 }, "geometry": { "type": "Point", "coordinates": [ -105.000408509240785, 39.744186044258328 ] } },
{ "type": "Feature", "properties": { "LST_celsius": 45.684577760000025, "longitude": -104.99935805690731, "latitude": 39.74418604320217 }, "geometry": { "type": "Point", "coordinates": [ -104.999358056907312, 39.74418604320217 ] } },
{ "type": "Feature", "properties": { "LST_celsius": 50.743247360000055, "longitude": -104.99830760457414, "latitude": 39.744186032640464 }, "geometry": { "type": "Point", "coordinates": [ -104.998307604574137, 39.744186032640464 ] } },
{ "type": "Feature", "properties": { "LST_celsius": 54.88246958000002, "longitude": -104.99725715224177, "latitude": 39.744186012573209 }, "geometry": { "type": "Point", "coordinates": [ -104.997257152241772, 39.744186012573209 ] } },
{ "type": "Feature", "properties": { "LST_celsius": 51.90537416000001, "longitude": -104.99620669991069, "latitude": 39.744185983000406 }, "geometry": { "type": "Point", "coordinates": [ -104.996206699910687, 39.744185983000406 ] } },
{ "type": "Feature", "properties": { "LST_celsius": 46.85695862, "longitude": -104.99515624758142, "latitude": 39.744185943922062 }, "geometry": { "type": "Point", "coordinates": [ -104.99515624758142, 39.744185943922062 ] } },
{ "type": "Feature", "properties": { "LST_celsius": 43.87302716, "longitude": -104.99410579525446, "latitude": 39.744185895338198 }, "geometry": { "type": "Point", "coordinates": [ -104.994105795254455, 39.744185895338198 ] } },
{ "type": "Feature", "properties": { "LST_celsius": 47.157744380000054, "longitude": -104.99305534293028, "latitude": 39.744185837248764 }, "geometry": { "type": "Point", "coordinates": [ -104.993055342930276, 39.744185837248764 ] } },
{ "type": "Feature", "properties": { "LST_celsius": 50.172438020000016, "longitude": -104.99200489060938, "latitude": 39.744185769653811 }, "geometry": { "type": "Point", "coordinates": [ -104.99200489060938, 39.744185769653811 ] } },
{ "type": "Feature", "properties": { "LST_celsius": 47.9985773, "longitude": -104.99095443829229, "latitude": 39.744185692553316 }, "geometry": { "type": "Point", "coordinates": [ -104.990954438292292, 39.744185692553316 ] } },
{ "type": "Feature", "properties": { "LST_celsius": 44.249009360000059, "longitude": -104.9899039859795, "latitude": 39.744185605947258 }, "geometry": { "type": "Point", "coordinates": [ -104.989903985979495, 39.744185605947258 ] } },
{ "type": "Feature", "properties": { "LST_celsius": 43.592749519999984, "longitude": -104.98885353367147, "latitude": 39.744185509835681 }, "geometry": { "type": "Point", "coordinates": [ -104.988853533671474, 39.744185509835681 ] } },
{ "type": "Feature", "properties": { "LST_celsius": 44.748040280000055, "longitude": -104.98780308136875, "latitude": 39.744185404218562 }, "geometry": { "type": "Point", "coordinates": [ -104.987803081368753, 39.744185404218562 ] } },
{ "type": "Feature", "properties": { "LST_celsius": 43.855937060000031, "longitude": -104.98675262907182, "latitude": 39.744185289095896 }, "geometry": { "type": "Point", "coordinates": [ -104.986752629071816, 39.744185289095896 ] } },
{ "type": "Feature", "properties": { "LST_celsius": 44.20115708000003, "longitude": -104.98570217678116, "latitude": 39.744185164467687 }, "geometry": { "type": "Point", "coordinates": [ -104.98570217678116, 39.744185164467687 ] } },
{ "type": "Feature", "properties": { "LST_celsius": 45.585455180000054, "longitude": -104.98465172449728, "latitude": 39.744185030333938 }, "geometry": { "type": "Point", "coordinates": [ -104.984651724497283, 39.744185030333938 ] } },
{ "type": "Feature", "properties": { "LST_celsius": 46.65187742000001, "longitude": -104.98360127222068, "latitude": 39.744184886694654 }, "geometry": { "type": "Point", "coordinates": [ -104.983601272220682, 39.744184886694654 ] } },
{ "type": "Feature", "properties": { "LST_celsius": 47.287629140000035, "longitude": -104.98255081995185, "latitude": 39.74418473354983 }, "geometry": { "type": "Point", "coordinates": [ -104.982550819951854, 39.74418473354983 ] } },
{ "type": "Feature", "properties": { "LST_celsius": 47.7251357, "longitude": -105.00916224283188, "latitude": 39.743915377350724 }, "geometry": { "type": "Point", "coordinates": [ -105.009162242831877, 39.743915377350724 ] } },
{ "type": "Feature", "properties": { "LST_celsius": 46.96975328000002, "longitude": -105.00811179461967, "latitude": 39.743915455506652 }, "geometry": { "type": "Point", "coordinates": [ -105.008111794619666, 39.743915455506652 ] } },
{ "type": "Feature", "properties": { "LST_celsius": 45.71875796, "longitude": -105.0070613464036, "latitude": 39.743915524157131 }, "geometry": { "type": "Point", "coordinates": [ -105.007061346403603, 39.743915524157131 ] } },
{ "type": "Feature", "properties": { "LST_celsius": 47.766151939999986, "longitude": -105.00601089818419, "latitude": 39.743915583302154 }, "geometry": { "type": "Point", "coordinates": [ -105.006010898184186, 39.743915583302154 ] } },
{ "type": "Feature", "properties": { "LST_celsius": 47.3491535000001, "longitude": -105.00496044996191, "latitude": 39.743915632941736 }, "geometry": { "type": "Point", "coordinates": [ -105.004960449961914, 39.743915632941736 ] } },
{ "type": "Feature", "properties": { "LST_celsius": 46.81252436, "longitude": -105.0039100017373, "latitude": 39.743915673075861 }, "geometry": { "type": "Point", "coordinates": [ -105.003910001737296, 39.743915673075861 ] } },
{ "type": "Feature", "properties": { "LST_celsius": 47.64993926, "longitude": -105.00285955351082, "latitude": 39.743915703704538 }, "geometry": { "type": "Point", "coordinates": [ -105.002859553510817, 39.743915703704538 ] } },
{ "type": "Feature", "properties": { "LST_celsius": 47.89945472, "longitude": -105.00180910528299, "latitude": 39.743915724827758 }, "geometry": { "type": "Point", "coordinates": [ -105.001809105282987, 39.743915724827758 ] } },
{ "type": "Feature", "properties": { "LST_celsius": 46.983425360000012, "longitude": -105.00075865705431, "latitude": 39.74391573644553 }, "geometry": { "type": "Point", "coordinates": [ -105.000758657054305, 39.74391573644553 ] } },
{ "type": "Feature", "properties": { "LST_celsius": 43.753396459999976, "longitude": -104.99970820882525, "latitude": 39.743915738557853 }, "geometry": { "type": "Point", "coordinates": [ -104.999708208825254, 39.743915738557853 ] } },
{ "type": "Feature", "properties": { "LST_celsius": 47.940470960000027, "longitude": -104.99865776059634, "latitude": 39.743915731164726 }, "geometry": { "type": "Point", "coordinates": [ -104.998657760596345, 39.743915731164726 ] } },
{ "type": "Feature", "properties": { "LST_celsius": 53.4332291, "longitude": -104.99760731236806, "latitude": 39.743915714266144 }, "geometry": { "type": "Point", "coordinates": [ -104.997607312368061, 39.743915714266144 ] } },
{ "type": "Feature", "properties": { "LST_celsius": 57.2955917, "longitude": -104.99655686414093, "latitude": 39.743915687862113 }, "geometry": { "type": "Point", "coordinates": [ -104.996556864140928, 39.743915687862113 ] } },
{ "type": "Feature", "properties": { "LST_celsius": 52.582142120000015, "longitude": -104.99550641591543, "latitude": 39.743915651952634 }, "geometry": { "type": "Point", "coordinates": [ -104.995506415915429, 39.743915651952634 ] } },
{ "type": "Feature", "properties": { "LST_celsius": 46.11524828000006, "longitude": -104.99445596769205, "latitude": 39.743915606537705 }, "geometry": { "type": "Point", "coordinates": [ -104.994455967692048, 39.743915606537705 ] } },
{ "type": "Feature", "properties": { "LST_celsius": 47.4687842, "longitude": -104.99340551947131, "latitude": 39.74391555161732 }, "geometry": { "type": "Point", "coordinates": [ -104.99340551947131, 39.74391555161732 ] } },
{ "type": "Feature", "properties": { "LST_celsius": 50.360429120000049, "longitude": -104.9923550712537, "latitude": 39.743915487191487 }, "geometry": { "type": "Point", "coordinates": [ -104.992355071253698, 39.743915487191487 ] } },
{ "type": "Feature", "properties": { "LST_celsius": 51.102139459999989, "longitude": -104.9913046230397, "latitude": 39.743915413260197 }, "geometry": { "type": "Point", "coordinates": [ -104.991304623039696, 39.743915413260197 ] } },
{ "type": "Feature", "properties": { "LST_celsius": 46.26905918, "longitude": -104.99025417482983, "latitude": 39.743915329823466 }, "geometry": { "type": "Point", "coordinates": [ -104.990254174829829, 39.743915329823466 ] } },
{ "type": "Feature", "properties": { "LST_celsius": 42.66988412000001, "longitude": -104.98920372662458, "latitude": 39.743915236881278 }, "geometry": { "type": "Point", "coordinates": [ -104.989203726624581, 39.743915236881278 ] } },
{ "type": "Feature", "properties": { "LST_celsius": 44.44041848000001, "longitude": -104.98815327842446, "latitude": 39.743915134433649 }, "geometry": { "type": "Point", "coordinates": [ -104.988153278424463, 39.743915134433649 ] } },
{ "type": "Feature", "properties": { "LST_celsius": 43.739724379999984, "longitude": -104.98710283022996, "latitude": 39.743915022480564 }, "geometry": { "type": "Point", "coordinates": [ -104.987102830229958, 39.743915022480564 ] } },
{ "type": "Feature", "properties": { "LST_celsius": 43.695290119999981, "longitude": -104.98605238204158, "latitude": 39.743914901022038 }, "geometry": { "type": "Point", "coordinates": [ -104.986052382041578, 39.743914901022038 ] } },
{ "type": "Feature", "properties": { "LST_celsius": 45.209472979999987, "longitude": -104.98500193385981, "latitude": 39.743914770058055 }, "geometry": { "type": "Point", "coordinates": [ -104.985001933859806, 39.743914770058055 ] } },
{ "type": "Feature", "properties": { "LST_celsius": 45.98878154, "longitude": -104.98395148568515, "latitude": 39.743914629588616 }, "geometry": { "type": "Point", "coordinates": [ -104.983951485685154, 39.743914629588616 ] } },
{ "type": "Feature", "properties": { "LST_celsius": 47.038113680000038, "longitude": -104.9829010375181, "latitude": 39.743914479613736 }, "geometry": { "type": "Point", "coordinates": [ -104.982901037518104, 39.743914479613736 ] } },
{ "type": "Feature", "properties": { "LST_celsius": 47.08596596000001, "longitude": -104.98185058935917, "latitude": 39.743914320133406 }, "geometry": { "type": "Point", "coordinates": [ -104.981850589359169, 39.743914320133406 ] } },
{ "type": "Feature", "properties": { "LST_celsius": 48.313035140000011, "longitude": -105.00846191096123, "latitude": 39.743645124448605 }, "geometry": { "type": "Point", "coordinates": [ -105.008461910961231, 39.743645124448605 ] } },
{ "type": "Feature", "properties": { "LST_celsius": 45.76319222000001, "longitude": -105.00741146685075, "latitude": 39.74364519626689 }, "geometry": { "type": "Point", "coordinates": [ -105.007411466850755, 39.74364519626689 ] } },
{ "type": "Feature", "properties": { "LST_celsius": 47.43802202000001, "longitude": -105.00636102273677, "latitude": 39.743645258579804 }, "geometry": { "type": "Point", "coordinates": [ -105.006361022736769, 39.743645258579804 ] } },
{ "type": "Feature", "properties": { "LST_celsius": 46.679221579999989, "longitude": -105.00531057861977, "latitude": 39.743645311387354 }, "geometry": { "type": "Point", "coordinates": [ -105.00531057861977, 39.743645311387354 ] } },
{ "type": "Feature", "properties": { "LST_celsius": 46.730491880000045, "longitude": -105.00426013450024, "latitude": 39.743645354689555 }, "geometry": { "type": "Point", "coordinates": [ -105.004260134500242, 39.743645354689555 ] } },
{ "type": "Feature", "properties": { "LST_celsius": 47.287629140000035, "longitude": -105.00320969037871, "latitude": 39.743645388486399 }, "geometry": { "type": "Point", "coordinates": [ -105.003209690378711, 39.743645388486399 ] } },
{ "type": "Feature", "properties": { "LST_celsius": 49.01031122000001, "longitude": -105.00215924625564, "latitude": 39.743645412777866 }, "geometry": { "type": "Point", "coordinates": [ -105.002159246255644, 39.743645412777866 ] } },
{ "type": "Feature", "properties": { "LST_celsius": 47.971233139999981, "longitude": -105.00110880213154, "latitude": 39.743645427563983 }, "geometry": { "type": "Point", "coordinates": [ -105.00110880213154, 39.743645427563983 ] } },
{ "type": "Feature", "properties": { "LST_celsius": 43.10739067999998, "longitude": -105.00005835800692, "latitude": 39.743645432844744 }, "geometry": { "type": "Point", "coordinates": [ -105.000058358006925, 39.743645432844744 ] } },
{ "type": "Feature", "properties": { "LST_celsius": 45.705085880000013, "longitude": -104.99900791388228, "latitude": 39.743645428620134 }, "geometry": { "type": "Point", "coordinates": [ -104.999007913882281, 39.743645428620134 ] } },
{ "type": "Feature", "properties": { "LST_celsius": 50.9209844, "longitude": -104.99795746975811, "latitude": 39.743645414890167 }, "geometry": { "type": "Point", "coordinates": [ -104.997957469758106, 39.743645414890167 ] } },
{ "type": "Feature", "properties": { "LST_celsius": 60.368391680000059, "longitude": -104.9969070256349, "latitude": 39.743645391654837 }, "geometry": { "type": "Point", "coordinates": [ -104.996907025634897, 39.743645391654837 ] } },
{ "type": "Feature", "properties": { "LST_celsius": 60.289777220000019, "longitude": -104.99585658151317, "latitude": 39.743645358914158 }, "geometry": { "type": "Point", "coordinates": [ -104.995856581513166, 39.743645358914158 ] } },
{ "type": "Feature", "properties": { "LST_celsius": 51.2456963, "longitude": -104.99480613739338, "latitude": 39.743645316668115 }, "geometry": { "type": "Point", "coordinates": [ -104.994806137393383, 39.743645316668115 ] } },
{ "type": "Feature", "properties": { "LST_celsius": 48.1694783, "longitude": -104.99375569327607, "latitude": 39.743645264916701 }, "geometry": { "type": "Point", "coordinates": [ -104.993755693276071, 39.743645264916701 ] } },
{ "type": "Feature", "properties": { "LST_celsius": 50.292068720000032, "longitude": -104.99270524916173, "latitude": 39.743645203659945 }, "geometry": { "type": "Point", "coordinates": [ -104.99270524916173, 39.743645203659945 ] } },
{ "type": "Feature", "properties": { "LST_celsius": 52.3736429, "longitude": -104.99165480505084, "latitude": 39.743645132897811 }, "geometry": { "type": "Point", "coordinates": [ -104.991654805050842, 39.743645132897811 ] } },
{ "type": "Feature", "properties": { "LST_celsius": 49.779365719999987, "longitude": -104.99060436094392, "latitude": 39.743645052630335 }, "geometry": { "type": "Point", "coordinates": [ -104.990604360943919, 39.743645052630335 ] } },
{ "type": "Feature", "properties": { "LST_celsius": 44.214829160000022, "longitude": -104.98955391684143, "latitude": 39.743644962857495 }, "geometry": { "type": "Point", "coordinates": [ -104.98955391684143, 39.743644962857495 ] } },
{ "type": "Feature", "properties": { "LST_celsius": 43.377414260000023, "longitude": -104.98850347274391, "latitude": 39.743644863579284 }, "geometry": { "type": "Point", "coordinates": [ -104.988503472743915, 39.743644863579284 ] } },
{ "type": "Feature", "properties": { "LST_celsius": 43.30221782000001, "longitude": -104.98745302865186, "latitude": 39.74364475479571 }, "geometry": { "type": "Point", "coordinates": [ -104.987453028651856, 39.74364475479571 ] } },
{ "type": "Feature", "properties": { "LST_celsius": 43.394504360000042, "longitude": -104.98640258456574, "latitude": 39.743644636506794 }, "geometry": { "type": "Point", "coordinates": [ -104.986402584565738, 39.743644636506794 ] } },
{ "type": "Feature", "properties": { "LST_celsius": 44.980465640000034, "longitude": -104.98535214048609, "latitude": 39.743644508712521 }, "geometry": { "type": "Point", "coordinates": [ -104.985352140486086, 39.743644508712521 ] } },
{ "type": "Feature", "properties": { "LST_celsius": 45.77002826, "longitude": -104.98430169641335, "latitude": 39.743644371412877 }, "geometry": { "type": "Point", "coordinates": [ -104.984301696413354, 39.743644371412877 ] } },
{ "type": "Feature", "properties": { "LST_celsius": 46.5630089, "longitude": -104.98325125234808, "latitude": 39.743644224607877 }, "geometry": { "type": "Point", "coordinates": [ -104.983251252348083, 39.743644224607877 ] } },
{ "type": "Feature", "properties": { "LST_celsius": 47.0073515, "longitude": -104.98220080829076, "latitude": 39.743644068297513 }, "geometry": { "type": "Point", "coordinates": [ -104.982200808290756, 39.743644068297513 ] } },
{ "type": "Feature", "properties": { "LST_celsius": 49.1948843, "longitude": -105.00881202456658, "latitude": 39.743374792322271 }, "geometry": { "type": "Point", "coordinates": [ -105.008812024566581, 39.743374792322271 ] } },
{ "type": "Feature", "properties": { "LST_celsius": 46.966335260000051, "longitude": -105.00776158456169, "latitude": 39.743374867308297 }, "geometry": { "type": "Point", "coordinates": [ -105.007761584561692, 39.743374867308297 ] } },
{ "type": "Feature", "properties": { "LST_celsius": 46.67580356000002, "longitude": -105.00671114455314, "latitude": 39.743374932789031 }, "geometry": { "type": "Point", "coordinates": [ -105.006711144553137, 39.743374932789031 ] } },
{ "type": "Feature", "properties": { "LST_celsius": 47.031277639999985, "longitude": -105.0056607045414, "latitude": 39.743374988764508 }, "geometry": { "type": "Point", "coordinates": [ -105.005660704541398, 39.743374988764508 ] } },
{ "type": "Feature", "properties": { "LST_celsius": 46.2041168, "longitude": -105.00461026452696, "latitude": 39.743375035234713 }, "geometry": { "type": "Point", "coordinates": [ -105.00461026452696, 39.743375035234713 ] } },
{ "type": "Feature", "properties": { "LST_celsius": 47.721717679999983, "longitude": -105.00355982451035, "latitude": 39.743375072199655 }, "geometry": { "type": "Point", "coordinates": [ -105.003559824510347, 39.743375072199655 ] } },
{ "type": "Feature", "properties": { "LST_celsius": 49.30426094000001, "longitude": -105.00250938449204, "latitude": 39.74337509965931 }, "geometry": { "type": "Point", "coordinates": [ -105.002509384492043, 39.74337509965931 ] } },
{ "type": "Feature", "properties": { "LST_celsius": 48.336961280000025, "longitude": -105.00145894447256, "latitude": 39.743375117613724 }, "geometry": { "type": "Point", "coordinates": [ -105.00145894447256, 39.743375117613724 ] } },
{ "type": "Feature", "properties": { "LST_celsius": 42.69722828, "longitude": -105.00040850445237, "latitude": 39.743375126062844 }, "geometry": { "type": "Point", "coordinates": [ -105.000408504452366, 39.743375126062844 ] } },
{ "type": "Feature", "properties": { "LST_celsius": 43.47653684, "longitude": -104.999358064432, "latitude": 39.743375125006708 }, "geometry": { "type": "Point", "coordinates": [ -104.999358064432002, 39.743375125006708 ] } },
{ "type": "Feature", "properties": { "LST_celsius": 47.800332140000023, "longitude": -104.99830762441192, "latitude": 39.743375114445293 }, "geometry": { "type": "Point", "coordinates": [ -104.998307624411922, 39.743375114445293 ] } },
{ "type": "Feature", "properties": { "LST_celsius": 58.871298920000015, "longitude": -104.99725718439265, "latitude": 39.743375094378614 }, "geometry": { "type": "Point", "coordinates": [ -104.997257184392652, 39.743375094378614 ] } },
{ "type": "Feature", "properties": { "LST_celsius": 65.0032268, "longitude": -104.99620674437467, "latitude": 39.743375064806671 }, "geometry": { "type": "Point", "coordinates": [ -104.996206744374675, 39.743375064806671 ] } },
{ "type": "Feature", "properties": { "LST_celsius": 58.77901238000004, "longitude": -104.9951563043585, "latitude": 39.743375025729449 }, "geometry": { "type": "Point", "coordinates": [ -104.995156304358503, 39.743375025729449 ] } },
{ "type": "Feature", "properties": { "LST_celsius": 51.201262040000017, "longitude": -104.99410586434462, "latitude": 39.743374977146956 }, "geometry": { "type": "Point", "coordinates": [ -104.994105864344618, 39.743374977146956 ] } },
{ "type": "Feature", "properties": { "LST_celsius": 49.953684740000028, "longitude": -104.99305542433353, "latitude": 39.7433749190592 }, "geometry": { "type": "Point", "coordinates": [ -104.993055424333534, 39.7433749190592 ] } },
{ "type": "Feature", "properties": { "LST_celsius": 51.601170379999985, "longitude": -104.99200498432576, "latitude": 39.743374851466172 }, "geometry": { "type": "Point", "coordinates": [ -104.99200498432576, 39.743374851466172 ] } },
{ "type": "Feature", "properties": { "LST_celsius": 52.315536560000055, "longitude": -104.99095454432175, "latitude": 39.743374774367872 }, "geometry": { "type": "Point", "coordinates": [ -104.990954544321752, 39.743374774367872 ] } },
{ "type": "Feature", "properties": { "LST_celsius": 47.4858743, "longitude": -104.98990410432206, "latitude": 39.743374687764309 }, "geometry": { "type": "Point", "coordinates": [ -104.989904104322065, 39.743374687764309 ] } },
{ "type": "Feature", "properties": { "LST_celsius": 43.312471880000032, "longitude": -104.98885366432714, "latitude": 39.743374591655474 }, "geometry": { "type": "Point", "coordinates": [ -104.988853664327138, 39.743374591655474 ] } },
{ "type": "Feature", "properties": { "LST_celsius": 43.26803762000003, "longitude": -104.98780322433753, "latitude": 39.743374486041375 }, "geometry": { "type": "Point", "coordinates": [ -104.987803224337526, 39.743374486041375 ] } },
{ "type": "Feature", "properties": { "LST_celsius": 43.44919268000001, "longitude": -104.98675278435368, "latitude": 39.743374370921998 }, "geometry": { "type": "Point", "coordinates": [ -104.986752784353683, 39.743374370921998 ] } },
{ "type": "Feature", "properties": { "LST_celsius": 44.79931058, "longitude": -104.98570234437612, "latitude": 39.743374246297357 }, "geometry": { "type": "Point", "coordinates": [ -104.985702344376122, 39.743374246297357 ] } },
{ "type": "Feature", "properties": { "LST_celsius": 46.405779980000034, "longitude": -104.98465190440534, "latitude": 39.743374112167444 }, "geometry": { "type": "Point", "coordinates": [ -104.984651904405339, 39.743374112167444 ] } },
{ "type": "Feature", "properties": { "LST_celsius": 46.422870080000052, "longitude": -104.98360146444185, "latitude": 39.743373968532261 }, "geometry": { "type": "Point", "coordinates": [ -104.983601464441847, 39.743373968532261 ] } },
{ "type": "Feature", "properties": { "LST_celsius": 46.82619644, "longitude": -104.98255102448611, "latitude": 39.743373815391827 }, "geometry": { "type": "Point", "coordinates": [ -104.982551024486114, 39.743373815391827 ] } },
{ "type": "Feature", "properties": { "LST_celsius": 48.753959720000012, "longitude": -105.00916213543574, "latitude": 39.743104459127679 }, "geometry": { "type": "Point", "coordinates": [ -105.009162135435744, 39.743104459127679 ] } },
{ "type": "Feature", "properties": { "LST_celsius": 48.76079576000001, "longitude": -105.00811169953646, "latitude": 39.743104537281376 }, "geometry": { "type": "Point", "coordinates": [ -105.008111699536457, 39.743104537281376 ] } },
{ "type": "Feature", "properties": { "LST_celsius": 46.610861180000029, "longitude": -105.00706126363332, "latitude": 39.743104605929894 }, "geometry": { "type": "Point", "coordinates": [ -105.007061263633318, 39.743104605929894 ] } },
{ "type": "Feature", "properties": { "LST_celsius": 46.89455684000001, "longitude": -105.00601082772683, "latitude": 39.743104665073226 }, "geometry": { "type": "Point", "coordinates": [ -105.006010827726826, 39.743104665073226 ] } },
{ "type": "Feature", "properties": { "LST_celsius": 46.06397798, "longitude": -105.00496039181751, "latitude": 39.743104714711379 }, "geometry": { "type": "Point", "coordinates": [ -105.004960391817505, 39.743104714711379 ] } },
{ "type": "Feature", "properties": { "LST_celsius": 47.718299660000014, "longitude": -105.00390995590581, "latitude": 39.74310475484436 }, "geometry": { "type": "Point", "coordinates": [ -105.003909955905812, 39.74310475484436 ] } },
{ "type": "Feature", "properties": { "LST_celsius": 48.8701724, "longitude": -105.00285951999227, "latitude": 39.743104785472148 }, "geometry": { "type": "Point", "coordinates": [ -105.002859519992271, 39.743104785472148 ] } },
{ "type": "Feature", "properties": { "LST_celsius": 48.583058720000054, "longitude": -105.00180908407738, "latitude": 39.743104806594786 }, "geometry": { "type": "Point", "coordinates": [ -105.001809084077379, 39.743104806594786 ] } },
{ "type": "Feature", "properties": { "LST_celsius": 45.4179722, "longitude": -105.00075864816162, "latitude": 39.743104818212217 }, "geometry": { "type": "Point", "coordinates": [ -105.000758648161622, 39.743104818212217 ] } },
{ "type": "Feature", "properties": { "LST_celsius": 43.056120380000038, "longitude": -104.99970821224551, "latitude": 39.743104820324483 }, "geometry": { "type": "Point", "coordinates": [ -104.999708212245508, 39.743104820324483 ] } },
{ "type": "Feature", "properties": { "LST_celsius": 44.823236720000011, "longitude": -104.99865777632954, "latitude": 39.74310481293157 }, "geometry": { "type": "Point", "coordinates": [ -104.998657776329537, 39.74310481293157 ] } },
{ "type": "Feature", "properties": { "LST_celsius": 54.6295361, "longitude": -104.99760734041419, "latitude": 39.743104796033471 }, "geometry": { "type": "Point", "coordinates": [ -104.997607340414191, 39.743104796033471 ] } },
{ "type": "Feature", "properties": { "LST_celsius": 66.329418560000022, "longitude": -104.99655690449998, "latitude": 39.743104769630193 }, "geometry": { "type": "Point", "coordinates": [ -104.996556904499982, 39.743104769630193 ] } },
{ "type": "Feature", "properties": { "LST_celsius": 64.74003926, "longitude": -104.99550646858742, "latitude": 39.743104733721736 }, "geometry": { "type": "Point", "coordinates": [ -104.995506468587422, 39.743104733721736 ] } },
{ "type": "Feature", "properties": { "LST_celsius": 55.562655560000053, "longitude": -104.99445603267698, "latitude": 39.743104688308115 }, "geometry": { "type": "Point", "coordinates": [ -104.994456032676979, 39.743104688308115 ] } },
{ "type": "Feature", "properties": { "LST_celsius": 50.6646329, "longitude": -104.99340559676916, "latitude": 39.743104633389287 }, "geometry": { "type": "Point", "coordinates": [ -104.993405596769165, 39.743104633389287 ] } },
{ "type": "Feature", "properties": { "LST_celsius": 49.803291860000058, "longitude": -104.99235516086449, "latitude": 39.7431045689653 }, "geometry": { "type": "Point", "coordinates": [ -104.992355160864491, 39.7431045689653 ] } },
{ "type": "Feature", "properties": { "LST_celsius": 51.6900389, "longitude": -104.99130472496343, "latitude": 39.743104495036143 }, "geometry": { "type": "Point", "coordinates": [ -104.991304724963427, 39.743104495036143 ] } },
{ "type": "Feature", "properties": { "LST_celsius": 49.5025061, "longitude": -104.9902542890665, "latitude": 39.743104411601784 }, "geometry": { "type": "Point", "coordinates": [ -104.990254289066499, 39.743104411601784 ] } },
{ "type": "Feature", "properties": { "LST_celsius": 45.188964860000056, "longitude": -104.98920385317419, "latitude": 39.743104318662269 }, "geometry": { "type": "Point", "coordinates": [ -104.989203853174189, 39.743104318662269 ] } },
{ "type": "Feature", "properties": { "LST_celsius": 42.731408480000027, "longitude": -104.98815341728699, "latitude": 39.74310421621756 }, "geometry": { "type": "Point", "coordinates": [ -104.988153417286995, 39.74310421621756 ] } },
{ "type": "Feature", "properties": { "LST_celsius": 43.493626940000013, "longitude": -104.98710298140543, "latitude": 39.74310410426768 }, "geometry": { "type": "Point", "coordinates": [ -104.987102981405428, 39.74310410426768 ] } },
{ "type": "Feature", "properties": { "LST_celsius": 44.908687220000047, "longitude": -104.98605254552997, "latitude": 39.743103982812613 }, "geometry": { "type": "Point", "coordinates": [ -104.986052545529972, 39.743103982812613 ] } },
{ "type": "Feature", "properties": { "LST_celsius": 46.908228920000056, "longitude": -104.98500210966112, "latitude": 39.743103851852382 }, "geometry": { "type": "Point", "coordinates": [ -104.985002109661124, 39.743103851852382 ] } },
{ "type": "Feature", "properties": { "LST_celsius": 46.62111524, "longitude": -104.98395167379941, "latitude": 39.743103711386965 }, "geometry": { "type": "Point", "coordinates": [ -104.98395167379941, 39.743103711386965 ] } },
{ "type": "Feature", "properties": { "LST_celsius": 46.627951280000048, "longitude": -104.98290123794528, "latitude": 39.743103561416369 }, "geometry": { "type": "Point", "coordinates": [ -104.982901237945285, 39.743103561416369 ] } },
{ "type": "Feature", "properties": { "LST_celsius": 46.41603404, "longitude": -104.9818508020993, "latitude": 39.743103401940601 }, "geometry": { "type": "Point", "coordinates": [ -104.981850802099302, 39.743103401940601 ] } },
{ "type": "Feature", "properties": { "LST_celsius": 49.594792640000037, "longitude": -105.00846181177505, "latitude": 39.742834206186167 }, "geometry": { "type": "Point", "coordinates": [ -105.008461811775049, 39.742834206186167 ] } },
{ "type": "Feature", "properties": { "LST_celsius": 47.068875860000048, "longitude": -105.00741137997734, "latitude": 39.742834278002391 }, "geometry": { "type": "Point", "coordinates": [ -105.007411379977341, 39.742834278002391 ] } },
{ "type": "Feature", "properties": { "LST_celsius": 46.422870080000052, "longitude": -105.00636094817612, "latitude": 39.742834340313522 }, "geometry": { "type": "Point", "coordinates": [ -105.006360948176123, 39.742834340313522 ] } },
{ "type": "Feature", "properties": { "LST_celsius": 46.043469860000016, "longitude": -105.00531051637188, "latitude": 39.742834393119573 }, "geometry": { "type": "Point", "coordinates": [ -105.005310516371878, 39.742834393119573 ] } },
{ "type": "Feature", "properties": { "LST_celsius": 47.403841820000025, "longitude": -105.00426008456513, "latitude": 39.742834436420537 }, "geometry": { "type": "Point", "coordinates": [ -105.004260084565132, 39.742834436420537 ] } },
{ "type": "Feature", "properties": { "LST_celsius": 49.31109698, "longitude": -105.00320965275635, "latitude": 39.742834470216401 }, "geometry": { "type": "Point", "coordinates": [ -105.003209652756354, 39.742834470216401 ] } },
{ "type": "Feature", "properties": { "LST_celsius": 48.630911, "longitude": -105.00215922094606, "latitude": 39.742834494507179 }, "geometry": { "type": "Point", "coordinates": [ -105.002159220946055, 39.742834494507179 ] } },
{ "type": "Feature", "properties": { "LST_celsius": 46.22462492, "longitude": -105.00110878913472, "latitude": 39.742834509292869 }, "geometry": { "type": "Point", "coordinates": [ -105.001108789134719, 39.742834509292869 ] } },
{ "type": "Feature", "properties": { "LST_celsius": 43.01510414000001, "longitude": -105.00005835732289, "latitude": 39.742834514573474 }, "geometry": { "type": "Point", "coordinates": [ -105.000058357322885, 39.742834514573474 ] } },
{ "type": "Feature", "properties": { "LST_celsius": 43.466282780000029, "longitude": -104.99900792551101, "latitude": 39.742834510348992 }, "geometry": { "type": "Point", "coordinates": [ -104.999007925511009, 39.742834510348992 ] } },
{ "type": "Feature", "properties": { "LST_celsius": 50.0322992, "longitude": -104.9979574936996, "latitude": 39.742834496619423 }, "geometry": { "type": "Point", "coordinates": [ -104.997957493699602, 39.742834496619423 ] } },
{ "type": "Feature", "properties": { "LST_celsius": 64.169229920000021, "longitude": -104.99690706188916, "latitude": 39.742834473384761 }, "geometry": { "type": "Point", "coordinates": [ -104.996907061889161, 39.742834473384761 ] } },
{ "type": "Feature", "properties": { "LST_celsius": 68.9510399, "longitude": -104.9958566300802, "latitude": 39.742834440645019 }, "geometry": { "type": "Point", "coordinates": [ -104.995856630080198, 39.742834440645019 ] } },
{ "type": "Feature", "properties": { "LST_celsius": 59.947975219999989, "longitude": -104.99480619827318, "latitude": 39.74283439840017 }, "geometry": { "type": "Point", "coordinates": [ -104.994806198273182, 39.74283439840017 ] } },
{ "type": "Feature", "properties": { "LST_celsius": 52.00791476000001, "longitude": -104.99375576646864, "latitude": 39.742834346650255 }, "geometry": { "type": "Point", "coordinates": [ -104.993755766468638, 39.742834346650255 ] } },
{ "type": "Feature", "properties": { "LST_celsius": 48.80864803999998, "longitude": -104.99270533466706, "latitude": 39.74283428539524 }, "geometry": { "type": "Point", "coordinates": [ -104.992705334667065, 39.74283428539524 ] } },
{ "type": "Feature", "properties": { "LST_celsius": 49.294006879999984, "longitude": -104.99165490286894, "latitude": 39.742834214635138 }, "geometry": { "type": "Point", "coordinates": [ -104.991654902868945, 39.742834214635138 ] } },
{ "type": "Feature", "properties": { "LST_celsius": 49.567448480000053, "longitude": -104.99060447107479, "latitude": 39.74283413436995 }, "geometry": { "type": "Point", "coordinates": [ -104.990604471074789, 39.74283413436995 ] } },
{ "type": "Feature", "properties": { "LST_celsius": 46.532246719999989, "longitude": -104.98955403928507, "latitude": 39.742834044599668 }, "geometry": { "type": "Point", "coordinates": [ -104.989554039285068, 39.742834044599668 ] } },
{ "type": "Feature", "properties": { "LST_celsius": 42.779260760000057, "longitude": -104.98850360750032, "latitude": 39.742833945324307 }, "geometry": { "type": "Point", "coordinates": [ -104.98850360750032, 39.742833945324307 ] } },
{ "type": "Feature", "properties": { "LST_celsius": 43.240693459999989, "longitude": -104.98745317572101, "latitude": 39.742833836543852 }, "geometry": { "type": "Point", "coordinates": [ -104.987453175721015, 39.742833836543852 ] } },
{ "type": "Feature", "properties": { "LST_celsius": 45.32226764000001, "longitude": -104.98640274394768, "latitude": 39.742833718258311 }, "geometry": { "type": "Point", "coordinates": [ -104.986402743947679, 39.742833718258311 ] } },
{ "type": "Feature", "properties": { "LST_celsius": 47.0244416, "longitude": -104.98535231218077, "latitude": 39.742833590467683 }, "geometry": { "type": "Point", "coordinates": [ -104.985352312180765, 39.742833590467683 ] } },
{ "type": "Feature", "properties": { "LST_celsius": 47.065457840000022, "longitude": -104.98430188042082, "latitude": 39.742833453171976 }, "geometry": { "type": "Point", "coordinates": [ -104.984301880420816, 39.742833453171976 ] } },
{ "type": "Feature", "properties": { "LST_celsius": 46.320329480000055, "longitude": -104.98325144866831, "latitude": 39.742833306371175 }, "geometry": { "type": "Point", "coordinates": [ -104.983251448668312, 39.742833306371175 ] } },
{ "type": "Feature", "properties": { "LST_celsius": 46.241715020000015, "longitude": -104.98220101692375, "latitude": 39.74283315006528 }, "geometry": { "type": "Point", "coordinates": [ -104.982201016923753, 39.74283315006528 ] } },
{ "type": "Feature", "properties": { "LST_celsius": 49.529850259999989, "longitude": -105.00881192127754, "latitude": 39.7425638740227 }, "geometry": { "type": "Point", "coordinates": [ -105.008811921277541, 39.7425638740227 ] } },
{ "type": "Feature", "properties": { "LST_celsius": 47.308137260000024, "longitude": -105.00776149358525, "latitude": 39.742563949006573 }, "geometry": { "type": "Point", "coordinates": [ -105.007761493585249, 39.742563949006573 ] } },
{ "type": "Feature", "properties": { "LST_celsius": 46.508320580000031, "longitude": -105.00671106588929, "latitude": 39.742564014485446 }, "geometry": { "type": "Point", "coordinates": [ -105.006711065889291, 39.742564014485446 ] } },
{ "type": "Feature", "properties": { "LST_celsius": 46.552754840000034, "longitude": -105.00566063819015, "latitude": 39.742564070459316 }, "geometry": { "type": "Point", "coordinates": [ -105.00566063819015, 39.742564070459316 ] } },
{ "type": "Feature", "properties": { "LST_celsius": 46.983425360000012, "longitude": -105.00461021048832, "latitude": 39.742564116928193 }, "geometry": { "type": "Point", "coordinates": [ -105.004610210488323, 39.742564116928193 ] } },
{ "type": "Feature", "properties": { "LST_celsius": 48.91802468000003, "longitude": -105.00355978278431, "latitude": 39.742564153892083 }, "geometry": { "type": "Point", "coordinates": [ -105.003559782784308, 39.742564153892083 ] } },
{ "type": "Feature", "properties": { "LST_celsius": 49.35553124, "longitude": -105.0025093550786, "latitude": 39.742564181350957 }, "geometry": { "type": "Point", "coordinates": [ -105.002509355078601, 39.742564181350957 ] } },
{ "type": "Feature", "properties": { "LST_celsius": 47.185088540000038, "longitude": -105.00145892737171, "latitude": 39.742564199304844 }, "geometry": { "type": "Point", "coordinates": [ -105.001458927371715, 39.742564199304844 ] } },
{ "type": "Feature", "properties": { "LST_celsius": 44.618155520000016, "longitude": -105.00040849966415, "latitude": 39.742564207753738 }, "geometry": { "type": "Point", "coordinates": [ -105.000408499664147, 39.742564207753738 ] } },
{ "type": "Feature", "properties": { "LST_celsius": 42.652794019999988, "longitude": -104.99935807195637, "latitude": 39.742564206697622 }, "geometry": { "type": "Point", "coordinates": [ -104.999358071956365, 39.742564206697622 ] } },
{ "type": "Feature", "properties": { "LST_celsius": 49.232482520000019, "longitude": -104.99830764424888, "latitude": 39.742564196136513 }, "geometry": { "type": "Point", "coordinates": [ -104.998307644248882, 39.742564196136513 ] } },
{ "type": "Feature", "properties": { "LST_celsius": 62.111581880000017, "longitude": -104.99725721654221, "latitude": 39.74256417607041 }, "geometry": { "type": "Point", "coordinates": [ -104.997257216542209, 39.74256417607041 ] } },
{ "type": "Feature", "properties": { "LST_celsius": 70.034552240000039, "longitude": -104.99620678883684, "latitude": 39.742564146499305 }, "geometry": { "type": "Point", "coordinates": [ -104.996206788836844, 39.742564146499305 ] } },
{ "type": "Feature", "properties": { "LST_celsius": 64.36405706000005, "longitude": -104.99515636113327, "latitude": 39.742564107423199 }, "geometry": { "type": "Point", "coordinates": [ -104.995156361133269, 39.742564107423199 ] } },
{ "type": "Feature", "properties": { "LST_celsius": 54.192029540000021, "longitude": -104.994105933432, "latitude": 39.742564058842099 }, "geometry": { "type": "Point", "coordinates": [ -104.994105933431996, 39.742564058842099 ] } },
{ "type": "Feature", "properties": { "LST_celsius": 48.695853380000017, "longitude": -104.99305550573352, "latitude": 39.742564000755998 }, "geometry": { "type": "Point", "coordinates": [ -104.993055505733523, 39.742564000755998 ] } },
{ "type": "Feature", "properties": { "LST_celsius": 48.008831360000045, "longitude": -104.99200507803835, "latitude": 39.742563933164909 }, "geometry": { "type": "Point", "coordinates": [ -104.992005078038346, 39.742563933164909 ] } },
{ "type": "Feature", "properties": { "LST_celsius": 48.67876328, "longitude": -104.99095465034695, "latitude": 39.74256385606882 }, "geometry": { "type": "Point", "coordinates": [ -104.99095465034695, 39.74256385606882 ] } },
{ "type": "Feature", "properties": { "LST_celsius": 47.133818239999982, "longitude": -104.98990422265985, "latitude": 39.742563769467736 }, "geometry": { "type": "Point", "coordinates": [ -104.989904222659845, 39.742563769467736 ] } },
{ "type": "Feature", "properties": { "LST_celsius": 43.6576919, "longitude": -104.98885379497753, "latitude": 39.742563673361644 }, "geometry": { "type": "Point", "coordinates": [ -104.98885379497753, 39.742563673361644 ] } },
{ "type": "Feature", "properties": { "LST_celsius": 42.796350860000018, "longitude": -104.9878033673005, "latitude": 39.742563567750565 }, "geometry": { "type": "Point", "coordinates": [ -104.987803367300501, 39.742563567750565 ] } },
{ "type": "Feature", "properties": { "LST_celsius": 45.3154316, "longitude": -104.98675293962926, "latitude": 39.742563452634485 }, "geometry": { "type": "Point", "coordinates": [ -104.986752939629255, 39.742563452634485 ] } },
{ "type": "Feature", "properties": { "LST_celsius": 47.1611624, "longitude": -104.98570251196431, "latitude": 39.742563328013411 }, "geometry": { "type": "Point", "coordinates": [ -104.985702511964305, 39.742563328013411 ] } },
{ "type": "Feature", "properties": { "LST_celsius": 47.010769520000053, "longitude": -104.98465208430612, "latitude": 39.742563193887335 }, "geometry": { "type": "Point", "coordinates": [ -104.98465208430612, 39.742563193887335 ] } },
{ "type": "Feature", "properties": { "LST_celsius": 45.80762648000001, "longitude": -104.98360165665522, "latitude": 39.742563050256265 }, "geometry": { "type": "Point", "coordinates": [ -104.983601656655225, 39.742563050256265 ] } },
{ "type": "Feature", "properties": { "LST_celsius": 45.7426841, "longitude": -104.9825512290121, "latitude": 39.742562897120202 }, "geometry": { "type": "Point", "coordinates": [ -104.982551229012103, 39.742562897120202 ] } },
{ "type": "Feature", "properties": { "LST_celsius": 48.9043526, "longitude": -105.00916202804395, "latitude": 39.742293540791017 }, "geometry": { "type": "Point", "coordinates": [ -105.009162028043946, 39.742293540791017 ] } },
{ "type": "Feature", "properties": { "LST_celsius": 47.4858743, "longitude": -105.00811160445708, "latitude": 39.742293618942469 }, "geometry": { "type": "Point", "coordinates": [ -105.008111604457085, 39.742293618942469 ] } },
{ "type": "Feature", "properties": { "LST_celsius": 47.1440723, "longitude": -105.00706118086639, "latitude": 39.742293687589012 }, "geometry": { "type": "Point", "coordinates": [ -105.007061180866387, 39.742293687589012 ] } },
{ "type": "Feature", "properties": { "LST_celsius": 47.034695660000011, "longitude": -105.00601075727234, "latitude": 39.742293746730667 }, "geometry": { "type": "Point", "coordinates": [ -105.006010757272335, 39.742293746730667 ] } },
{ "type": "Feature", "properties": { "LST_celsius": 47.065457840000022, "longitude": -105.00496033367544, "latitude": 39.742293796367399 }, "geometry": { "type": "Point", "coordinates": [ -105.004960333675442, 39.742293796367399 ] } },
{ "type": "Feature", "properties": { "LST_celsius": 47.78324204, "longitude": -105.0039099100762, "latitude": 39.742293836499222 }, "geometry": { "type": "Point", "coordinates": [ -105.003909910076203, 39.742293836499222 ] } },
{ "type": "Feature", "properties": { "LST_celsius": 49.72125938, "longitude": -105.00285948647509, "latitude": 39.742293867126151 }, "geometry": { "type": "Point", "coordinates": [ -105.002859486475089, 39.742293867126151 ] } },
{ "type": "Feature", "properties": { "LST_celsius": 48.583058720000054, "longitude": -105.00180906287262, "latitude": 39.742293888248163 }, "geometry": { "type": "Point", "coordinates": [ -105.001809062872624, 39.742293888248163 ] } },
{ "type": "Feature", "properties": { "LST_celsius": 45.527348840000059, "longitude": -105.00075863926931, "latitude": 39.742293899865274 }, "geometry": { "type": "Point", "coordinates": [ -105.000758639269307, 39.742293899865274 ] } },
{ "type": "Feature", "properties": { "LST_celsius": 43.5893315, "longitude": -104.99970821566563, "latitude": 39.742293901977476 }, "geometry": { "type": "Point", "coordinates": [ -104.999708215665635, 39.742293901977476 ] } },
{ "type": "Feature", "properties": { "LST_celsius": 48.996639140000013, "longitude": -104.99865779206209, "latitude": 39.742293894584776 }, "geometry": { "type": "Point", "coordinates": [ -104.99865779206209, 39.742293894584776 ] } },
{ "type": "Feature", "properties": { "LST_celsius": 59.8932869, "longitude": -104.9976073684592, "latitude": 39.742293877687153 }, "geometry": { "type": "Point", "coordinates": [ -104.9976073684592, 39.742293877687153 ] } },
{ "type": "Feature", "properties": { "LST_celsius": 69.5150132, "longitude": -104.99655694485742, "latitude": 39.742293851284643 }, "geometry": { "type": "Point", "coordinates": [ -104.996556944857417, 39.742293851284643 ] } },
{ "type": "Feature", "properties": { "LST_celsius": 66.674638580000021, "longitude": -104.99550652125728, "latitude": 39.742293815377209 }, "geometry": { "type": "Point", "coordinates": [ -104.995506521257283, 39.742293815377209 ] } },
{ "type": "Feature", "properties": { "LST_celsius": 57.835638860000017, "longitude": -104.99445609765928, "latitude": 39.742293769964874 }, "geometry": { "type": "Point", "coordinates": [ -104.994456097659281, 39.742293769964874 ] } },
{ "type": "Feature", "properties": { "LST_celsius": 49.10601578000001, "longitude": -104.99340567406391, "latitude": 39.742293715047637 }, "geometry": { "type": "Point", "coordinates": [ -104.993405674063908, 39.742293715047637 ] } },
{ "type": "Feature", "properties": { "LST_celsius": 48.572804660000031, "longitude": -104.99235525047165, "latitude": 39.742293650625491 }, "geometry": { "type": "Point", "coordinates": [ -104.992355250471647, 39.742293650625491 ] } },
{ "type": "Feature", "properties": { "LST_celsius": 48.38481356, "longitude": -104.99130482688304, "latitude": 39.742293576698437 }, "geometry": { "type": "Point", "coordinates": [ -104.991304826883038, 39.742293576698437 ] } },
{ "type": "Feature", "properties": { "LST_celsius": 46.99709744, "longitude": -104.99025440329854, "latitude": 39.74229349326648 }, "geometry": { "type": "Point", "coordinates": [ -104.990254403298536, 39.74229349326648 ] } },
{ "type": "Feature", "properties": { "LST_celsius": 44.782220479999978, "longitude": -104.98920397971867, "latitude": 39.742293400329601 }, "geometry": { "type": "Point", "coordinates": [ -104.989203979718667, 39.742293400329601 ] } },
{ "type": "Feature", "properties": { "LST_celsius": 42.539999360000024, "longitude": -104.9881535561439, "latitude": 39.742293297887826 }, "geometry": { "type": "Point", "coordinates": [ -104.988153556143899, 39.742293297887826 ] } },
{ "type": "Feature", "properties": { "LST_celsius": 44.4267464, "longitude": -104.98710313257477, "latitude": 39.742293185941151 }, "geometry": { "type": "Point", "coordinates": [ -104.987103132574774, 39.742293185941151 ] } },
{ "type": "Feature", "properties": { "LST_celsius": 47.181670520000011, "longitude": -104.98605270901176, "latitude": 39.742293064489559 }, "geometry": { "type": "Point", "coordinates": [ -104.986052709011759, 39.742293064489559 ] } },
{ "type": "Feature", "properties": { "LST_celsius": 47.072293880000018, "longitude": -104.98500228545535, "latitude": 39.742292933533079 }, "geometry": { "type": "Point", "coordinates": [ -104.985002285455352, 39.742292933533079 ] } },
{ "type": "Feature", "properties": { "LST_celsius": 45.4350623, "longitude": -104.98395186190605, "latitude": 39.74229279307167 }, "geometry": { "type": "Point", "coordinates": [ -104.98395186190605, 39.74229279307167 ] } },
{ "type": "Feature", "properties": { "LST_celsius": 44.6147375, "longitude": -104.98290143836437, "latitude": 39.74229264310538 }, "geometry": { "type": "Point", "coordinates": [ -104.982901438364365, 39.74229264310538 ] } },
{ "type": "Feature", "properties": { "LST_celsius": 44.662589780000019, "longitude": -104.9818510148308, "latitude": 39.742292483634166 }, "geometry": { "type": "Point", "coordinates": [ -104.981851014830795, 39.742292483634166 ] } },
{ "type": "Feature", "properties": { "LST_celsius": 48.1352981, "longitude": -105.00846171259289, "latitude": 39.742023287810099 }, "geometry": { "type": "Point", "coordinates": [ -105.00846171259289, 39.742023287810099 ] } },
{ "type": "Feature", "properties": { "LST_celsius": 47.20901468, "longitude": -105.00741129310744, "latitude": 39.742023359624277 }, "geometry": { "type": "Point", "coordinates": [ -105.007411293107438, 39.742023359624277 ] } },
{ "type": "Feature", "properties": { "LST_celsius": 47.766151939999986, "longitude": -105.00636087361849, "latitude": 39.742023421933624 }, "geometry": { "type": "Point", "coordinates": [ -105.00636087361849, 39.742023421933624 ] } },
{ "type": "Feature", "properties": { "LST_celsius": 47.643103220000057, "longitude": -105.00531045412652, "latitude": 39.742023474738161 }, "geometry": { "type": "Point", "coordinates": [ -105.005310454126516, 39.742023474738161 ] } },
{ "type": "Feature", "properties": { "LST_celsius": 46.74758198000001, "longitude": -105.00426003463204, "latitude": 39.742023518037882 }, "geometry": { "type": "Point", "coordinates": [ -105.00426003463204, 39.742023518037882 ] } },
{ "type": "Feature", "properties": { "LST_celsius": 48.979549040000052, "longitude": -105.00320961513553, "latitude": 39.742023551832773 }, "geometry": { "type": "Point", "coordinates": [ -105.003209615135532, 39.742023551832773 ] } },
{ "type": "Feature", "properties": { "LST_celsius": 49.7246774, "longitude": -105.0021591956375, "latitude": 39.742023576122868 }, "geometry": { "type": "Point", "coordinates": [ -105.002159195637503, 39.742023576122868 ] } },
{ "type": "Feature", "properties": { "LST_celsius": 48.261764840000012, "longitude": -105.00110877613844, "latitude": 39.74202359090814 }, "geometry": { "type": "Point", "coordinates": [ -105.001108776138437, 39.74202359090814 ] } },
{ "type": "Feature", "properties": { "LST_celsius": 44.539541060000033, "longitude": -105.00005835663886, "latitude": 39.742023596188595 }, "geometry": { "type": "Point", "coordinates": [ -105.00005835663886, 39.742023596188595 ] } },
{ "type": "Feature", "properties": { "LST_celsius": 47.550816680000025, "longitude": -104.99900793713925, "latitude": 39.742023591964227 }, "geometry": { "type": "Point", "coordinates": [ -104.999007937139254, 39.742023591964227 ] } },
{ "type": "Feature", "properties": { "LST_celsius": 57.644229740000014, "longitude": -104.99795751764012, "latitude": 39.742023578235049 }, "geometry": { "type": "Point", "coordinates": [ -104.997957517640117, 39.742023578235049 ] } },
{ "type": "Feature", "properties": { "LST_celsius": 67.7547329, "longitude": -104.99690709814196, "latitude": 39.742023555001055 }, "geometry": { "type": "Point", "coordinates": [ -104.996907098141961, 39.742023555001055 ] } },
{ "type": "Feature", "properties": { "LST_celsius": 67.34115248000001, "longitude": -104.99585667864525, "latitude": 39.742023522262237 }, "geometry": { "type": "Point", "coordinates": [ -104.995856678645254, 39.742023522262237 ] } },
{ "type": "Feature", "properties": { "LST_celsius": 59.4489443, "longitude": -104.99480625915052, "latitude": 39.742023480018602 }, "geometry": { "type": "Point", "coordinates": [ -104.994806259150522, 39.742023480018602 ] } },
{ "type": "Feature", "properties": { "LST_celsius": 49.628972840000017, "longitude": -104.99375583965823, "latitude": 39.742023428270166 }, "geometry": { "type": "Point", "coordinates": [ -104.993755839658235, 39.742023428270166 ] } },
{ "type": "Feature", "properties": { "LST_celsius": 49.358949260000031, "longitude": -104.99270542016893, "latitude": 39.742023367016898 }, "geometry": { "type": "Point", "coordinates": [ -104.992705420168932, 39.742023367016898 ] } },
{ "type": "Feature", "properties": { "LST_celsius": 48.572804660000031, "longitude": -104.99165500068308, "latitude": 39.742023296258829 }, "geometry": { "type": "Point", "coordinates": [ -104.991655000683082, 39.742023296258829 ] } },
{ "type": "Feature", "properties": { "LST_celsius": 47.157744380000054, "longitude": -104.99060458120118, "latitude": 39.742023215995935 }, "geometry": { "type": "Point", "coordinates": [ -104.990604581201183, 39.742023215995935 ] } },
{ "type": "Feature", "properties": { "LST_celsius": 45.54443894000002, "longitude": -104.98955416172375, "latitude": 39.742023126228226 }, "geometry": { "type": "Point", "coordinates": [ -104.989554161723746, 39.742023126228226 ] } },
{ "type": "Feature", "properties": { "LST_celsius": 43.20651326000001, "longitude": -104.98850374225127, "latitude": 39.7420230269557 }, "geometry": { "type": "Point", "coordinates": [ -104.988503742251268, 39.7420230269557 ] } },
{ "type": "Feature", "properties": { "LST_celsius": 43.746560420000037, "longitude": -104.98745332278425, "latitude": 39.742022918178357 }, "geometry": { "type": "Point", "coordinates": [ -104.987453322784248, 39.742022918178357 ] } },
{ "type": "Feature", "properties": { "LST_celsius": 46.111830260000033, "longitude": -104.98640290332315, "latitude": 39.742022799896198 }, "geometry": { "type": "Point", "coordinates": [ -104.986402903323153, 39.742022799896198 ] } },
{ "type": "Feature", "properties": { "LST_celsius": 47.273957060000043, "longitude": -104.98535248386852, "latitude": 39.742022672109229 }, "geometry": { "type": "Point", "coordinates": [ -104.985352483868525, 39.742022672109229 ] } },
{ "type": "Feature", "properties": { "LST_celsius": 46.002453619999983, "longitude": -104.98430206442083, "latitude": 39.742022534817437 }, "geometry": { "type": "Point", "coordinates": [ -104.984302064420831, 39.742022534817437 ] } },
{ "type": "Feature", "properties": { "LST_celsius": 43.71238022, "longitude": -104.9832516449806, "latitude": 39.742022388020843 }, "geometry": { "type": "Point", "coordinates": [ -104.983251644980598, 39.742022388020843 ] } },
{ "type": "Feature", "properties": { "LST_celsius": 43.87302716, "longitude": -104.98220122554831, "latitude": 39.742022231719424 }, "geometry": { "type": "Point", "coordinates": [ -104.982201225548309, 39.742022231719424 ] } },
{ "type": "Feature", "properties": { "LST_celsius": 48.6138209, "longitude": -105.00881181799267, "latitude": 39.741752955609513 }, "geometry": { "type": "Point", "coordinates": [ -105.008811817992665, 39.741752955609513 ] } },
{ "type": "Feature", "properties": { "LST_celsius": 47.219268740000018, "longitude": -105.0077614026125, "latitude": 39.741753030591227 }, "geometry": { "type": "Point", "coordinates": [ -105.007761402612502, 39.741753030591227 ] } },
{ "type": "Feature", "properties": { "LST_celsius": 48.196822460000021, "longitude": -105.00671098722864, "latitude": 39.74175309606823 }, "geometry": { "type": "Point", "coordinates": [ -105.006710987228644, 39.74175309606823 ] } },
{ "type": "Feature", "properties": { "LST_celsius": 48.2036585, "longitude": -105.00566057184159, "latitude": 39.741753152040516 }, "geometry": { "type": "Point", "coordinates": [ -105.005660571841588, 39.741753152040516 ] } },
{ "type": "Feature", "properties": { "LST_celsius": 46.37159978, "longitude": -105.00461015645188, "latitude": 39.741753198508057 }, "geometry": { "type": "Point", "coordinates": [ -105.004610156451875, 39.741753198508057 ] } },
{ "type": "Feature", "properties": { "LST_celsius": 46.90139288, "longitude": -105.00355974105996, "latitude": 39.741753235470874 }, "geometry": { "type": "Point", "coordinates": [ -105.003559741059959, 39.741753235470874 ] } },
{ "type": "Feature", "properties": { "LST_celsius": 49.56061244, "longitude": -105.00250932566637, "latitude": 39.741753262928981 }, "geometry": { "type": "Point", "coordinates": [ -105.002509325666367, 39.741753262928981 ] } },
{ "type": "Feature", "properties": { "LST_celsius": 49.69391522000001, "longitude": -105.00145891027158, "latitude": 39.741753280882349 }, "geometry": { "type": "Point", "coordinates": [ -105.00145891027158, 39.741753280882349 ] } },
{ "type": "Feature", "properties": { "LST_celsius": 48.25151078, "longitude": -105.0004084948761, "latitude": 39.74175328933098 }, "geometry": { "type": "Point", "coordinates": [ -105.000408494876098, 39.74175328933098 ] } },
{ "type": "Feature", "properties": { "LST_celsius": 45.629889440000056, "longitude": -104.99935807948042, "latitude": 39.741753288274914 }, "geometry": { "type": "Point", "coordinates": [ -104.999358079480416, 39.741753288274914 ] } },
{ "type": "Feature", "properties": { "LST_celsius": 55.316558120000025, "longitude": -104.99830766408505, "latitude": 39.74175327771411 }, "geometry": { "type": "Point", "coordinates": [ -104.998307664085047, 39.74175327771411 ] } },
{ "type": "Feature", "properties": { "LST_celsius": 66.20978786000001, "longitude": -104.99725724869049, "latitude": 39.741753257648575 }, "geometry": { "type": "Point", "coordinates": [ -104.997257248690488, 39.741753257648575 ] } },
{ "type": "Feature", "properties": { "LST_celsius": 67.064292860000023, "longitude": -104.99620683329722, "latitude": 39.741753228078316 }, "geometry": { "type": "Point", "coordinates": [ -104.996206833297222, 39.741753228078316 ] } },
{ "type": "Feature", "properties": { "LST_celsius": 58.710651980000023, "longitude": -104.99515641790575, "latitude": 39.741753189003333 }, "geometry": { "type": "Point", "coordinates": [ -104.995156417905747, 39.741753189003333 ] } },
{ "type": "Feature", "properties": { "LST_celsius": 51.204680059999987, "longitude": -104.99410600251657, "latitude": 39.741753140423619 }, "geometry": { "type": "Point", "coordinates": [ -104.994106002516574, 39.741753140423619 ] } },
{ "type": "Feature", "properties": { "LST_celsius": 48.456591979999985, "longitude": -104.9930555871302, "latitude": 39.741753082339187 }, "geometry": { "type": "Point", "coordinates": [ -104.9930555871302, 39.741753082339187 ] } },
{ "type": "Feature", "properties": { "LST_celsius": 49.1777942, "longitude": -104.99200517174712, "latitude": 39.741753014750024 }, "geometry": { "type": "Point", "coordinates": [ -104.992005171747124, 39.741753014750024 ] } },
{ "type": "Feature", "properties": { "LST_celsius": 47.660193320000019, "longitude": -104.99095475636784, "latitude": 39.741752937656138 }, "geometry": { "type": "Point", "coordinates": [ -104.990954756367842, 39.741752937656138 ] } },
{ "type": "Feature", "properties": { "LST_celsius": 45.875986880000028, "longitude": -104.98990434099284, "latitude": 39.741752851057534 }, "geometry": { "type": "Point", "coordinates": [ -104.989904340992837, 39.741752851057534 ] } },
{ "type": "Feature", "properties": { "LST_celsius": 44.10887054, "longitude": -104.98885392562262, "latitude": 39.741752754954192 }, "geometry": { "type": "Point", "coordinates": [ -104.988853925622621, 39.741752754954192 ] } },
{ "type": "Feature", "properties": { "LST_celsius": 43.787576660000013, "longitude": -104.98780351025769, "latitude": 39.741752649346125 }, "geometry": { "type": "Point", "coordinates": [ -104.987803510257692, 39.741752649346125 ] } },
{ "type": "Feature", "properties": { "LST_celsius": 45.096678320000024, "longitude": -104.98675309489856, "latitude": 39.741752534233342 }, "geometry": { "type": "Point", "coordinates": [ -104.98675309489856, 39.741752534233342 ] } },
{ "type": "Feature", "properties": { "LST_celsius": 47.113310120000051, "longitude": -104.9857026795457, "latitude": 39.74175240961582 }, "geometry": { "type": "Point", "coordinates": [ -104.985702679545696, 39.74175240961582 ] } },
{ "type": "Feature", "properties": { "LST_celsius": 46.566426920000026, "longitude": -104.98465226419962, "latitude": 39.741752275493596 }, "geometry": { "type": "Point", "coordinates": [ -104.984652264199624, 39.741752275493596 ] } },
{ "type": "Feature", "properties": { "LST_celsius": 44.149886780000031, "longitude": -104.98360184886083, "latitude": 39.741752131866626 }, "geometry": { "type": "Point", "coordinates": [ -104.983601848860829, 39.741752131866626 ] } },
{ "type": "Feature", "properties": { "LST_celsius": 42.881801360000054, "longitude": -104.98255143352981, "latitude": 39.741751978734939 }, "geometry": { "type": "Point", "coordinates": [ -104.982551433529807, 39.741751978734939 ] } },
{ "type": "Feature", "properties": { "LST_celsius": 48.62407496000003, "longitude": -105.00916192065648, "latitude": 39.741482622340712 }, "geometry": { "type": "Point", "coordinates": [ -105.009161920656481, 39.741482622340712 ] } },
{ "type": "Feature", "properties": { "LST_celsius": 47.697791540000026, "longitude": -105.00811150938158, "latitude": 39.741482700489932 }, "geometry": { "type": "Point", "coordinates": [ -105.008111509381578, 39.741482700489932 ] } },
{ "type": "Feature", "properties": { "LST_celsius": 48.111371960000042, "longitude": -105.00706109810281, "latitude": 39.741482769134521 }, "geometry": { "type": "Point", "coordinates": [ -105.00706109810281, 39.741482769134521 ] } },
{ "type": "Feature", "properties": { "LST_celsius": 48.504444260000014, "longitude": -105.0060106868207, "latitude": 39.741482828274485 }, "geometry": { "type": "Point", "coordinates": [ -105.006010686820701, 39.741482828274485 ] } },
{ "type": "Feature", "properties": { "LST_celsius": 46.880884760000015, "longitude": -105.00496027553574, "latitude": 39.741482877909789 }, "geometry": { "type": "Point", "coordinates": [ -105.004960275535737, 39.741482877909789 ] } },
{ "type": "Feature", "properties": { "LST_celsius": 45.00439178, "longitude": -105.00390986424843, "latitude": 39.741482918040475 }, "geometry": { "type": "Point", "coordinates": [ -105.003909864248428, 39.741482918040475 ] } },
{ "type": "Feature", "properties": { "LST_celsius": 47.318391320000046, "longitude": -105.00285945295926, "latitude": 39.741482948666523 }, "geometry": { "type": "Point", "coordinates": [ -105.002859452959257, 39.741482948666523 ] } },
{ "type": "Feature", "properties": { "LST_celsius": 50.565510320000044, "longitude": -105.00180904166874, "latitude": 39.741482969787924 }, "geometry": { "type": "Point", "coordinates": [ -105.001809041668736, 39.741482969787924 ] } },
{ "type": "Feature", "properties": { "LST_celsius": 49.772529680000048, "longitude": -105.00075863037735, "latitude": 39.741482981404708 }, "geometry": { "type": "Point", "coordinates": [ -105.000758630377348, 39.741482981404708 ] } },
{ "type": "Feature", "properties": { "LST_celsius": 45.4008821, "longitude": -104.99970821908562, "latitude": 39.741482983516846 }, "geometry": { "type": "Point", "coordinates": [ -104.999708219085619, 39.741482983516846 ] } },
{ "type": "Feature", "properties": { "LST_celsius": 52.349716759999978, "longitude": -104.99865780779402, "latitude": 39.741482976124352 }, "geometry": { "type": "Point", "coordinates": [ -104.998657807794018, 39.741482976124352 ] } },
{ "type": "Feature", "properties": { "LST_celsius": 63.970984760000022, "longitude": -104.99760739650304, "latitude": 39.741482959227227 }, "geometry": { "type": "Point", "coordinates": [ -104.997607396503042, 39.741482959227227 ] } },
{ "type": "Feature", "properties": { "LST_celsius": 66.291820340000015, "longitude": -104.99655698521322, "latitude": 39.741482932825463 }, "geometry": { "type": "Point", "coordinates": [ -104.996556985213218, 39.741482932825463 ] } },
{ "type": "Feature", "properties": { "LST_celsius": 58.276563440000018, "longitude": -104.99550657392501, "latitude": 39.741482896919059 }, "geometry": { "type": "Point", "coordinates": [ -104.995506573925013, 39.741482896919059 ] } },
{ "type": "Feature", "properties": { "LST_celsius": 51.536228, "longitude": -104.99445616263894, "latitude": 39.741482851508032 }, "geometry": { "type": "Point", "coordinates": [ -104.99445616263894, 39.741482851508032 ] } },
{ "type": "Feature", "properties": { "LST_celsius": 48.586476740000023, "longitude": -104.99340575135551, "latitude": 39.741482796592358 }, "geometry": { "type": "Point", "coordinates": [ -104.99340575135551, 39.741482796592358 ] } },
{ "type": "Feature", "properties": { "LST_celsius": 49.18121222000002, "longitude": -104.99235534007519, "latitude": 39.741482732172052 }, "geometry": { "type": "Point", "coordinates": [ -104.992355340075193, 39.741482732172052 ] } },
{ "type": "Feature", "properties": { "LST_celsius": 48.005413340000018, "longitude": -104.99130492879851, "latitude": 39.741482658247115 }, "geometry": { "type": "Point", "coordinates": [ -104.991304928798513, 39.741482658247115 ] } },
{ "type": "Feature", "properties": { "LST_celsius": 45.756356180000012, "longitude": -104.99025451752594, "latitude": 39.741482574817539 }, "geometry": { "type": "Point", "coordinates": [ -104.990254517525941, 39.741482574817539 ] } },
{ "type": "Feature", "properties": { "LST_celsius": 45.243653180000024, "longitude": -104.98920410625801, "latitude": 39.741482481883331 }, "geometry": { "type": "Point", "coordinates": [ -104.989204106258015, 39.741482481883331 ] } },
{ "type": "Feature", "properties": { "LST_celsius": 44.730950180000036, "longitude": -104.98815369499521, "latitude": 39.741482379444484 }, "geometry": { "type": "Point", "coordinates": [ -104.988153694995205, 39.741482379444484 ] } },
{ "type": "Feature", "properties": { "LST_celsius": 44.8027286, "longitude": -104.98710328373799, "latitude": 39.741482267501006 }, "geometry": { "type": "Point", "coordinates": [ -104.987103283737994, 39.741482267501006 ] } },
{ "type": "Feature", "properties": { "LST_celsius": 46.368181760000027, "longitude": -104.98605287248691, "latitude": 39.741482146052888 }, "geometry": { "type": "Point", "coordinates": [ -104.986052872486908, 39.741482146052888 ] } },
{ "type": "Feature", "properties": { "LST_celsius": 47.140654280000035, "longitude": -104.98500246124244, "latitude": 39.741482015100154 }, "geometry": { "type": "Point", "coordinates": [ -104.985002461242445, 39.741482015100154 ] } },
{ "type": "Feature", "properties": { "LST_celsius": 45.089842280000028, "longitude": -104.98395205000509, "latitude": 39.741481874642758 }, "geometry": { "type": "Point", "coordinates": [ -104.983952050005087, 39.741481874642758 ] } },
{ "type": "Feature", "properties": { "LST_celsius": 42.76558868000001, "longitude": -104.98290163877535, "latitude": 39.741481724680753 }, "geometry": { "type": "Point", "coordinates": [ -104.982901638775346, 39.741481724680753 ] } },
{ "type": "Feature", "properties": { "LST_celsius": 44.245591340000033, "longitude": -104.9818512275537, "latitude": 39.741481565214102 }, "geometry": { "type": "Point", "coordinates": [ -104.981851227553705, 39.741481565214102 ] } },
{ "type": "Feature", "properties": { "LST_celsius": 48.118208, "longitude": -105.00846161341472, "latitude": 39.741212369320408 }, "geometry": { "type": "Point", "coordinates": [ -105.008461613414724, 39.741212369320408 ] } },
{ "type": "Feature", "properties": { "LST_celsius": 48.02592146000001, "longitude": -105.00741120624106, "latitude": 39.741212441132525 }, "geometry": { "type": "Point", "coordinates": [ -105.007411206241059, 39.741212441132525 ] } },
{ "type": "Feature", "properties": { "LST_celsius": 48.38481356, "longitude": -105.00636079906387, "latitude": 39.741212503440096 }, "geometry": { "type": "Point", "coordinates": [ -105.00636079906387, 39.741212503440096 ] } },
{ "type": "Feature", "properties": { "LST_celsius": 47.643103220000057, "longitude": -105.00531039188367, "latitude": 39.74121255624312 }, "geometry": { "type": "Point", "coordinates": [ -105.005310391883668, 39.74121255624312 ] } },
{ "type": "Feature", "properties": { "LST_celsius": 44.635245619999978, "longitude": -105.00425998470097, "latitude": 39.741212599541605 }, "geometry": { "type": "Point", "coordinates": [ -105.004259984700965, 39.741212599541605 ] } },
{ "type": "Feature", "properties": { "LST_celsius": 45.188964860000056, "longitude": -105.00320957751623, "latitude": 39.741212633335536 }, "geometry": { "type": "Point", "coordinates": [ -105.00320957751623, 39.741212633335536 ] } },
{ "type": "Feature", "properties": { "LST_celsius": 50.4595517, "longitude": -105.00215917032997, "latitude": 39.741212657624935 }, "geometry": { "type": "Point", "coordinates": [ -105.002159170329975, 39.741212657624935 ] } },
{ "type": "Feature", "properties": { "LST_celsius": 50.5279121, "longitude": -105.00110876314268, "latitude": 39.741212672409773 }, "geometry": { "type": "Point", "coordinates": [ -105.001108763142682, 39.741212672409773 ] } },
{ "type": "Feature", "properties": { "LST_celsius": 45.715339940000035, "longitude": -105.00005835595488, "latitude": 39.741212677690079 }, "geometry": { "type": "Point", "coordinates": [ -105.000058355954877, 39.741212677690079 ] } },
{ "type": "Feature", "properties": { "LST_celsius": 49.7075873, "longitude": -104.99900794876704, "latitude": 39.741212673465846 }, "geometry": { "type": "Point", "coordinates": [ -104.999007948767044, 39.741212673465846 ] } },
{ "type": "Feature", "properties": { "LST_celsius": 60.973381220000022, "longitude": -104.99795754157968, "latitude": 39.741212659737052 }, "geometry": { "type": "Point", "coordinates": [ -104.99795754157968, 39.741212659737052 ] } },
{ "type": "Feature", "properties": { "LST_celsius": 63.745395440000038, "longitude": -104.99690713439328, "latitude": 39.741212636503718 }, "geometry": { "type": "Point", "coordinates": [ -104.996907134393282, 39.741212636503718 ] } },
{ "type": "Feature", "properties": { "LST_celsius": 58.532914940000012, "longitude": -104.99585672720835, "latitude": 39.741212603765845 }, "geometry": { "type": "Point", "coordinates": [ -104.995856727208349, 39.741212603765845 ] } },
{ "type": "Feature", "properties": { "LST_celsius": 51.5191379, "longitude": -104.99480632002538, "latitude": 39.741212561523419 }, "geometry": { "type": "Point", "coordinates": [ -104.994806320025376, 39.741212561523419 ] } },
{ "type": "Feature", "properties": { "LST_celsius": 48.644583080000018, "longitude": -104.99375591284489, "latitude": 39.741212509776453 }, "geometry": { "type": "Point", "coordinates": [ -104.99375591284489, 39.741212509776453 ] } },
{ "type": "Feature", "properties": { "LST_celsius": 48.948786860000041, "longitude": -104.99270550566735, "latitude": 39.741212448524955 }, "geometry": { "type": "Point", "coordinates": [ -104.992705505667345, 39.741212448524955 ] } },
{ "type": "Feature", "properties": { "LST_celsius": 47.909708780000017, "longitude": -104.99165509849327, "latitude": 39.741212377768889 }, "geometry": { "type": "Point", "coordinates": [ -104.991655098493268, 39.741212377768889 ] } },
{ "type": "Feature", "properties": { "LST_celsius": 46.214370860000031, "longitude": -104.99060469132314, "latitude": 39.741212297508298 }, "geometry": { "type": "Point", "coordinates": [ -104.990604691323142, 39.741212297508298 ] } },
{ "type": "Feature", "properties": { "LST_celsius": 45.472660519999977, "longitude": -104.98955428415748, "latitude": 39.741212207743153 }, "geometry": { "type": "Point", "coordinates": [ -104.989554284157478, 39.741212207743153 ] } },
{ "type": "Feature", "properties": { "LST_celsius": 45.51367676000001, "longitude": -104.98850387699676, "latitude": 39.741212108473462 }, "geometry": { "type": "Point", "coordinates": [ -104.988503876996759, 39.741212108473462 ] } },
{ "type": "Feature", "properties": { "LST_celsius": 45.318849620000037, "longitude": -104.9874534698415, "latitude": 39.741211999699239 }, "geometry": { "type": "Point", "coordinates": [ -104.987453469841498, 39.741211999699239 ] } },
{ "type": "Feature", "properties": { "LST_celsius": 45.421390220000035, "longitude": -104.98640306269219, "latitude": 39.741211881420469 }, "geometry": { "type": "Point", "coordinates": [ -104.98640306269219, 39.741211881420469 ] } },
{ "type": "Feature", "properties": { "LST_celsius": 47.18850656000001, "longitude": -104.98535265554933, "latitude": 39.741211753637145 }, "geometry": { "type": "Point", "coordinates": [ -104.985352655549335, 39.741211753637145 ] } },
{ "type": "Feature", "properties": { "LST_celsius": 46.241715020000015, "longitude": -104.98430224841341, "latitude": 39.74121161634929 }, "geometry": { "type": "Point", "coordinates": [ -104.984302248413414, 39.74121161634929 ] } },
{ "type": "Feature", "properties": { "LST_celsius": 43.575659420000022, "longitude": -104.98325184128494, "latitude": 39.741211469556887 }, "geometry": { "type": "Point", "coordinates": [ -104.98325184128494, 39.741211469556887 ] } },
{ "type": "Feature", "properties": { "LST_celsius": 44.1533048, "longitude": -104.98220143416441, "latitude": 39.741211313259946 }, "geometry": { "type": "Point", "coordinates": [ -104.982201434164409, 39.741211313259946 ] } },
{ "type": "Feature", "properties": { "LST_celsius": 47.991741260000026, "longitude": -105.00881171471198, "latitude": 39.740942037082682 }, "geometry": { "type": "Point", "coordinates": [ -105.008811714711982, 39.740942037082682 ] } },
{ "type": "Feature", "properties": { "LST_celsius": 47.892618680000055, "longitude": -105.00776131164341, "latitude": 39.740942112062264 }, "geometry": { "type": "Point", "coordinates": [ -105.007761311643407, 39.740942112062264 ] } },
{ "type": "Feature", "properties": { "LST_celsius": 48.258346820000042, "longitude": -105.00671090857115, "latitude": 39.740942177537399 }, "geometry": { "type": "Point", "coordinates": [ -105.006710908571151, 39.740942177537399 ] } },
{ "type": "Feature", "properties": { "LST_celsius": 47.865274520000014, "longitude": -105.00566050549571, "latitude": 39.740942233508072 }, "geometry": { "type": "Point", "coordinates": [ -105.005660505495712, 39.740942233508072 ] } },
{ "type": "Feature", "properties": { "LST_celsius": 45.0932603, "longitude": -105.0046101024176, "latitude": 39.740942279974284 }, "geometry": { "type": "Point", "coordinates": [ -105.004610102417601, 39.740942279974284 ] } },
{ "type": "Feature", "properties": { "LST_celsius": 44.963375540000015, "longitude": -105.00355969933729, "latitude": 39.740942316936049 }, "geometry": { "type": "Point", "coordinates": [ -105.003559699337288, 39.740942316936049 ] } },
{ "type": "Feature", "properties": { "LST_celsius": 49.11968786, "longitude": -105.0025092962553, "latitude": 39.74094234439336 }, "geometry": { "type": "Point", "coordinates": [ -105.002509296255297, 39.74094234439336 ] } },
{ "type": "Feature", "properties": { "LST_celsius": 50.996180840000022, "longitude": -105.00145889317213, "latitude": 39.740942362346217 }, "geometry": { "type": "Point", "coordinates": [ -105.001458893172128, 39.740942362346217 ] } },
{ "type": "Feature", "properties": { "LST_celsius": 48.7163615, "longitude": -105.00040849008825, "latitude": 39.740942370794627 }, "geometry": { "type": "Point", "coordinates": [ -105.000408490088248, 39.740942370794627 ] } },
{ "type": "Feature", "properties": { "LST_celsius": 46.69631168000001, "longitude": -104.99935808700418, "latitude": 39.740942369738576 }, "geometry": { "type": "Point", "coordinates": [ -104.999358087004182, 39.740942369738576 ] } },
{ "type": "Feature", "properties": { "LST_celsius": 56.106120740000051, "longitude": -104.99830768392042, "latitude": 39.740942359178071 }, "geometry": { "type": "Point", "coordinates": [ -104.998307683920416, 39.740942359178071 ] } },
{ "type": "Feature", "properties": { "LST_celsius": 61.099847960000034, "longitude": -104.99725728083746, "latitude": 39.740942339113111 }, "geometry": { "type": "Point", "coordinates": [ -104.997257280837459, 39.740942339113111 ] } },
{ "type": "Feature", "properties": { "LST_celsius": 57.531435080000051, "longitude": -104.9962068777558, "latitude": 39.740942309543698 }, "geometry": { "type": "Point", "coordinates": [ -104.996206877755796, 39.740942309543698 ] } },
{ "type": "Feature", "properties": { "LST_celsius": 51.454195519999985, "longitude": -104.99515647467594, "latitude": 39.740942270469837 }, "geometry": { "type": "Point", "coordinates": [ -104.995156474675937, 39.740942270469837 ] } },
{ "type": "Feature", "properties": { "LST_celsius": 48.86333636000001, "longitude": -104.99410607159837, "latitude": 39.740942221891508 }, "geometry": { "type": "Point", "coordinates": [ -104.994106071598367, 39.740942221891508 ] } },
{ "type": "Feature", "properties": { "LST_celsius": 48.603566839999985, "longitude": -104.9930556685236, "latitude": 39.740942163808739 }, "geometry": { "type": "Point", "coordinates": [ -104.993055668523596, 39.740942163808739 ] } },
{ "type": "Feature", "properties": { "LST_celsius": 47.677283419999981, "longitude": -104.99200526545212, "latitude": 39.740942096221509 }, "geometry": { "type": "Point", "coordinates": [ -104.992005265452121, 39.740942096221509 ] } },
{ "type": "Feature", "properties": { "LST_celsius": 46.617697220000025, "longitude": -104.99095486238444, "latitude": 39.740942019129825 }, "geometry": { "type": "Point", "coordinates": [ -104.990954862384442, 39.740942019129825 ] } },
{ "type": "Feature", "properties": { "LST_celsius": 45.47607854, "longitude": -104.98990445932104, "latitude": 39.740941932533694 }, "geometry": { "type": "Point", "coordinates": [ -104.989904459321039, 39.740941932533694 ] } },
{ "type": "Feature", "properties": { "LST_celsius": 45.236817140000028, "longitude": -104.98885405626243, "latitude": 39.740941836433102 }, "geometry": { "type": "Point", "coordinates": [ -104.988854056262426, 39.740941836433102 ] } },
{ "type": "Feature", "properties": { "LST_celsius": 45.800790440000014, "longitude": -104.98780365320911, "latitude": 39.740941730828062 }, "geometry": { "type": "Point", "coordinates": [ -104.987803653209113, 39.740941730828062 ] } },
{ "type": "Feature", "properties": { "LST_celsius": 45.00439178, "longitude": -104.98675325016157, "latitude": 39.740941615718569 }, "geometry": { "type": "Point", "coordinates": [ -104.98675325016157, 39.740941615718569 ] } },
{ "type": "Feature", "properties": { "LST_celsius": 47.06203982, "longitude": -104.98570284712032, "latitude": 39.740941491104621 }, "geometry": { "type": "Point", "coordinates": [ -104.985702847120322, 39.740941491104621 ] } },
{ "type": "Feature", "properties": { "LST_celsius": 46.720237820000023, "longitude": -104.98465244408584, "latitude": 39.74094135698622 }, "geometry": { "type": "Point", "coordinates": [ -104.984652444085839, 39.74094135698622 ] } },
{ "type": "Feature", "properties": { "LST_celsius": 44.686515920000033, "longitude": -104.98360204105865, "latitude": 39.740941213363371 }, "geometry": { "type": "Point", "coordinates": [ -104.983602041058646, 39.740941213363371 ] } },
{ "type": "Feature", "properties": { "LST_celsius": 44.10887054, "longitude": -104.98255163803924, "latitude": 39.740941060236061 }, "geometry": { "type": "Point", "coordinates": [ -104.98255163803924, 39.740941060236061 ] } },
{ "type": "Feature", "properties": { "LST_celsius": 47.745643820000055, "longitude": -105.00916181327338, "latitude": 39.740671703776805 }, "geometry": { "type": "Point", "coordinates": [ -105.00916181327338, 39.740671703776805 ] } },
{ "type": "Feature", "properties": { "LST_celsius": 47.41409588, "longitude": -105.00811141430989, "latitude": 39.740671781923787 }, "geometry": { "type": "Point", "coordinates": [ -105.008111414309894, 39.740671781923787 ] } },
{ "type": "Feature", "properties": { "LST_celsius": 48.1694783, "longitude": -105.00706101534257, "latitude": 39.740671850566414 }, "geometry": { "type": "Point", "coordinates": [ -105.007061015342572, 39.740671850566414 ] } },
{ "type": "Feature", "properties": { "LST_celsius": 47.7934961, "longitude": -105.00601061637191, "latitude": 39.740671909704673 }, "geometry": { "type": "Point", "coordinates": [ -105.00601061637191, 39.740671909704673 ] } },
{ "type": "Feature", "properties": { "LST_celsius": 45.37353794000001, "longitude": -105.00496021739839, "latitude": 39.740671959338577 }, "geometry": { "type": "Point", "coordinates": [ -105.004960217398391, 39.740671959338577 ] } },
{ "type": "Feature", "properties": { "LST_celsius": 45.390628040000024, "longitude": -105.00390981842251, "latitude": 39.740671999468105 }, "geometry": { "type": "Point", "coordinates": [ -105.003909818422514, 39.740671999468105 ] } },
{ "type": "Feature", "properties": { "LST_celsius": 47.219268740000018, "longitude": -105.00285941944479, "latitude": 39.740672030093286 }, "geometry": { "type": "Point", "coordinates": [ -105.002859419444789, 39.740672030093286 ] } },
{ "type": "Feature", "properties": { "LST_celsius": 50.0152091, "longitude": -105.0018090204657, "latitude": 39.740672051214091 }, "geometry": { "type": "Point", "coordinates": [ -105.0018090204657, 39.740672051214091 ] } },
{ "type": "Feature", "properties": { "LST_celsius": 47.697791540000026, "longitude": -105.00075862148576, "latitude": 39.740672062830534 }, "geometry": { "type": "Point", "coordinates": [ -105.000758621485758, 39.740672062830534 ] } },
{ "type": "Feature", "properties": { "LST_celsius": 45.13769456, "longitude": -104.99970822250546, "latitude": 39.740672064942608 }, "geometry": { "type": "Point", "coordinates": [ -104.999708222505461, 39.740672064942608 ] } },
{ "type": "Feature", "properties": { "LST_celsius": 46.29982136000001, "longitude": -104.99865782352531, "latitude": 39.740672057550327 }, "geometry": { "type": "Point", "coordinates": [ -104.998657823525306, 39.740672057550327 ] } },
{ "type": "Feature", "properties": { "LST_celsius": 57.76044242, "longitude": -104.99760742454576, "latitude": 39.740672040653678 }, "geometry": { "type": "Point", "coordinates": [ -104.997607424545762, 39.740672040653678 ] } },
{ "type": "Feature", "properties": { "LST_celsius": 55.135403060000044, "longitude": -104.99655702556738, "latitude": 39.740672014252674 }, "geometry": { "type": "Point", "coordinates": [ -104.996557025567384, 39.740672014252674 ] } },
{ "type": "Feature", "properties": { "LST_celsius": 50.8013537, "longitude": -104.99550662659063, "latitude": 39.740671978347301 }, "geometry": { "type": "Point", "coordinates": [ -104.995506626590625, 39.740671978347301 ] } },
{ "type": "Feature", "properties": { "LST_celsius": 49.13335994, "longitude": -104.99445622761598, "latitude": 39.740671932937559 }, "geometry": { "type": "Point", "coordinates": [ -104.994456227615984, 39.740671932937559 ] } },
{ "type": "Feature", "properties": { "LST_celsius": 48.27543692, "longitude": -104.993405828644, "latitude": 39.740671878023463 }, "geometry": { "type": "Point", "coordinates": [ -104.993405828644001, 39.740671878023463 ] } },
{ "type": "Feature", "properties": { "LST_celsius": 47.2124327, "longitude": -104.99235542967511, "latitude": 39.740671813604997 }, "geometry": { "type": "Point", "coordinates": [ -104.992355429675115, 39.740671813604997 ] } },
{ "type": "Feature", "properties": { "LST_celsius": 46.081068080000023, "longitude": -104.99130503070988, "latitude": 39.74067173968217 }, "geometry": { "type": "Point", "coordinates": [ -104.991305030709881, 39.74067173968217 ] } },
{ "type": "Feature", "properties": { "LST_celsius": 45.725594, "longitude": -104.99025463174875, "latitude": 39.740671656254982 }, "geometry": { "type": "Point", "coordinates": [ -104.990254631748755, 39.740671656254982 ] } },
{ "type": "Feature", "properties": { "LST_celsius": 44.864252960000044, "longitude": -104.98920423279225, "latitude": 39.740671563323438 }, "geometry": { "type": "Point", "coordinates": [ -104.989204232792247, 39.740671563323438 ] } },
{ "type": "Feature", "properties": { "LST_celsius": 45.202636940000048, "longitude": -104.98815383384087, "latitude": 39.740671460887519 }, "geometry": { "type": "Point", "coordinates": [ -104.988153833840869, 39.740671460887519 ] } },
{ "type": "Feature", "properties": { "LST_celsius": 44.7514583, "longitude": -104.9871034348951, "latitude": 39.740671348947238 }, "geometry": { "type": "Point", "coordinates": [ -104.987103434895104, 39.740671348947238 ] } },
{ "type": "Feature", "properties": { "LST_celsius": 46.35109166000001, "longitude": -104.98605303595546, "latitude": 39.740671227502602 }, "geometry": { "type": "Point", "coordinates": [ -104.986053035955464, 39.740671227502602 ] } },
{ "type": "Feature", "properties": { "LST_celsius": 46.450214240000037, "longitude": -104.98500263702242, "latitude": 39.740671096553612 }, "geometry": { "type": "Point", "coordinates": [ -104.985002637022419, 39.740671096553612 ] } },
{ "type": "Feature", "properties": { "LST_celsius": 45.95801935999998, "longitude": -104.98395223809652, "latitude": 39.740670956100239 }, "geometry": { "type": "Point", "coordinates": [ -104.983952238096521, 39.740670956100239 ] } },
{ "type": "Feature", "properties": { "LST_celsius": 44.823236720000011, "longitude": -104.9829018391782, "latitude": 39.740670806142511 }, "geometry": { "type": "Point", "coordinates": [ -104.982901839178197, 39.740670806142511 ] } },
{ "type": "Feature", "properties": { "LST_celsius": 45.527348840000059, "longitude": -104.981851440268, "latitude": 39.740670646680435 }, "geometry": { "type": "Point", "coordinates": [ -104.981851440268002, 39.740670646680435 ] } },
{ "type": "Feature", "properties": { "LST_celsius": 47.420931920000044, "longitude": -105.00846151424058, "latitude": 39.740401450717108 }, "geometry": { "type": "Point", "coordinates": [ -105.00846151424058, 39.740401450717108 ] } },
{ "type": "Feature", "properties": { "LST_celsius": 47.851602440000022, "longitude": -105.00741111937819, "latitude": 39.740401522527165 }, "geometry": { "type": "Point", "coordinates": [ -105.00741111937819, 39.740401522527165 ] } },
{ "type": "Feature", "properties": { "LST_celsius": 47.28421112000001, "longitude": -105.00636072451228, "latitude": 39.740401584832952 }, "geometry": { "type": "Point", "coordinates": [ -105.006360724512277, 39.740401584832952 ] } },
{ "type": "Feature", "properties": { "LST_celsius": 46.10841224000001, "longitude": -105.00531032964335, "latitude": 39.740401637634456 }, "geometry": { "type": "Point", "coordinates": [ -105.005310329643351, 39.740401637634456 ] } },
{ "type": "Feature", "properties": { "LST_celsius": 45.6914138, "longitude": -105.00425993477191, "latitude": 39.740401680931711 }, "geometry": { "type": "Point", "coordinates": [ -105.004259934771909, 39.740401680931711 ] } },
{ "type": "Feature", "properties": { "LST_celsius": 46.8193604000001, "longitude": -105.00320953989845, "latitude": 39.740401714724669 }, "geometry": { "type": "Point", "coordinates": [ -105.00320953989845, 39.740401714724669 ] } },
{ "type": "Feature", "properties": { "LST_celsius": 48.894098540000016, "longitude": -105.00215914502347, "latitude": 39.740401739013372 }, "geometry": { "type": "Point", "coordinates": [ -105.002159145023469, 39.740401739013372 ] } },
{ "type": "Feature", "properties": { "LST_celsius": 48.2720189, "longitude": -105.00110875014747, "latitude": 39.740401753797798 }, "geometry": { "type": "Point", "coordinates": [ -105.001108750147466, 39.740401753797798 ] } },
{ "type": "Feature", "properties": { "LST_celsius": 45.9477653, "longitude": -105.00005835527092, "latitude": 39.740401759077955 }, "geometry": { "type": "Point", "coordinates": [ -105.000058355270923, 39.740401759077955 ] } },
{ "type": "Feature", "properties": { "LST_celsius": 44.963375540000015, "longitude": -104.99900796039437, "latitude": 39.740401754853835 }, "geometry": { "type": "Point", "coordinates": [ -104.999007960394366, 39.740401754853835 ] } },
{ "type": "Feature", "properties": { "LST_celsius": 52.67101064000002, "longitude": -104.99795756551826, "latitude": 39.740401741125439 }, "geometry": { "type": "Point", "coordinates": [ -104.997957565518263, 39.740401741125439 ] } },
{ "type": "Feature", "properties": { "LST_celsius": 52.90001798000003, "longitude": -104.99690717064314, "latitude": 39.740401717892766 }, "geometry": { "type": "Point", "coordinates": [ -104.996907170643141, 39.740401717892766 ] } },
{ "type": "Feature", "properties": { "LST_celsius": 50.042553259999977, "longitude": -104.99585677576948, "latitude": 39.740401685155831 }, "geometry": { "type": "Point", "coordinates": [ -104.995856775769482, 39.740401685155831 ] } },
{ "type": "Feature", "properties": { "LST_celsius": 48.56938664, "longitude": -104.99480638089778, "latitude": 39.74040164291462 }, "geometry": { "type": "Point", "coordinates": [ -104.994806380897785, 39.74040164291462 ] } },
{ "type": "Feature", "properties": { "LST_celsius": 48.1694783, "longitude": -104.99375598602856, "latitude": 39.740401591169132 }, "geometry": { "type": "Point", "coordinates": [ -104.99375598602856, 39.740401591169132 ] } },
{ "type": "Feature", "properties": { "LST_celsius": 47.10647408, "longitude": -104.99270559116231, "latitude": 39.740401529919374 }, "geometry": { "type": "Point", "coordinates": [ -104.992705591162306, 39.740401529919374 ] } },
{ "type": "Feature", "properties": { "LST_celsius": 46.0332158, "longitude": -104.99165519629949, "latitude": 39.740401459165341 }, "geometry": { "type": "Point", "coordinates": [ -104.99165519629949, 39.740401459165341 ] } },
{ "type": "Feature", "properties": { "LST_celsius": 45.353029820000017, "longitude": -104.99060480144064, "latitude": 39.740401378907038 }, "geometry": { "type": "Point", "coordinates": [ -104.990604801440639, 39.740401378907038 ] } },
{ "type": "Feature", "properties": { "LST_celsius": 44.4096563000001, "longitude": -104.98955440658625, "latitude": 39.740401289144465 }, "geometry": { "type": "Point", "coordinates": [ -104.989554406586251, 39.740401289144465 ] } },
{ "type": "Feature", "properties": { "LST_celsius": 44.074690340000018, "longitude": -104.98850401173681, "latitude": 39.740401189877616 }, "geometry": { "type": "Point", "coordinates": [ -104.988504011736808, 39.740401189877616 ] } },
{ "type": "Feature", "properties": { "LST_celsius": 44.14646876, "longitude": -104.98745361689282, "latitude": 39.740401081106505 }, "geometry": { "type": "Point", "coordinates": [ -104.987453616892822, 39.740401081106505 ] } },
{ "type": "Feature", "properties": { "LST_celsius": 44.54979512, "longitude": -104.98640322205478, "latitude": 39.74040096283111 }, "geometry": { "type": "Point", "coordinates": [ -104.986403222054776, 39.74040096283111 ] } },
{ "type": "Feature", "properties": { "LST_celsius": 46.42970612, "longitude": -104.9853528272232, "latitude": 39.740400835051453 }, "geometry": { "type": "Point", "coordinates": [ -104.985352827223196, 39.740400835051453 ] } },
{ "type": "Feature", "properties": { "LST_celsius": 46.200698780000039, "longitude": -104.98430243239855, "latitude": 39.740400697767519 }, "geometry": { "type": "Point", "coordinates": [ -104.98430243239855, 39.740400697767519 ] } },
{ "type": "Feature", "properties": { "LST_celsius": 46.01270768000001, "longitude": -104.98325203758134, "latitude": 39.740400550979317 }, "geometry": { "type": "Point", "coordinates": [ -104.983252037581337, 39.740400550979317 ] } },
{ "type": "Feature", "properties": { "LST_celsius": 45.6572336, "longitude": -104.98220164277208, "latitude": 39.740400394686837 }, "geometry": { "type": "Point", "coordinates": [ -104.982201642772083, 39.740400394686837 ] } },
{ "type": "Feature", "properties": { "LST_celsius": 48.2036585, "longitude": -105.00881161143546, "latitude": 39.740131118442243 }, "geometry": { "type": "Point", "coordinates": [ -105.008811611435462, 39.740131118442243 ] } },
{ "type": "Feature", "properties": { "LST_celsius": 48.094281860000024, "longitude": -105.00776122067801, "latitude": 39.740131193419685 }, "geometry": { "type": "Point", "coordinates": [ -105.007761220678006, 39.740131193419685 ] } },
{ "type": "Feature", "properties": { "LST_celsius": 47.352571520000026, "longitude": -105.00671082991687, "latitude": 39.740131258892937 }, "geometry": { "type": "Point", "coordinates": [ -105.006710829916869, 39.740131258892937 ] } },
{ "type": "Feature", "properties": { "LST_celsius": 45.951183320000041, "longitude": -105.00566043915254, "latitude": 39.740131314862005 }, "geometry": { "type": "Point", "coordinates": [ -105.005660439152535, 39.740131314862005 ] } },
{ "type": "Feature", "properties": { "LST_celsius": 45.78370034, "longitude": -105.00461004838553, "latitude": 39.740131361326902 }, "geometry": { "type": "Point", "coordinates": [ -105.00461004838553, 39.740131361326902 ] } },
{ "type": "Feature", "properties": { "LST_celsius": 46.69631168000001, "longitude": -105.00355965761634, "latitude": 39.740131398287609 }, "geometry": { "type": "Point", "coordinates": [ -105.003559657616336, 39.740131398287609 ] } },
{ "type": "Feature", "properties": { "LST_celsius": 47.954143040000019, "longitude": -105.00250926684544, "latitude": 39.740131425744138 }, "geometry": { "type": "Point", "coordinates": [ -105.002509266845436, 39.740131425744138 ] } },
{ "type": "Feature", "properties": { "LST_celsius": 47.20901468, "longitude": -105.00145887607337, "latitude": 39.740131443696477 }, "geometry": { "type": "Point", "coordinates": [ -105.001458876073372, 39.740131443696477 ] } },
{ "type": "Feature", "properties": { "LST_celsius": 45.5888732, "longitude": -105.0004084853006, "latitude": 39.740131452144638 }, "geometry": { "type": "Point", "coordinates": [ -105.000408485300596, 39.740131452144638 ] } },
{ "type": "Feature", "properties": { "LST_celsius": 44.724114139999983, "longitude": -104.99935809452764, "latitude": 39.740131451088615 }, "geometry": { "type": "Point", "coordinates": [ -104.999358094527636, 39.740131451088615 ] } },
{ "type": "Feature", "properties": { "LST_celsius": 47.287629140000035, "longitude": -104.99830770375497, "latitude": 39.740131440528415 }, "geometry": { "type": "Point", "coordinates": [ -104.998307703754975, 39.740131440528415 ] } },
{ "type": "Feature", "properties": { "LST_celsius": 50.107495640000025, "longitude": -104.99725731298312, "latitude": 39.740131420464039 }, "geometry": { "type": "Point", "coordinates": [ -104.997257312983123, 39.740131420464039 ] } },
{ "type": "Feature", "properties": { "LST_celsius": 48.900934580000012, "longitude": -104.99620692221258, "latitude": 39.740131390895478 }, "geometry": { "type": "Point", "coordinates": [ -104.996206922212579, 39.740131390895478 ] } },
{ "type": "Feature", "properties": { "LST_celsius": 47.140654280000035, "longitude": -104.99515653144383, "latitude": 39.740131351822725 }, "geometry": { "type": "Point", "coordinates": [ -104.995156531443826, 39.740131351822725 ] } },
{ "type": "Feature", "properties": { "LST_celsius": 47.626013120000039, "longitude": -104.99410614067736, "latitude": 39.740131303245789 }, "geometry": { "type": "Point", "coordinates": [ -104.99410614067736, 39.740131303245789 ] } },
{ "type": "Feature", "properties": { "LST_celsius": 46.89455684000001, "longitude": -104.99305574991369, "latitude": 39.740131245164676 }, "geometry": { "type": "Point", "coordinates": [ -104.993055749913694, 39.740131245164676 ] } },
{ "type": "Feature", "properties": { "LST_celsius": 46.10499421999998, "longitude": -104.99200535915332, "latitude": 39.740131177579372 }, "geometry": { "type": "Point", "coordinates": [ -104.992005359153325, 39.740131177579372 ] } },
{ "type": "Feature", "properties": { "LST_celsius": 44.53612304000001, "longitude": -104.99095496839675, "latitude": 39.740131100489904 }, "geometry": { "type": "Point", "coordinates": [ -104.99095496839675, 39.740131100489904 ] } },
{ "type": "Feature", "properties": { "LST_celsius": 44.009747960000027, "longitude": -104.98990457764445, "latitude": 39.740131013896246 }, "geometry": { "type": "Point", "coordinates": [ -104.989904577644452, 39.740131013896246 ] } },
{ "type": "Feature", "properties": { "LST_celsius": 43.06637444, "longitude": -104.98885418689696, "latitude": 39.74013091779841 }, "geometry": { "type": "Point", "coordinates": [ -104.988854186896958, 39.74013091779841 ] } },
{ "type": "Feature", "properties": { "LST_celsius": 43.103972660000011, "longitude": -104.98780379615474, "latitude": 39.740130812196391 }, "geometry": { "type": "Point", "coordinates": [ -104.987803796154736, 39.740130812196391 ] } },
{ "type": "Feature", "properties": { "LST_celsius": 43.250947520000011, "longitude": -104.98675340541831, "latitude": 39.74013069709018 }, "geometry": { "type": "Point", "coordinates": [ -104.986753405418312, 39.74013069709018 ] } },
{ "type": "Feature", "properties": { "LST_celsius": 44.669425820000015, "longitude": -104.98570301468816, "latitude": 39.740130572479806 }, "geometry": { "type": "Point", "coordinates": [ -104.985703014688156, 39.740130572479806 ] } },
{ "type": "Feature", "properties": { "LST_celsius": 45.448734380000019, "longitude": -104.98465262396481, "latitude": 39.740130438365242 }, "geometry": { "type": "Point", "coordinates": [ -104.984652623964806, 39.740130438365242 ] } },
{ "type": "Feature", "properties": { "LST_celsius": 46.60744316, "longitude": -104.9836022332487, "latitude": 39.740130294746493 }, "geometry": { "type": "Point", "coordinates": [ -104.983602233248703, 39.740130294746493 ] } },
{ "type": "Feature", "properties": { "LST_celsius": 45.978527480000025, "longitude": -104.98255184254039, "latitude": 39.740130141623574 }, "geometry": { "type": "Point", "coordinates": [ -104.982551842540389, 39.740130141623574 ] } },
{ "type": "Feature", "properties": { "LST_celsius": 49.205138359999978, "longitude": -105.00916170589461, "latitude": 39.73986078509926 }, "geometry": { "type": "Point", "coordinates": [ -105.009161705894613, 39.73986078509926 ] } },
{ "type": "Feature", "properties": { "LST_celsius": 48.9556229, "longitude": -105.00811131924208, "latitude": 39.739860863244012 }, "geometry": { "type": "Point", "coordinates": [ -105.008111319242076, 39.739860863244012 ] } },
{ "type": "Feature", "properties": { "LST_celsius": 48.39848564, "longitude": -105.0070609325857, "latitude": 39.739860931884678 }, "geometry": { "type": "Point", "coordinates": [ -105.007060932585702, 39.739860931884678 ] } },
{ "type": "Feature", "properties": { "LST_celsius": 45.56494706000001, "longitude": -105.00601054592597, "latitude": 39.739860991021239 }, "geometry": { "type": "Point", "coordinates": [ -105.006010545925974, 39.739860991021239 ] } },
{ "type": "Feature", "properties": { "LST_celsius": 46.146010460000014, "longitude": -105.00496015926339, "latitude": 39.739861040653707 }, "geometry": { "type": "Point", "coordinates": [ -105.004960159263391, 39.739861040653707 ] } },
{ "type": "Feature", "properties": { "LST_celsius": 46.334001560000047, "longitude": -105.00390977259846, "latitude": 39.739861080782099 }, "geometry": { "type": "Point", "coordinates": [ -105.003909772598462, 39.739861080782099 ] } },
{ "type": "Feature", "properties": { "LST_celsius": 46.976589320000016, "longitude": -105.00285938593167, "latitude": 39.739861111406398 }, "geometry": { "type": "Point", "coordinates": [ -105.002859385931671, 39.739861111406398 ] } },
{ "type": "Feature", "properties": { "LST_celsius": 46.925319020000018, "longitude": -105.00180899926352, "latitude": 39.739861132526606 }, "geometry": { "type": "Point", "coordinates": [ -105.001808999263517, 39.739861132526606 ] } },
{ "type": "Feature", "properties": { "LST_celsius": 45.91016708000001, "longitude": -105.00075861259452, "latitude": 39.739861144142722 }, "geometry": { "type": "Point", "coordinates": [ -105.000758612594524, 39.739861144142722 ] } },
{ "type": "Feature", "properties": { "LST_celsius": 45.165038719999984, "longitude": -104.99970822592516, "latitude": 39.739861146254725 }, "geometry": { "type": "Point", "coordinates": [ -104.999708225925161, 39.739861146254725 ] } },
{ "type": "Feature", "properties": { "LST_celsius": 45.120604459999981, "longitude": -104.99865783925594, "latitude": 39.739861138862658 }, "geometry": { "type": "Point", "coordinates": [ -104.998657839255941, 39.739861138862658 ] } },
{ "type": "Feature", "properties": { "LST_celsius": 47.619177079999986, "longitude": -104.99760745258736, "latitude": 39.739861121966506 }, "geometry": { "type": "Point", "coordinates": [ -104.99760745258736, 39.739861121966506 ] } },
{ "type": "Feature", "properties": { "LST_celsius": 47.59183292, "longitude": -104.9965570659199, "latitude": 39.739861095566241 }, "geometry": { "type": "Point", "coordinates": [ -104.996557065919902, 39.739861095566241 ] } },
{ "type": "Feature", "properties": { "LST_celsius": 45.98878154, "longitude": -104.99550667925409, "latitude": 39.739861059661891 }, "geometry": { "type": "Point", "coordinates": [ -104.995506679254092, 39.739861059661891 ] } },
{ "type": "Feature", "properties": { "LST_celsius": 46.4604683, "longitude": -104.9944562925904, "latitude": 39.739861014253464 }, "geometry": { "type": "Point", "coordinates": [ -104.994456292590399, 39.739861014253464 ] } },
{ "type": "Feature", "properties": { "LST_celsius": 46.8535406, "longitude": -104.99340590592935, "latitude": 39.73986095934093 }, "geometry": { "type": "Point", "coordinates": [ -104.99340590592935, 39.73986095934093 ] } },
{ "type": "Feature", "properties": { "LST_celsius": 46.4433782, "longitude": -104.99235551927141, "latitude": 39.73986089492432 }, "geometry": { "type": "Point", "coordinates": [ -104.992355519271413, 39.73986089492432 ] } },
{ "type": "Feature", "properties": { "LST_celsius": 44.252427380000029, "longitude": -104.99130513261711, "latitude": 39.739860821003596 }, "geometry": { "type": "Point", "coordinates": [ -104.991305132617114, 39.739860821003596 ] } },
{ "type": "Feature", "properties": { "LST_celsius": 43.2475295, "longitude": -104.99025474596692, "latitude": 39.739860737578809 }, "geometry": { "type": "Point", "coordinates": [ -104.990254745966922, 39.739860737578809 ] } },
{ "type": "Feature", "properties": { "LST_celsius": 42.7860968, "longitude": -104.98920435932136, "latitude": 39.739860644649909 }, "geometry": { "type": "Point", "coordinates": [ -104.989204359321363, 39.739860644649909 ] } },
{ "type": "Feature", "properties": { "LST_celsius": 42.03755042, "longitude": -104.98815397268092, "latitude": 39.739860542216931 }, "geometry": { "type": "Point", "coordinates": [ -104.988153972680919, 39.739860542216931 ] } },
{ "type": "Feature", "properties": { "LST_celsius": 42.577597580000031, "longitude": -104.98710358604609, "latitude": 39.739860430279855 }, "geometry": { "type": "Point", "coordinates": [ -104.987103586046089, 39.739860430279855 ] } },
{ "type": "Feature", "properties": { "LST_celsius": 42.77242472, "longitude": -104.9860531994174, "latitude": 39.739860308838686 }, "geometry": { "type": "Point", "coordinates": [ -104.986053199417398, 39.739860308838686 ] } },
{ "type": "Feature", "properties": { "LST_celsius": 43.7773226, "longitude": -104.9850028127953, "latitude": 39.739860177893434 }, "geometry": { "type": "Point", "coordinates": [ -104.985002812795301, 39.739860177893434 ] } },
{ "type": "Feature", "properties": { "LST_celsius": 45.493168640000022, "longitude": -104.98395242618032, "latitude": 39.739860037444082 }, "geometry": { "type": "Point", "coordinates": [ -104.983952426180323, 39.739860037444082 ] } },
{ "type": "Feature", "properties": { "LST_celsius": 46.433124140000018, "longitude": -104.98290203957295, "latitude": 39.739859887490645 }, "geometry": { "type": "Point", "coordinates": [ -104.982902039572949, 39.739859887490645 ] } },
{ "type": "Feature", "properties": { "LST_celsius": 46.200698780000039, "longitude": -104.98185165297369, "latitude": 39.739859728033124 }, "geometry": { "type": "Point", "coordinates": [ -104.981851652973688, 39.739859728033124 ] } },
{ "type": "Feature", "properties": { "LST_celsius": 50.2032002, "longitude": -105.00846141507044, "latitude": 39.739590532000172 }, "geometry": { "type": "Point", "coordinates": [ -105.008461415070443, 39.739590532000172 ] } },
{ "type": "Feature", "properties": { "LST_celsius": 50.3911913000001, "longitude": -105.00741103251883, "latitude": 39.739590603808175 }, "geometry": { "type": "Point", "coordinates": [ -105.007411032518831, 39.739590603808175 ] } },
{ "type": "Feature", "properties": { "LST_celsius": 46.00587164000001, "longitude": -105.0063606499637, "latitude": 39.739590666112178 }, "geometry": { "type": "Point", "coordinates": [ -105.006360649963696, 39.739590666112178 ] } },
{ "type": "Feature", "properties": { "LST_celsius": 46.217788880000057, "longitude": -105.00531026740555, "latitude": 39.739590718912183 }, "geometry": { "type": "Point", "coordinates": [ -105.005310267405548, 39.739590718912183 ] } },
{ "type": "Feature", "properties": { "LST_celsius": 46.361345720000031, "longitude": -105.00425988484488, "latitude": 39.739590762208188 }, "geometry": { "type": "Point", "coordinates": [ -105.004259884844885, 39.739590762208188 ] } },
{ "type": "Feature", "properties": { "LST_celsius": 46.4775584, "longitude": -105.00320950228219, "latitude": 39.739590796000194 }, "geometry": { "type": "Point", "coordinates": [ -105.003209502282189, 39.739590796000194 ] } },
{ "type": "Feature", "properties": { "LST_celsius": 47.08596596000001, "longitude": -105.00215911971799, "latitude": 39.739590820288193 }, "geometry": { "type": "Point", "coordinates": [ -105.002159119717987, 39.739590820288193 ] } },
{ "type": "Feature", "properties": { "LST_celsius": 45.749520140000016, "longitude": -105.00110873715275, "latitude": 39.739590835072192 }, "geometry": { "type": "Point", "coordinates": [ -105.001108737152748, 39.739590835072192 ] } },
{ "type": "Feature", "properties": { "LST_celsius": 45.301759520000019, "longitude": -105.00005835458698, "latitude": 39.739590840352193 }, "geometry": { "type": "Point", "coordinates": [ -105.000058354586983, 39.739590840352193 ] } },
{ "type": "Feature", "properties": { "LST_celsius": 45.554693, "longitude": -104.9990079720212, "latitude": 39.739590836128194 }, "geometry": { "type": "Point", "coordinates": [ -104.999007972021204, 39.739590836128194 ] } },
{ "type": "Feature", "properties": { "LST_celsius": 45.465824480000038, "longitude": -104.99795758945588, "latitude": 39.739590822400196 }, "geometry": { "type": "Point", "coordinates": [ -104.997957589455879, 39.739590822400196 ] } },
{ "type": "Feature", "properties": { "LST_celsius": 46.833032480000043, "longitude": -104.99690720689154, "latitude": 39.739590799168191 }, "geometry": { "type": "Point", "coordinates": [ -104.996907206891535, 39.739590799168191 ] } },
{ "type": "Feature", "properties": { "LST_celsius": 45.294923480000023, "longitude": -104.99585682432865, "latitude": 39.73959076643218 }, "geometry": { "type": "Point", "coordinates": [ -104.995856824328655, 39.73959076643218 ] } },
{ "type": "Feature", "properties": { "LST_celsius": 45.0761702, "longitude": -104.99480644176774, "latitude": 39.739590724192183 }, "geometry": { "type": "Point", "coordinates": [ -104.994806441767736, 39.739590724192183 ] } },
{ "type": "Feature", "properties": { "LST_celsius": 45.9648554, "longitude": -104.99375605920929, "latitude": 39.739590672448188 }, "geometry": { "type": "Point", "coordinates": [ -104.993756059209289, 39.739590672448188 ] } },
{ "type": "Feature", "properties": { "LST_celsius": 46.5117386000001, "longitude": -104.99270567665378, "latitude": 39.739590611200178 }, "geometry": { "type": "Point", "coordinates": [ -104.992705676653785, 39.739590611200178 ] } },
{ "type": "Feature", "properties": { "LST_celsius": 45.325685659999976, "longitude": -104.99165529410176, "latitude": 39.739590540448155 }, "geometry": { "type": "Point", "coordinates": [ -104.991655294101761, 39.739590540448155 ] } },
{ "type": "Feature", "properties": { "LST_celsius": 42.22895954000001, "longitude": -104.99060491155367, "latitude": 39.739590460192161 }, "geometry": { "type": "Point", "coordinates": [ -104.990604911553675, 39.739590460192161 ] } },
{ "type": "Feature", "properties": { "LST_celsius": 42.406696580000016, "longitude": -104.98955452901006, "latitude": 39.739590370432161 }, "geometry": { "type": "Point", "coordinates": [ -104.989554529010064, 39.739590370432161 ] } },
{ "type": "Feature", "properties": { "LST_celsius": 40.660088360000032, "longitude": -104.9885041464714, "latitude": 39.739590271168147 }, "geometry": { "type": "Point", "coordinates": [ -104.988504146471399, 39.739590271168147 ] } },
{ "type": "Feature", "properties": { "LST_celsius": 41.353946420000057, "longitude": -104.98745376393818, "latitude": 39.739590162400141 }, "geometry": { "type": "Point", "coordinates": [ -104.987453763938177, 39.739590162400141 ] } },
{ "type": "Feature", "properties": { "LST_celsius": 41.514593360000049, "longitude": -104.98640338141092, "latitude": 39.739590044128136 }, "geometry": { "type": "Point", "coordinates": [ -104.986403381410923, 39.739590044128136 ] } },
{ "type": "Feature", "properties": { "LST_celsius": 42.81344095999998, "longitude": -104.98535299889009, "latitude": 39.739589916352124 }, "geometry": { "type": "Point", "coordinates": [ -104.985352998890093, 39.739589916352124 ] } },
{ "type": "Feature", "properties": { "LST_celsius": 44.184066980000011, "longitude": -104.98430261637623, "latitude": 39.739589779072126 }, "geometry": { "type": "Point", "coordinates": [ -104.984302616376226, 39.739589779072126 ] } },
{ "type": "Feature", "properties": { "LST_celsius": 45.7939544, "longitude": -104.98325223386981, "latitude": 39.739589632288116 }, "geometry": { "type": "Point", "coordinates": [ -104.983252233869806, 39.739589632288116 ] } },
{ "type": "Feature", "properties": { "LST_celsius": 46.32716552, "longitude": -104.98220185137131, "latitude": 39.739589476000099 }, "geometry": { "type": "Point", "coordinates": [ -104.982201851371315, 39.739589476000099 ] } },
{ "type": "Feature", "properties": { "LST_celsius": 51.054287180000017, "longitude": -105.00881150816313, "latitude": 39.739320199688187 }, "geometry": { "type": "Point", "coordinates": [ -105.008811508163134, 39.739320199688187 ] } },
{ "type": "Feature", "properties": { "LST_celsius": 51.761817319999977, "longitude": -105.00776112971629, "latitude": 39.739320274663477 }, "geometry": { "type": "Point", "coordinates": [ -105.007761129716286, 39.739320274663477 ] } },
{ "type": "Feature", "properties": { "LST_celsius": 48.432665840000027, "longitude": -105.00671075126574, "latitude": 39.739320340134867 }, "geometry": { "type": "Point", "coordinates": [ -105.006710751265743, 39.739320340134867 ] } },
{ "type": "Feature", "properties": { "LST_celsius": 46.043469860000016, "longitude": -105.00566037281203, "latitude": 39.739320396102329 }, "geometry": { "type": "Point", "coordinates": [ -105.005660372812031, 39.739320396102329 ] } },
{ "type": "Feature", "properties": { "LST_celsius": 46.580099, "longitude": -105.00460999435563, "latitude": 39.739320442565891 }, "geometry": { "type": "Point", "coordinates": [ -105.004609994355633, 39.739320442565891 ] } },
{ "type": "Feature", "properties": { "LST_celsius": 46.50490256, "longitude": -105.00355961589705, "latitude": 39.739320479525539 }, "geometry": { "type": "Point", "coordinates": [ -105.003559615897046, 39.739320479525539 ] } },
{ "type": "Feature", "properties": { "LST_celsius": 46.962917240000024, "longitude": -105.00250923743675, "latitude": 39.739320506981279 }, "geometry": { "type": "Point", "coordinates": [ -105.002509237436755, 39.739320506981279 ] } },
{ "type": "Feature", "properties": { "LST_celsius": 46.193862739999986, "longitude": -105.0014588589753, "latitude": 39.739320524933113 }, "geometry": { "type": "Point", "coordinates": [ -105.001458858975298, 39.739320524933113 ] } },
{ "type": "Feature", "properties": { "LST_celsius": 45.6059633, "longitude": -105.00040848051313, "latitude": 39.739320533381026 }, "geometry": { "type": "Point", "coordinates": [ -105.00040848051313, 39.739320533381026 ] } },
{ "type": "Feature", "properties": { "LST_celsius": 45.71192192000001, "longitude": -104.99935810205078, "latitude": 39.739320532325038 }, "geometry": { "type": "Point", "coordinates": [ -104.999358102050778, 39.739320532325038 ] } },
{ "type": "Feature", "properties": { "LST_celsius": 44.34813194000003, "longitude": -104.99830772358874, "latitude": 39.739320521765137 }, "geometry": { "type": "Point", "coordinates": [ -104.998307723588738, 39.739320521765137 ] } },
{ "type": "Feature", "properties": { "LST_celsius": 45.954601340000011, "longitude": -104.99725734512748, "latitude": 39.739320501701322 }, "geometry": { "type": "Point", "coordinates": [ -104.99725734512748, 39.739320501701322 ] } },
{ "type": "Feature", "properties": { "LST_celsius": 45.243653180000024, "longitude": -104.99620696666754, "latitude": 39.739320472133613 }, "geometry": { "type": "Point", "coordinates": [ -104.996206966667543, 39.739320472133613 ] } },
{ "type": "Feature", "properties": { "LST_celsius": 44.553213140000025, "longitude": -104.99515658820941, "latitude": 39.739320433061984 }, "geometry": { "type": "Point", "coordinates": [ -104.995156588209412, 39.739320433061984 ] } },
{ "type": "Feature", "properties": { "LST_celsius": 45.02148188000001, "longitude": -104.99410620975354, "latitude": 39.739320384486433 }, "geometry": { "type": "Point", "coordinates": [ -104.994106209753539, 39.739320384486433 ] } },
{ "type": "Feature", "properties": { "LST_celsius": 46.248551060000011, "longitude": -104.9930558313005, "latitude": 39.739320326406983 }, "geometry": { "type": "Point", "coordinates": [ -104.993055831300495, 39.739320326406983 ] } },
{ "type": "Feature", "properties": { "LST_celsius": 46.41603404, "longitude": -104.99200545285073, "latitude": 39.739320258823625 }, "geometry": { "type": "Point", "coordinates": [ -104.992005452850734, 39.739320258823625 ] } },
{ "type": "Feature", "properties": { "LST_celsius": 41.69916644, "longitude": -104.99095507440477, "latitude": 39.739320181736353 }, "geometry": { "type": "Point", "coordinates": [ -104.990955074404766, 39.739320181736353 ] } },
{ "type": "Feature", "properties": { "LST_celsius": 41.719674560000044, "longitude": -104.98990469596308, "latitude": 39.739320095145175 }, "geometry": { "type": "Point", "coordinates": [ -104.989904695963077, 39.739320095145175 ] } },
{ "type": "Feature", "properties": { "LST_celsius": 40.150803380000013, "longitude": -104.98885431752619, "latitude": 39.739319999050082 }, "geometry": { "type": "Point", "coordinates": [ -104.98885431752619, 39.739319999050082 ] } },
{ "type": "Feature", "properties": { "LST_celsius": 40.249925960000041, "longitude": -104.98780393909458, "latitude": 39.739319893451082 }, "geometry": { "type": "Point", "coordinates": [ -104.987803939094576, 39.739319893451082 ] } },
{ "type": "Feature", "properties": { "LST_celsius": 40.8720056, "longitude": -104.98675356066876, "latitude": 39.739319778348175 }, "geometry": { "type": "Point", "coordinates": [ -104.98675356066876, 39.739319778348175 ] } },
{ "type": "Feature", "properties": { "LST_celsius": 41.620551980000016, "longitude": -104.98570318224922, "latitude": 39.739319653741347 }, "geometry": { "type": "Point", "coordinates": [ -104.985703182249225, 39.739319653741347 ] } },
{ "type": "Feature", "properties": { "LST_celsius": 43.295381780000014, "longitude": -104.98465280383647, "latitude": 39.739319519630619 }, "geometry": { "type": "Point", "coordinates": [ -104.984652803836468, 39.739319519630619 ] } },
{ "type": "Feature", "properties": { "LST_celsius": 44.87450702000001, "longitude": -104.98360242543097, "latitude": 39.739319376015992 }, "geometry": { "type": "Point", "coordinates": [ -104.983602425430973, 39.739319376015992 ] } },
{ "type": "Feature", "properties": { "LST_celsius": 46.5117386000001, "longitude": -104.98255204703327, "latitude": 39.739319222897443 }, "geometry": { "type": "Point", "coordinates": [ -104.982552047033266, 39.739319222897443 ] } },
{ "type": "Feature", "properties": { "LST_celsius": 51.7583993, "longitude": -105.00916159852019, "latitude": 39.7390498663081 }, "geometry": { "type": "Point", "coordinates": [ -105.009161598520194, 39.7390498663081 ] } },
{ "type": "Feature", "properties": { "LST_celsius": 52.978632440000013, "longitude": -105.00811122417811, "latitude": 39.739049944450606 }, "geometry": { "type": "Point", "coordinates": [ -105.008111224178109, 39.739049944450606 ] } },
{ "type": "Feature", "properties": { "LST_celsius": 51.795997520000014, "longitude": -105.00706084983216, "latitude": 39.739050013089312 }, "geometry": { "type": "Point", "coordinates": [ -105.007060849832158, 39.739050013089312 ] } },
{ "type": "Feature", "properties": { "LST_celsius": 46.41603404, "longitude": -105.00601047548288, "latitude": 39.739050072224181 }, "geometry": { "type": "Point", "coordinates": [ -105.006010475482881, 39.739050072224181 ] } },
{ "type": "Feature", "properties": { "LST_celsius": 46.5459188, "longitude": -105.00496010113073, "latitude": 39.739050121855243 }, "geometry": { "type": "Point", "coordinates": [ -105.004960101130735, 39.739050121855243 ] } },
{ "type": "Feature", "properties": { "LST_celsius": 47.318391320000046, "longitude": -105.00390972677626, "latitude": 39.73905016198249 }, "geometry": { "type": "Point", "coordinates": [ -105.003909726776257, 39.73905016198249 ] } },
{ "type": "Feature", "properties": { "LST_celsius": 46.6655495, "longitude": -105.00285935241992, "latitude": 39.739050192605895 }, "geometry": { "type": "Point", "coordinates": [ -105.002859352419918, 39.739050192605895 ] } },
{ "type": "Feature", "properties": { "LST_celsius": 46.60744316, "longitude": -105.00180897806221, "latitude": 39.739050213725506 }, "geometry": { "type": "Point", "coordinates": [ -105.001808978062215, 39.739050213725506 ] } },
{ "type": "Feature", "properties": { "LST_celsius": 46.12208432, "longitude": -105.00075860370366, "latitude": 39.739050225341273 }, "geometry": { "type": "Point", "coordinates": [ -105.000758603703659, 39.739050225341273 ] } },
{ "type": "Feature", "properties": { "LST_celsius": 45.9135851, "longitude": -104.99970822934473, "latitude": 39.739050227453248 }, "geometry": { "type": "Point", "coordinates": [ -104.999708229344733, 39.739050227453248 ] } },
{ "type": "Feature", "properties": { "LST_celsius": 44.744622260000028, "longitude": -104.99865785498595, "latitude": 39.739050220061372 }, "geometry": { "type": "Point", "coordinates": [ -104.99865785498595, 39.739050220061372 ] } },
{ "type": "Feature", "properties": { "LST_celsius": 44.7685484, "longitude": -104.99760748062782, "latitude": 39.739050203165704 }, "geometry": { "type": "Point", "coordinates": [ -104.997607480627821, 39.739050203165704 ] } },
{ "type": "Feature", "properties": { "LST_celsius": 45.39746408000002, "longitude": -104.9965571062708, "latitude": 39.739050176766199 }, "geometry": { "type": "Point", "coordinates": [ -104.996557106270799, 39.739050176766199 ] } },
{ "type": "Feature", "properties": { "LST_celsius": 44.218247180000049, "longitude": -104.99550673191543, "latitude": 39.739050140862879 }, "geometry": { "type": "Point", "coordinates": [ -104.995506731915427, 39.739050140862879 ] } },
{ "type": "Feature", "properties": { "LST_celsius": 44.8198187, "longitude": -104.99445635756219, "latitude": 39.739050095455738 }, "geometry": { "type": "Point", "coordinates": [ -104.994456357562186, 39.739050095455738 ] } },
{ "type": "Feature", "properties": { "LST_celsius": 45.71192192000001, "longitude": -104.99340598321157, "latitude": 39.73905004054479 }, "geometry": { "type": "Point", "coordinates": [ -104.993405983211574, 39.73905004054479 ] } },
{ "type": "Feature", "properties": { "LST_celsius": 46.60060712000001, "longitude": -104.99235560886409, "latitude": 39.739049976130005 }, "geometry": { "type": "Point", "coordinates": [ -104.992355608864088, 39.739049976130005 ] } },
{ "type": "Feature", "properties": { "LST_celsius": 42.03755042, "longitude": -104.99130523452021, "latitude": 39.739049902211413 }, "geometry": { "type": "Point", "coordinates": [ -104.991305234520212, 39.739049902211413 ] } },
{ "type": "Feature", "properties": { "LST_celsius": 41.12152106000002, "longitude": -104.99025486018047, "latitude": 39.739049818788999 }, "geometry": { "type": "Point", "coordinates": [ -104.990254860180471, 39.739049818788999 ] } },
{ "type": "Feature", "properties": { "LST_celsius": 40.598564, "longitude": -104.98920448584535, "latitude": 39.73904972586277 }, "geometry": { "type": "Point", "coordinates": [ -104.989204485845349, 39.73904972586277 ] } },
{ "type": "Feature", "properties": { "LST_celsius": 39.83292752, "longitude": -104.98815411151536, "latitude": 39.739049623432713 }, "geometry": { "type": "Point", "coordinates": [ -104.988154111515357, 39.739049623432713 ] } },
{ "type": "Feature", "properties": { "LST_celsius": 40.294360220000044, "longitude": -104.98710373719098, "latitude": 39.739049511498834 }, "geometry": { "type": "Point", "coordinates": [ -104.987103737190978, 39.739049511498834 ] } },
{ "type": "Feature", "properties": { "LST_celsius": 40.868587580000053, "longitude": -104.98605336287271, "latitude": 39.73904939006114 }, "geometry": { "type": "Point", "coordinates": [ -104.98605336287271, 39.73904939006114 ] } },
{ "type": "Feature", "properties": { "LST_celsius": 42.915981559999977, "longitude": -104.98500298856105, "latitude": 39.739049259119632 }, "geometry": { "type": "Point", "coordinates": [ -104.98500298856105, 39.739049259119632 ] } },
{ "type": "Feature", "properties": { "LST_celsius": 44.225083219999988, "longitude": -104.98395261425652, "latitude": 39.739049118674309 }, "geometry": { "type": "Point", "coordinates": [ -104.983952614256523, 39.739049118674309 ] } },
{ "type": "Feature", "properties": { "LST_celsius": 46.074232040000027, "longitude": -104.98290223995959, "latitude": 39.739048968725172 }, "geometry": { "type": "Point", "coordinates": [ -104.982902239959586, 39.739048968725172 ] } },
{ "type": "Feature", "properties": { "LST_celsius": 46.744163960000037, "longitude": -104.98185186567076, "latitude": 39.739048809272191 }, "geometry": { "type": "Point", "coordinates": [ -104.981851865670762, 39.739048809272191 ] } },
{ "type": "Feature", "properties": { "LST_celsius": 53.474245340000039, "longitude": -105.00846131590433, "latitude": 39.738779613169619 }, "geometry": { "type": "Point", "coordinates": [ -105.008461315904327, 39.738779613169619 ] } },
{ "type": "Feature", "properties": { "LST_celsius": 54.523577480000029, "longitude": -105.00741094566298, "latitude": 39.738779684975555 }, "geometry": { "type": "Point", "coordinates": [ -105.007410945662983, 39.738779684975555 ] } },
{ "type": "Feature", "properties": { "LST_celsius": 48.51811634000001, "longitude": -105.00636057541813, "latitude": 39.738779747277789 }, "geometry": { "type": "Point", "coordinates": [ -105.006360575418128, 39.738779747277789 ] } },
{ "type": "Feature", "properties": { "LST_celsius": 46.419452060000026, "longitude": -105.00531020517026, "latitude": 39.73877980007628 }, "geometry": { "type": "Point", "coordinates": [ -105.005310205170261, 39.73877980007628 ] } },
{ "type": "Feature", "properties": { "LST_celsius": 47.677283419999981, "longitude": -105.00425983491986, "latitude": 39.738779843371049 }, "geometry": { "type": "Point", "coordinates": [ -105.004259834919864, 39.738779843371049 ] } },
{ "type": "Feature", "properties": { "LST_celsius": 47.130400220000013, "longitude": -105.00320946466746, "latitude": 39.738779877162081 }, "geometry": { "type": "Point", "coordinates": [ -105.003209464667464, 39.738779877162081 ] } },
{ "type": "Feature", "properties": { "LST_celsius": 46.54933682000001, "longitude": -105.00215909441353, "latitude": 39.738779901449391 }, "geometry": { "type": "Point", "coordinates": [ -105.002159094413528, 39.738779901449391 ] } },
{ "type": "Feature", "properties": { "LST_celsius": 46.05714194000001, "longitude": -105.00110872415856, "latitude": 39.738779916232964 }, "geometry": { "type": "Point", "coordinates": [ -105.001108724158556, 39.738779916232964 ] } },
{ "type": "Feature", "properties": { "LST_celsius": 45.633307460000026, "longitude": -105.00005835390309, "latitude": 39.738779921512808 }, "geometry": { "type": "Point", "coordinates": [ -105.000058353903086, 39.738779921512808 ] } },
{ "type": "Feature", "properties": { "LST_celsius": 45.66065162000001, "longitude": -104.99900798364757, "latitude": 39.73877991728893 }, "geometry": { "type": "Point", "coordinates": [ -104.999007983647573, 39.73877991728893 ] } },
{ "type": "Feature", "properties": { "LST_celsius": 44.98730168000003, "longitude": -104.99795761339253, "latitude": 39.73877990356133 }, "geometry": { "type": "Point", "coordinates": [ -104.997957613392529, 39.73877990356133 ] } },
{ "type": "Feature", "properties": { "LST_celsius": 45.301759520000019, "longitude": -104.99690724313847, "latitude": 39.738779880329986 }, "geometry": { "type": "Point", "coordinates": [ -104.996907243138466, 39.738779880329986 ] } },
{ "type": "Feature", "properties": { "LST_celsius": 44.3754761, "longitude": -104.99585687288587, "latitude": 39.73877984759492 }, "geometry": { "type": "Point", "coordinates": [ -104.995856872885867, 39.73877984759492 ] } },
{ "type": "Feature", "properties": { "LST_celsius": 44.662589780000019, "longitude": -104.99480650263523, "latitude": 39.738779805356124 }, "geometry": { "type": "Point", "coordinates": [ -104.994806502635228, 39.738779805356124 ] } },
{ "type": "Feature", "properties": { "LST_celsius": 45.0761702, "longitude": -104.99375613238703, "latitude": 39.738779753613606 }, "geometry": { "type": "Point", "coordinates": [ -104.993756132387034, 39.738779753613606 ] } },
{ "type": "Feature", "properties": { "LST_celsius": 46.098158180000041, "longitude": -104.99270576214182, "latitude": 39.738779692367345 }, "geometry": { "type": "Point", "coordinates": [ -104.992705762141824, 39.738779692367345 ] } },
{ "type": "Feature", "properties": { "LST_celsius": 44.4096563000001, "longitude": -104.99165539190007, "latitude": 39.738779621617361 }, "geometry": { "type": "Point", "coordinates": [ -104.991655391900068, 39.738779621617361 ] } },
{ "type": "Feature", "properties": { "LST_celsius": 40.181565560000024, "longitude": -104.99060502166228, "latitude": 39.738779541363662 }, "geometry": { "type": "Point", "coordinates": [ -104.990605021662276, 39.738779541363662 ] } },
{ "type": "Feature", "properties": { "LST_celsius": 40.116623180000033, "longitude": -104.98955465142892, "latitude": 39.73877945160622 }, "geometry": { "type": "Point", "coordinates": [ -104.989554651428918, 39.73877945160622 ] } },
{ "type": "Feature", "properties": { "LST_celsius": 40.249925960000041, "longitude": -104.98850428120053, "latitude": 39.738779352345048 }, "geometry": { "type": "Point", "coordinates": [ -104.988504281200534, 39.738779352345048 ] } },
{ "type": "Feature", "properties": { "LST_celsius": 40.3251224000001, "longitude": -104.98745391097759, "latitude": 39.738779243580154 }, "geometry": { "type": "Point", "coordinates": [ -104.987453910977592, 39.738779243580154 ] } },
{ "type": "Feature", "properties": { "LST_celsius": 40.574637860000053, "longitude": -104.98640354076061, "latitude": 39.738779125311531 }, "geometry": { "type": "Point", "coordinates": [ -104.986403540760605, 39.738779125311531 ] } },
{ "type": "Feature", "properties": { "LST_celsius": 42.553671440000016, "longitude": -104.98535317055006, "latitude": 39.738778997539178 }, "geometry": { "type": "Point", "coordinates": [ -104.985353170550056, 39.738778997539178 ] } },
{ "type": "Feature", "properties": { "LST_celsius": 44.2558454, "longitude": -104.98430280034647, "latitude": 39.738778860263103 }, "geometry": { "type": "Point", "coordinates": [ -104.98430280034647, 39.738778860263103 ] } },
{ "type": "Feature", "properties": { "LST_celsius": 45.32910368, "longitude": -104.9832524301503, "latitude": 39.738778713483292 }, "geometry": { "type": "Point", "coordinates": [ -104.983252430150301, 39.738778713483292 ] } },
{ "type": "Feature", "properties": { "LST_celsius": 46.40236196000001, "longitude": -104.98220205996211, "latitude": 39.738778557199758 }, "geometry": { "type": "Point", "coordinates": [ -104.982202059962106, 39.738778557199758 ] } },
{ "type": "Feature", "properties": { "LST_celsius": 52.701772820000031, "longitude": -105.008811404895, "latitude": 39.738509280820502 }, "geometry": { "type": "Point", "coordinates": [ -105.008811404894999, 39.738509280820502 ] } },
{ "type": "Feature", "properties": { "LST_celsius": 55.29946802000001, "longitude": -105.00776103875825, "latitude": 39.738509355793646 }, "geometry": { "type": "Point", "coordinates": [ -105.007761038758247, 39.738509355793646 ] } },
{ "type": "Feature", "properties": { "LST_celsius": 52.0831112, "longitude": -105.00671067261781, "latitude": 39.738509421263146 }, "geometry": { "type": "Point", "coordinates": [ -105.006710672617814, 39.738509421263146 ] } },
{ "type": "Feature", "properties": { "LST_celsius": 47.892618680000055, "longitude": -105.00566030647421, "latitude": 39.738509477229023 }, "geometry": { "type": "Point", "coordinates": [ -105.005660306474212, 39.738509477229023 ] } },
{ "type": "Feature", "properties": { "LST_celsius": 47.57816084000001, "longitude": -105.00460994032791, "latitude": 39.738509523691256 }, "geometry": { "type": "Point", "coordinates": [ -105.00460994032791, 39.738509523691256 ] } },
{ "type": "Feature", "properties": { "LST_celsius": 47.64993926, "longitude": -105.00355957417943, "latitude": 39.738509560649852 }, "geometry": { "type": "Point", "coordinates": [ -105.003559574179434, 39.738509560649852 ] } },
{ "type": "Feature", "properties": { "LST_celsius": 46.8364505, "longitude": -105.00250920802927, "latitude": 39.738509588104804 }, "geometry": { "type": "Point", "coordinates": [ -105.002509208029267, 39.738509588104804 ] } },
{ "type": "Feature", "properties": { "LST_celsius": 46.52541068000005, "longitude": -105.00145884187792, "latitude": 39.738509606056127 }, "geometry": { "type": "Point", "coordinates": [ -105.00145884187792, 39.738509606056127 ] } },
{ "type": "Feature", "properties": { "LST_celsius": 46.18360868000002, "longitude": -105.00040847572588, "latitude": 39.738509614503798 }, "geometry": { "type": "Point", "coordinates": [ -105.000408475725877, 39.738509614503798 ] } },
{ "type": "Feature", "properties": { "LST_celsius": 46.081068080000023, "longitude": -104.99935810957363, "latitude": 39.738509613447839 }, "geometry": { "type": "Point", "coordinates": [ -104.999358109573635, 39.738509613447839 ] } },
{ "type": "Feature", "properties": { "LST_celsius": 45.749520140000016, "longitude": -104.99830774342171, "latitude": 39.738509602888243 }, "geometry": { "type": "Point", "coordinates": [ -104.998307743421705, 39.738509602888243 ] } },
{ "type": "Feature", "properties": { "LST_celsius": 44.775384440000039, "longitude": -104.99725737727056, "latitude": 39.73850958282501 }, "geometry": { "type": "Point", "coordinates": [ -104.997257377270557, 39.73850958282501 ] } },
{ "type": "Feature", "properties": { "LST_celsius": 44.395984220000059, "longitude": -104.99620701112073, "latitude": 39.738509553258133 }, "geometry": { "type": "Point", "coordinates": [ -104.996207011120731, 39.738509553258133 ] } },
{ "type": "Feature", "properties": { "LST_celsius": 45.2983415, "longitude": -104.9951566449727, "latitude": 39.738509514187619 }, "geometry": { "type": "Point", "coordinates": [ -104.995156644972695, 39.738509514187619 ] } },
{ "type": "Feature", "properties": { "LST_celsius": 45.130858520000061, "longitude": -104.99410627882695, "latitude": 39.738509465613468 }, "geometry": { "type": "Point", "coordinates": [ -104.994106278826948, 39.738509465613468 ] } },
{ "type": "Feature", "properties": { "LST_celsius": 45.66065162000001, "longitude": -104.99305591268401, "latitude": 39.73850940753568 }, "geometry": { "type": "Point", "coordinates": [ -104.993055912684014, 39.73850940753568 ] } },
{ "type": "Feature", "properties": { "LST_celsius": 46.1186663, "longitude": -104.99200554654435, "latitude": 39.738509339954248 }, "geometry": { "type": "Point", "coordinates": [ -104.992005546544348, 39.738509339954248 ] } },
{ "type": "Feature", "properties": { "LST_celsius": 41.7436007, "longitude": -104.99095518040849, "latitude": 39.738509262869179 }, "geometry": { "type": "Point", "coordinates": [ -104.990955180408491, 39.738509262869179 ] } },
{ "type": "Feature", "properties": { "LST_celsius": 40.08244298, "longitude": -104.98990481427693, "latitude": 39.738509176280481 }, "geometry": { "type": "Point", "coordinates": [ -104.989904814276926, 39.738509176280481 ] } },
{ "type": "Feature", "properties": { "LST_celsius": 40.731866780000018, "longitude": -104.98885444815015, "latitude": 39.738509080188145 }, "geometry": { "type": "Point", "coordinates": [ -104.98885444815015, 39.738509080188145 ] } },
{ "type": "Feature", "properties": { "LST_celsius": 41.05316066, "longitude": -104.98780408202865, "latitude": 39.738508974592165 }, "geometry": { "type": "Point", "coordinates": [ -104.987804082028646, 39.738508974592165 ] } },
{ "type": "Feature", "properties": { "LST_celsius": 41.412052760000051, "longitude": -104.98675371591293, "latitude": 39.738508859492534 }, "geometry": { "type": "Point", "coordinates": [ -104.986753715912926, 39.738508859492534 ] } },
{ "type": "Feature", "properties": { "LST_celsius": 42.25288568000002, "longitude": -104.9857033498035, "latitude": 39.73850873488928 }, "geometry": { "type": "Point", "coordinates": [ -104.985703349803501, 39.73850873488928 ] } },
{ "type": "Feature", "properties": { "LST_celsius": 44.31395174, "longitude": -104.98465298370085, "latitude": 39.738508600782396 }, "geometry": { "type": "Point", "coordinates": [ -104.984652983700855, 39.738508600782396 ] } },
{ "type": "Feature", "properties": { "LST_celsius": 44.898433160000025, "longitude": -104.98360261760548, "latitude": 39.738508457171861 }, "geometry": { "type": "Point", "coordinates": [ -104.983602617605484, 39.738508457171861 ] } },
{ "type": "Feature", "properties": { "LST_celsius": 45.9135851, "longitude": -104.98255225151789, "latitude": 39.738508304057703 }, "geometry": { "type": "Point", "coordinates": [ -104.982552251517887, 39.738508304057703 ] } },
{ "type": "Feature", "properties": { "LST_celsius": 50.6475428, "longitude": -105.00916149115012, "latitude": 39.738238947403303 }, "geometry": { "type": "Point", "coordinates": [ -105.009161491150124, 39.738238947403303 ] } },
{ "type": "Feature", "properties": { "LST_celsius": 53.68274456000006, "longitude": -105.00811112911796, "latitude": 39.738239025543585 }, "geometry": { "type": "Point", "coordinates": [ -105.008111129117964, 39.738239025543585 ] } },
{ "type": "Feature", "properties": { "LST_celsius": 54.345840440000018, "longitude": -105.00706076708198, "latitude": 39.738239094180329 }, "geometry": { "type": "Point", "coordinates": [ -105.007060767081981, 39.738239094180329 ] } },
{ "type": "Feature", "properties": { "LST_celsius": 50.3228309, "longitude": -105.00601040504264, "latitude": 39.738239153313508 }, "geometry": { "type": "Point", "coordinates": [ -105.006010405042645, 39.738239153313508 ] } },
{ "type": "Feature", "properties": { "LST_celsius": 47.7080456, "longitude": -105.00496004300044, "latitude": 39.738239202943156 }, "geometry": { "type": "Point", "coordinates": [ -105.004960043000438, 39.738239202943156 ] } },
{ "type": "Feature", "properties": { "LST_celsius": 47.865274520000014, "longitude": -105.0039096809559, "latitude": 39.738239243069238 }, "geometry": { "type": "Point", "coordinates": [ -105.0039096809559, 39.738239243069238 ] } },
{ "type": "Feature", "properties": { "LST_celsius": 47.027859620000015, "longitude": -105.0028593189095, "latitude": 39.738239273691782 }, "geometry": { "type": "Point", "coordinates": [ -105.002859318909501, 39.738239273691782 ] } },
{ "type": "Feature", "properties": { "LST_celsius": 46.860376640000027, "longitude": -105.00180895686175, "latitude": 39.738239294810768 }, "geometry": { "type": "Point", "coordinates": [ -105.001808956861751, 39.738239294810768 ] } },
{ "type": "Feature", "properties": { "LST_celsius": 46.5971891, "longitude": -105.00075859481314, "latitude": 39.738239306426223 }, "geometry": { "type": "Point", "coordinates": [ -105.000758594813135, 39.738239306426223 ] } },
{ "type": "Feature", "properties": { "LST_celsius": 46.508320580000031, "longitude": -104.99970823276416, "latitude": 39.738239308538127 }, "geometry": { "type": "Point", "coordinates": [ -104.999708232764164, 39.738239308538127 ] } },
{ "type": "Feature", "properties": { "LST_celsius": 46.1186663, "longitude": -104.99865787071533, "latitude": 39.738239301146479 }, "geometry": { "type": "Point", "coordinates": [ -104.998657870715334, 39.738239301146479 ] } },
{ "type": "Feature", "properties": { "LST_celsius": 45.4863326, "longitude": -104.99760750866713, "latitude": 39.738239284251279 }, "geometry": { "type": "Point", "coordinates": [ -104.99760750866713, 39.738239284251279 ] } },
{ "type": "Feature", "properties": { "LST_celsius": 43.93796954000004, "longitude": -104.99655714662006, "latitude": 39.738239257852534 }, "geometry": { "type": "Point", "coordinates": [ -104.996557146620063, 39.738239257852534 ] } },
{ "type": "Feature", "properties": { "LST_celsius": 45.7597742, "longitude": -104.99550678457463, "latitude": 39.738239221950245 }, "geometry": { "type": "Point", "coordinates": [ -104.99550678457463, 39.738239221950245 ] } },
{ "type": "Feature", "properties": { "LST_celsius": 46.658713460000058, "longitude": -104.99445642253134, "latitude": 39.738239176544404 }, "geometry": { "type": "Point", "coordinates": [ -104.994456422531343, 39.738239176544404 ] } },
{ "type": "Feature", "properties": { "LST_celsius": 45.677741720000029, "longitude": -104.99340606049067, "latitude": 39.738239121635019 }, "geometry": { "type": "Point", "coordinates": [ -104.99340606049067, 39.738239121635019 ] } },
{ "type": "Feature", "properties": { "LST_celsius": 46.395525920000011, "longitude": -104.99235569845312, "latitude": 39.738239057222074 }, "geometry": { "type": "Point", "coordinates": [ -104.992355698453125, 39.738239057222074 ] } },
{ "type": "Feature", "properties": { "LST_celsius": 44.2216652, "longitude": -104.9913053364192, "latitude": 39.738238983305607 }, "geometry": { "type": "Point", "coordinates": [ -104.991305336419202, 39.738238983305607 ] } },
{ "type": "Feature", "properties": { "LST_celsius": 41.104430960000059, "longitude": -104.99025497438942, "latitude": 39.73823889988558 }, "geometry": { "type": "Point", "coordinates": [ -104.990254974389416, 39.73823889988558 ] } },
{ "type": "Feature", "properties": { "LST_celsius": 40.81731728, "longitude": -104.98920461236423, "latitude": 39.738238806961988 }, "geometry": { "type": "Point", "coordinates": [ -104.989204612364233, 39.738238806961988 ] } },
{ "type": "Feature", "properties": { "LST_celsius": 41.518011380000019, "longitude": -104.98815425034418, "latitude": 39.738238704534872 }, "geometry": { "type": "Point", "coordinates": [ -104.988154250344181, 39.738238704534872 ] } },
{ "type": "Feature", "properties": { "LST_celsius": 42.310992020000015, "longitude": -104.98710388832974, "latitude": 39.738238592604198 }, "geometry": { "type": "Point", "coordinates": [ -104.987103888329742, 39.738238592604198 ] } },
{ "type": "Feature", "properties": { "LST_celsius": 42.789514820000022, "longitude": -104.98605352632141, "latitude": 39.738238471169979 }, "geometry": { "type": "Point", "coordinates": [ -104.986053526321413, 39.738238471169979 ] } },
{ "type": "Feature", "properties": { "LST_celsius": 44.604483440000024, "longitude": -104.98500316431972, "latitude": 39.738238340232215 }, "geometry": { "type": "Point", "coordinates": [ -104.985003164319721, 39.738238340232215 ] } },
{ "type": "Feature", "properties": { "LST_celsius": 45.04882604, "longitude": -104.98395280232511, "latitude": 39.738238199790906 }, "geometry": { "type": "Point", "coordinates": [ -104.983952802325106, 39.738238199790906 ] } },
{ "type": "Feature", "properties": { "LST_celsius": 45.4521524, "longitude": -104.98290244033812, "latitude": 39.738238049846053 }, "geometry": { "type": "Point", "coordinates": [ -104.982902440338123, 39.738238049846053 ] } },
{ "type": "Feature", "properties": { "LST_celsius": 45.6914138, "longitude": -104.98185207835924, "latitude": 39.738237890397649 }, "geometry": { "type": "Point", "coordinates": [ -104.981852078359239, 39.738237890397649 ] } },
{ "type": "Feature", "properties": { "LST_celsius": 50.62703468000001, "longitude": -105.00846121674222, "latitude": 39.737968694225437 }, "geometry": { "type": "Point", "coordinates": [ -105.008461216742219, 39.737968694225437 ] } },
{ "type": "Feature", "properties": { "LST_celsius": 52.99914056, "longitude": -105.00741085881066, "latitude": 39.737968766029333 }, "geometry": { "type": "Point", "coordinates": [ -105.007410858810658, 39.737968766029333 ] } },
{ "type": "Feature", "properties": { "LST_celsius": 51.5020478, "longitude": -105.00636050087557, "latitude": 39.73796882832977 }, "geometry": { "type": "Point", "coordinates": [ -105.006360500875573, 39.73796882832977 ] } },
{ "type": "Feature", "properties": { "LST_celsius": 48.350633360000018, "longitude": -105.00531014293749, "latitude": 39.737968881126747 }, "geometry": { "type": "Point", "coordinates": [ -105.005310142937489, 39.737968881126747 ] } },
{ "type": "Feature", "properties": { "LST_celsius": 47.68753748000006, "longitude": -105.00425978499688, "latitude": 39.737968924420279 }, "geometry": { "type": "Point", "coordinates": [ -105.004259784996876, 39.737968924420279 ] } },
{ "type": "Feature", "properties": { "LST_celsius": 47.226104780000014, "longitude": -105.00320942705424, "latitude": 39.737968958210345 }, "geometry": { "type": "Point", "coordinates": [ -105.003209427054244, 39.737968958210345 ] } },
{ "type": "Feature", "properties": { "LST_celsius": 47.103056060000029, "longitude": -105.00215906911009, "latitude": 39.737968982496959 }, "geometry": { "type": "Point", "coordinates": [ -105.002159069110093, 39.737968982496959 ] } },
{ "type": "Feature", "properties": { "LST_celsius": 46.8193604000001, "longitude": -105.00110871116492, "latitude": 39.73796899728012 }, "geometry": { "type": "Point", "coordinates": [ -105.001108711164918, 39.73796899728012 ] } },
{ "type": "Feature", "properties": { "LST_celsius": 46.8877208, "longitude": -105.0000583532192, "latitude": 39.737969002559815 }, "geometry": { "type": "Point", "coordinates": [ -105.000058353219202, 39.737969002559815 ] } },
{ "type": "Feature", "properties": { "LST_celsius": 46.54933682000001, "longitude": -104.99900799527347, "latitude": 39.737968998336058 }, "geometry": { "type": "Point", "coordinates": [ -104.999007995273473, 39.737968998336058 ] } },
{ "type": "Feature", "properties": { "LST_celsius": 45.291505460000053, "longitude": -104.99795763732821, "latitude": 39.737968984608841 }, "geometry": { "type": "Point", "coordinates": [ -104.997957637328213, 39.737968984608841 ] } },
{ "type": "Feature", "properties": { "LST_celsius": 43.27145564, "longitude": -104.99690727938392, "latitude": 39.737968961378165 }, "geometry": { "type": "Point", "coordinates": [ -104.996907279383919, 39.737968961378165 ] } },
{ "type": "Feature", "properties": { "LST_celsius": 45.25390724, "longitude": -104.9958569214411, "latitude": 39.737968928644037 }, "geometry": { "type": "Point", "coordinates": [ -104.995856921441103, 39.737968928644037 ] } },
{ "type": "Feature", "properties": { "LST_celsius": 48.6138209, "longitude": -104.99480656350023, "latitude": 39.737968886406456 }, "geometry": { "type": "Point", "coordinates": [ -104.994806563500234, 39.737968886406456 ] } },
{ "type": "Feature", "properties": { "LST_celsius": 46.487812459999986, "longitude": -104.99375620556184, "latitude": 39.737968834665395 }, "geometry": { "type": "Point", "coordinates": [ -104.993756205561837, 39.737968834665395 ] } },
{ "type": "Feature", "properties": { "LST_celsius": 46.774926140000048, "longitude": -104.9927058476264, "latitude": 39.73796877342091 }, "geometry": { "type": "Point", "coordinates": [ -104.992705847626397, 39.73796877342091 ] } },
{ "type": "Feature", "properties": { "LST_celsius": 46.139174420000018, "longitude": -104.99165548969442, "latitude": 39.737968702672951 }, "geometry": { "type": "Point", "coordinates": [ -104.991655489694423, 39.737968702672951 ] } },
{ "type": "Feature", "properties": { "LST_celsius": 43.199677220000012, "longitude": -104.9906051317664, "latitude": 39.737968622421533 }, "geometry": { "type": "Point", "coordinates": [ -104.990605131766401, 39.737968622421533 ] } },
{ "type": "Feature", "properties": { "LST_celsius": 41.206971560000056, "longitude": -104.98955477384284, "latitude": 39.73796853266667 }, "geometry": { "type": "Point", "coordinates": [ -104.989554773842841, 39.73796853266667 ] } },
{ "type": "Feature", "properties": { "LST_celsius": 42.164017160000014, "longitude": -104.98850441592423, "latitude": 39.737968433408327 }, "geometry": { "type": "Point", "coordinates": [ -104.988504415924226, 39.737968433408327 ] } },
{ "type": "Feature", "properties": { "LST_celsius": 42.81685898000001, "longitude": -104.98745405801105, "latitude": 39.737968324646538 }, "geometry": { "type": "Point", "coordinates": [ -104.987454058011053, 39.737968324646538 ] } },
{ "type": "Feature", "properties": { "LST_celsius": 43.7089622, "longitude": -104.98640370010385, "latitude": 39.737968206381304 }, "geometry": { "type": "Point", "coordinates": [ -104.98640370010385, 39.737968206381304 ] } },
{ "type": "Feature", "properties": { "LST_celsius": 44.570303240000044, "longitude": -104.98535334220308, "latitude": 39.737968078612603 }, "geometry": { "type": "Point", "coordinates": [ -104.985353342203084, 39.737968078612603 ] } },
{ "type": "Feature", "properties": { "LST_celsius": 45.88624094, "longitude": -104.98430298430925, "latitude": 39.737967941340457 }, "geometry": { "type": "Point", "coordinates": [ -104.984302984309252, 39.737967941340457 ] } },
{ "type": "Feature", "properties": { "LST_celsius": 45.821298560000059, "longitude": -104.98325262642288, "latitude": 39.737967794564852 }, "geometry": { "type": "Point", "coordinates": [ -104.983252626422882, 39.737967794564852 ] } },
{ "type": "Feature", "properties": { "LST_celsius": 45.6059633, "longitude": -104.98220226854446, "latitude": 39.737967638285774 }, "geometry": { "type": "Point", "coordinates": [ -104.982202268544455, 39.737967638285774 ] } },
{ "type": "Feature", "properties": { "LST_celsius": 48.504444260000014, "longitude": -105.00881130163103, "latitude": 39.7376983618392 }, "geometry": { "type": "Point", "coordinates": [ -105.008811301631027, 39.7376983618392 ] } },
{ "type": "Feature", "properties": { "LST_celsius": 50.616780619999986, "longitude": -105.00776094780389, "latitude": 39.737698436810199 }, "geometry": { "type": "Point", "coordinates": [ -105.007760947803888, 39.737698436810199 ] } },
{ "type": "Feature", "properties": { "LST_celsius": 51.525973940000029, "longitude": -105.00671059397307, "latitude": 39.737698502277844 }, "geometry": { "type": "Point", "coordinates": [ -105.006710593973068, 39.737698502277844 ] } },
{ "type": "Feature", "properties": { "LST_celsius": 48.8359922, "longitude": -105.00566024013908, "latitude": 39.737698558242116 }, "geometry": { "type": "Point", "coordinates": [ -105.005660240139079, 39.737698558242116 ] } },
{ "type": "Feature", "properties": { "LST_celsius": 47.60892302000002, "longitude": -105.0046098863024, "latitude": 39.737698604702999 }, "geometry": { "type": "Point", "coordinates": [ -105.004609886302404, 39.737698604702999 ] } },
{ "type": "Feature", "properties": { "LST_celsius": 47.222686759999988, "longitude": -105.00355953246353, "latitude": 39.73769864166055 }, "geometry": { "type": "Point", "coordinates": [ -105.003559532463527, 39.73769864166055 ] } },
{ "type": "Feature", "properties": { "LST_celsius": 47.277375080000013, "longitude": -105.00250917862297, "latitude": 39.737698669114714 }, "geometry": { "type": "Point", "coordinates": [ -105.002509178622972, 39.737698669114714 ] } },
{ "type": "Feature", "properties": { "LST_celsius": 47.157744380000054, "longitude": -105.00145882478124, "latitude": 39.737698687065524 }, "geometry": { "type": "Point", "coordinates": [ -105.001458824781238, 39.737698687065524 ] } },
{ "type": "Feature", "properties": { "LST_celsius": 46.962917240000024, "longitude": -105.00040847093879, "latitude": 39.737698695512954 }, "geometry": { "type": "Point", "coordinates": [ -105.000408470938794, 39.737698695512954 ] } },
{ "type": "Feature", "properties": { "LST_celsius": 46.6826396, "longitude": -104.99935811709616, "latitude": 39.737698694457031 }, "geometry": { "type": "Point", "coordinates": [ -104.999358117096165, 39.737698694457031 ] } },
{ "type": "Feature", "properties": { "LST_celsius": 46.156264520000036, "longitude": -104.99830776325385, "latitude": 39.737698683897733 }, "geometry": { "type": "Point", "coordinates": [ -104.998307763253848, 39.737698683897733 ] } },
{ "type": "Feature", "properties": { "LST_celsius": 42.987759980000021, "longitude": -104.99725740941233, "latitude": 39.737698663835062 }, "geometry": { "type": "Point", "coordinates": [ -104.997257409412327, 39.737698663835062 ] } },
{ "type": "Feature", "properties": { "LST_celsius": 43.517553080000027, "longitude": -104.9962070555721, "latitude": 39.737698634269037 }, "geometry": { "type": "Point", "coordinates": [ -104.9962070555721, 39.737698634269037 ] } },
{ "type": "Feature", "properties": { "LST_celsius": 48.53178842, "longitude": -104.99515670173368, "latitude": 39.737698595199632 }, "geometry": { "type": "Point", "coordinates": [ -104.995156701733677, 39.737698595199632 ] } },
{ "type": "Feature", "properties": { "LST_celsius": 48.008831360000045, "longitude": -104.99410634789756, "latitude": 39.737698546626881 }, "geometry": { "type": "Point", "coordinates": [ -104.994106347897556, 39.737698546626881 ] } },
{ "type": "Feature", "properties": { "LST_celsius": 47.567906780000044, "longitude": -104.99305599406422, "latitude": 39.737698488550762 }, "geometry": { "type": "Point", "coordinates": [ -104.993055994064221, 39.737698488550762 ] } },
{ "type": "Feature", "properties": { "LST_celsius": 47.523472520000041, "longitude": -104.9920056402342, "latitude": 39.737698420971256 }, "geometry": { "type": "Point", "coordinates": [ -104.992005640234197, 39.737698420971256 ] } },
{ "type": "Feature", "properties": { "LST_celsius": 45.305177540000045, "longitude": -104.99095528640794, "latitude": 39.737698343888397 }, "geometry": { "type": "Point", "coordinates": [ -104.990955286407939, 39.737698343888397 ] } },
{ "type": "Feature", "properties": { "LST_celsius": 42.451130840000019, "longitude": -104.98990493258599, "latitude": 39.737698257302164 }, "geometry": { "type": "Point", "coordinates": [ -104.989904932585986, 39.737698257302164 ] } },
{ "type": "Feature", "properties": { "LST_celsius": 42.054640520000021, "longitude": -104.98885457876881, "latitude": 39.737698161212577 }, "geometry": { "type": "Point", "coordinates": [ -104.988854578768809, 39.737698161212577 ] } },
{ "type": "Feature", "properties": { "LST_celsius": 43.250947520000011, "longitude": -104.98780422495692, "latitude": 39.737698055619617 }, "geometry": { "type": "Point", "coordinates": [ -104.987804224956918, 39.737698055619617 ] } },
{ "type": "Feature", "properties": { "LST_celsius": 44.406238280000025, "longitude": -104.98675387115081, "latitude": 39.73769794052329 }, "geometry": { "type": "Point", "coordinates": [ -104.98675387115081, 39.73769794052329 ] } },
{ "type": "Feature", "properties": { "LST_celsius": 45.199218920000021, "longitude": -104.985703517351, "latitude": 39.737697815923603 }, "geometry": { "type": "Point", "coordinates": [ -104.985703517350998, 39.737697815923603 ] } },
{ "type": "Feature", "properties": { "LST_celsius": 45.92042114000003, "longitude": -104.98465316355797, "latitude": 39.737697681820542 }, "geometry": { "type": "Point", "coordinates": [ -104.984653163557965, 39.737697681820542 ] } },
{ "type": "Feature", "properties": { "LST_celsius": 46.067396, "longitude": -104.98360280977221, "latitude": 39.737697538214114 }, "geometry": { "type": "Point", "coordinates": [ -104.983602809772208, 39.737697538214114 ] } },
{ "type": "Feature", "properties": { "LST_celsius": 45.59229122, "longitude": -104.9825524559942, "latitude": 39.737697385104333 }, "geometry": { "type": "Point", "coordinates": [ -104.982552455994195, 39.737697385104333 ] } },
{ "type": "Feature", "properties": { "LST_celsius": 46.9731713, "longitude": -105.00916138378439, "latitude": 39.737428028384912 }, "geometry": { "type": "Point", "coordinates": [ -105.009161383784388, 39.737428028384912 ] } },
{ "type": "Feature", "properties": { "LST_celsius": 48.377977520000059, "longitude": -105.0081110340617, "latitude": 39.737428106522948 }, "geometry": { "type": "Point", "coordinates": [ -105.008111034061699, 39.737428106522948 ] } },
{ "type": "Feature", "properties": { "LST_celsius": 49.8101279, "longitude": -105.00706068433514, "latitude": 39.737428175157717 }, "geometry": { "type": "Point", "coordinates": [ -105.007060684335144, 39.737428175157717 ] } },
{ "type": "Feature", "properties": { "LST_celsius": 49.584538580000014, "longitude": -105.00601033460525, "latitude": 39.737428234289219 }, "geometry": { "type": "Point", "coordinates": [ -105.00601033460525, 39.737428234289219 ] } },
{ "type": "Feature", "properties": { "LST_celsius": 46.9048109, "longitude": -105.00495998487251, "latitude": 39.737428283917446 }, "geometry": { "type": "Point", "coordinates": [ -105.004959984872514, 39.737428283917446 ] } },
{ "type": "Feature", "properties": { "LST_celsius": 46.292985320000014, "longitude": -105.0039096351374, "latitude": 39.737428324042391 }, "geometry": { "type": "Point", "coordinates": [ -105.003909635137404, 39.737428324042391 ] } },
{ "type": "Feature", "properties": { "LST_celsius": 46.757836040000029, "longitude": -105.00285928540045, "latitude": 39.737428354664054 }, "geometry": { "type": "Point", "coordinates": [ -105.002859285400447, 39.737428354664054 ] } },
{ "type": "Feature", "properties": { "LST_celsius": 47.359407560000022, "longitude": -105.00180893566215, "latitude": 39.737428375782443 }, "geometry": { "type": "Point", "coordinates": [ -105.001808935662154, 39.737428375782443 ] } },
{ "type": "Feature", "properties": { "LST_celsius": 46.6826396, "longitude": -105.00075858592298, "latitude": 39.737428387397557 }, "geometry": { "type": "Point", "coordinates": [ -105.000758585922981, 39.737428387397557 ] } },
{ "type": "Feature", "properties": { "LST_celsius": 46.385271859999989, "longitude": -104.99970823618345, "latitude": 39.737428389509404 }, "geometry": { "type": "Point", "coordinates": [ -104.999708236183452, 39.737428389509404 ] } },
{ "type": "Feature", "properties": { "LST_celsius": 46.060559959999978, "longitude": -104.99865788644406, "latitude": 39.737428382117947 }, "geometry": { "type": "Point", "coordinates": [ -104.998657886444065, 39.737428382117947 ] } },
{ "type": "Feature", "properties": { "LST_celsius": 43.719216260000053, "longitude": -104.99760753670532, "latitude": 39.737428365223245 }, "geometry": { "type": "Point", "coordinates": [ -104.997607536705317, 39.737428365223245 ] } },
{ "type": "Feature", "properties": { "LST_celsius": 42.3588443, "longitude": -104.99655718696769, "latitude": 39.737428338825261 }, "geometry": { "type": "Point", "coordinates": [ -104.996557186967692, 39.737428338825261 ] } },
{ "type": "Feature", "properties": { "LST_celsius": 46.51857464, "longitude": -104.99550683723172, "latitude": 39.737428302923995 }, "geometry": { "type": "Point", "coordinates": [ -104.995506837231716, 39.737428302923995 ] } },
{ "type": "Feature", "properties": { "LST_celsius": 48.008831360000045, "longitude": -104.99445648749786, "latitude": 39.737428257519454 }, "geometry": { "type": "Point", "coordinates": [ -104.994456487497857, 39.737428257519454 ] } },
{ "type": "Feature", "properties": { "LST_celsius": 48.094281860000024, "longitude": -104.99340613776663, "latitude": 39.737428202611632 }, "geometry": { "type": "Point", "coordinates": [ -104.993406137766627, 39.737428202611632 ] } },
{ "type": "Feature", "properties": { "LST_celsius": 48.25151078, "longitude": -104.99235578803854, "latitude": 39.737428138200542 }, "geometry": { "type": "Point", "coordinates": [ -104.992355788038537, 39.737428138200542 ] } },
{ "type": "Feature", "properties": { "LST_celsius": 47.3320634, "longitude": -104.99130543831406, "latitude": 39.737428064286178 }, "geometry": { "type": "Point", "coordinates": [ -104.991305438314058, 39.737428064286178 ] } },
{ "type": "Feature", "properties": { "LST_celsius": 43.339816040000017, "longitude": -104.99025508859371, "latitude": 39.737427980868539 }, "geometry": { "type": "Point", "coordinates": [ -104.990255088593713, 39.737427980868539 ] } },
{ "type": "Feature", "properties": { "LST_celsius": 42.936489680000022, "longitude": -104.989204738878, "latitude": 39.737427887947611 }, "geometry": { "type": "Point", "coordinates": [ -104.989204738878001, 39.737427887947611 ] } },
{ "type": "Feature", "properties": { "LST_celsius": 43.387668319999989, "longitude": -104.98815438916738, "latitude": 39.737427785523423 }, "geometry": { "type": "Point", "coordinates": [ -104.988154389167377, 39.737427785523423 ] } },
{ "type": "Feature", "properties": { "LST_celsius": 44.72753216000001, "longitude": -104.98710403946238, "latitude": 39.737427673595946 }, "geometry": { "type": "Point", "coordinates": [ -104.98710403946238, 39.737427673595946 ] } },
{ "type": "Feature", "properties": { "LST_celsius": 46.05714194000001, "longitude": -104.98605368976351, "latitude": 39.737427552165208 }, "geometry": { "type": "Point", "coordinates": [ -104.986053689763509, 39.737427552165208 ] } },
{ "type": "Feature", "properties": { "LST_celsius": 46.569844940000053, "longitude": -104.98500334007124, "latitude": 39.737427421231175 }, "geometry": { "type": "Point", "coordinates": [ -104.985003340071245, 39.737427421231175 ] } },
{ "type": "Feature", "properties": { "LST_celsius": 46.491230480000013, "longitude": -104.98395299038609, "latitude": 39.737427280793895 }, "geometry": { "type": "Point", "coordinates": [ -104.983952990386086, 39.737427280793895 ] } },
{ "type": "Feature", "properties": { "LST_celsius": 45.96827342000006, "longitude": -104.98290264070855, "latitude": 39.737427130853327 }, "geometry": { "type": "Point", "coordinates": [ -104.982902640708545, 39.737427130853327 ] } },
{ "type": "Feature", "properties": { "LST_celsius": 45.038571980000029, "longitude": -104.98185229103912, "latitude": 39.737426971409477 }, "geometry": { "type": "Point", "coordinates": [ -104.981852291039118, 39.737426971409477 ] } },
{ "type": "Feature", "properties": { "LST_celsius": 47.35598954, "longitude": -105.00846111758413, "latitude": 39.737157775167638 }, "geometry": { "type": "Point", "coordinates": [ -105.008461117584133, 39.737157775167638 ] } },
{ "type": "Feature", "properties": { "LST_celsius": 48.641165060000048, "longitude": -105.00741077196184, "latitude": 39.737157846969481 }, "geometry": { "type": "Point", "coordinates": [ -105.007410771961844, 39.737157846969481 ] } },
{ "type": "Feature", "properties": { "LST_celsius": 49.32476906, "longitude": -105.00636042633604, "latitude": 39.737157909268142 }, "geometry": { "type": "Point", "coordinates": [ -105.006360426336045, 39.737157909268142 ] } },
{ "type": "Feature", "properties": { "LST_celsius": 47.021023580000019, "longitude": -105.00531008070723, "latitude": 39.737157962063613 }, "geometry": { "type": "Point", "coordinates": [ -105.005310080707233, 39.737157962063613 ] } },
{ "type": "Feature", "properties": { "LST_celsius": 45.083006240000032, "longitude": -105.00425973507589, "latitude": 39.737158005355894 }, "geometry": { "type": "Point", "coordinates": [ -105.004259735075891, 39.737158005355894 ] } },
{ "type": "Feature", "properties": { "LST_celsius": 45.0761702, "longitude": -105.00320938944255, "latitude": 39.737158039145008 }, "geometry": { "type": "Point", "coordinates": [ -105.003209389442546, 39.737158039145008 ] } },
{ "type": "Feature", "properties": { "LST_celsius": 47.13723626000001, "longitude": -105.00215904380768, "latitude": 39.737158063430918 }, "geometry": { "type": "Point", "coordinates": [ -105.00215904380768, 39.737158063430918 ] } },
{ "type": "Feature", "properties": { "LST_celsius": 46.5117386000001, "longitude": -105.00110869817178, "latitude": 39.737158078213653 }, "geometry": { "type": "Point", "coordinates": [ -105.001108698171777, 39.737158078213653 ] } },
{ "type": "Feature", "properties": { "LST_celsius": 46.41261602000003, "longitude": -105.00005835253536, "latitude": 39.737158083493206 }, "geometry": { "type": "Point", "coordinates": [ -105.000058352535362, 39.737158083493206 ] } },
{ "type": "Feature", "properties": { "LST_celsius": 46.347673640000039, "longitude": -104.9990080068989, "latitude": 39.73715807926957 }, "geometry": { "type": "Point", "coordinates": [ -104.999008006898904, 39.73715807926957 ] } },
{ "type": "Feature", "properties": { "LST_celsius": 44.5805573, "longitude": -104.99795766126293, "latitude": 39.737158065542744 }, "geometry": { "type": "Point", "coordinates": [ -104.99795766126293, 39.737158065542744 ] } },
{ "type": "Feature", "properties": { "LST_celsius": 42.283647860000031, "longitude": -104.99690731562792, "latitude": 39.737158042312736 }, "geometry": { "type": "Point", "coordinates": [ -104.996907315627922, 39.737158042312736 ] } },
{ "type": "Feature", "properties": { "LST_celsius": 43.6235117, "longitude": -104.99585696999436, "latitude": 39.737158009579538 }, "geometry": { "type": "Point", "coordinates": [ -104.995856969994364, 39.737158009579538 ] } },
{ "type": "Feature", "properties": { "LST_celsius": 46.93557308000004, "longitude": -104.99480662436278, "latitude": 39.737157967343158 }, "geometry": { "type": "Point", "coordinates": [ -104.994806624362781, 39.737157967343158 ] } },
{ "type": "Feature", "properties": { "LST_celsius": 47.814004220000015, "longitude": -104.99375627873367, "latitude": 39.737157915603589 }, "geometry": { "type": "Point", "coordinates": [ -104.99375627873367, 39.737157915603589 ] } },
{ "type": "Feature", "properties": { "LST_celsius": 48.17289632000001, "longitude": -104.99270593310752, "latitude": 39.737157854360845 }, "geometry": { "type": "Point", "coordinates": [ -104.992705933107516, 39.737157854360845 ] } },
{ "type": "Feature", "properties": { "LST_celsius": 48.162642259999984, "longitude": -104.99165558748483, "latitude": 39.737157783614911 }, "geometry": { "type": "Point", "coordinates": [ -104.991655587484829, 39.737157783614911 ] } },
{ "type": "Feature", "properties": { "LST_celsius": 44.871089, "longitude": -104.99060524186608, "latitude": 39.737157703365796 }, "geometry": { "type": "Point", "coordinates": [ -104.990605241866078, 39.737157703365796 ] } },
{ "type": "Feature", "properties": { "LST_celsius": 43.85251904, "longitude": -104.98955489625179, "latitude": 39.737157613613491 }, "geometry": { "type": "Point", "coordinates": [ -104.989554896251789, 39.737157613613491 ] } },
{ "type": "Feature", "properties": { "LST_celsius": 43.2133493, "longitude": -104.98850455064246, "latitude": 39.737157514357996 }, "geometry": { "type": "Point", "coordinates": [ -104.98850455064246, 39.737157514357996 ] } },
{ "type": "Feature", "properties": { "LST_celsius": 44.604483440000024, "longitude": -104.98745420503857, "latitude": 39.737157405599326 }, "geometry": { "type": "Point", "coordinates": [ -104.987454205038574, 39.737157405599326 ] } },
{ "type": "Feature", "properties": { "LST_celsius": 46.364763740000058, "longitude": -104.98640385944064, "latitude": 39.737157287337467 }, "geometry": { "type": "Point", "coordinates": [ -104.986403859440642, 39.737157287337467 ] } },
{ "type": "Feature", "properties": { "LST_celsius": 47.762733920000016, "longitude": -104.98535351384916, "latitude": 39.737157159572426 }, "geometry": { "type": "Point", "coordinates": [ -104.985353513849162, 39.737157159572426 ] } },
{ "type": "Feature", "properties": { "LST_celsius": 46.85695862, "longitude": -104.98430316826462, "latitude": 39.737157022304196 }, "geometry": { "type": "Point", "coordinates": [ -104.984303168264617, 39.737157022304196 ] } },
{ "type": "Feature", "properties": { "LST_celsius": 46.409198, "longitude": -104.98325282268752, "latitude": 39.737156875532776 }, "geometry": { "type": "Point", "coordinates": [ -104.983252822687518, 39.737156875532776 ] } },
{ "type": "Feature", "properties": { "LST_celsius": 45.308595560000015, "longitude": -104.98220247711835, "latitude": 39.737156719258188 }, "geometry": { "type": "Point", "coordinates": [ -104.982202477118349, 39.737156719258188 ] } },
{ "type": "Feature", "properties": { "LST_celsius": 46.395525920000011, "longitude": -105.00881119837122, "latitude": 39.736887442744276 }, "geometry": { "type": "Point", "coordinates": [ -105.00881119837122, 39.736887442744276 ] } },
{ "type": "Feature", "properties": { "LST_celsius": 47.89945472, "longitude": -105.00776085685321, "latitude": 39.736887517713136 }, "geometry": { "type": "Point", "coordinates": [ -105.00776085685321, 39.736887517713136 ] } },
{ "type": "Feature", "properties": { "LST_celsius": 48.7505417, "longitude": -105.00671051533149, "latitude": 39.736887583178898 }, "geometry": { "type": "Point", "coordinates": [ -105.006710515331491, 39.736887583178898 ] } },
{ "type": "Feature", "properties": { "LST_celsius": 47.1098921, "longitude": -105.00566017380662, "latitude": 39.736887639141564 }, "geometry": { "type": "Point", "coordinates": [ -105.005660173806618, 39.736887639141564 ] } },
{ "type": "Feature", "properties": { "LST_celsius": 44.539541060000033, "longitude": -105.00460983227906, "latitude": 39.73688768560114 }, "geometry": { "type": "Point", "coordinates": [ -105.004609832279058, 39.73688768560114 ] } },
{ "type": "Feature", "properties": { "LST_celsius": 43.18258712, "longitude": -105.00355949074931, "latitude": 39.736887722557611 }, "geometry": { "type": "Point", "coordinates": [ -105.003559490749311, 39.736887722557611 ] } },
{ "type": "Feature", "properties": { "LST_celsius": 45.87256886, "longitude": -105.00250914921787, "latitude": 39.736887750011007 }, "geometry": { "type": "Point", "coordinates": [ -105.002509149217872, 39.736887750011007 ] } },
{ "type": "Feature", "properties": { "LST_celsius": 46.6655495, "longitude": -105.00145880768524, "latitude": 39.736887767961292 }, "geometry": { "type": "Point", "coordinates": [ -105.001458807685239, 39.736887767961292 ] } },
{ "type": "Feature", "properties": { "LST_celsius": 46.330583540000021, "longitude": -105.00040846615192, "latitude": 39.736887776408487 }, "geometry": { "type": "Point", "coordinates": [ -105.000408466151924, 39.736887776408487 ] } },
{ "type": "Feature", "properties": { "LST_celsius": 45.971691440000029, "longitude": -104.99935812461841, "latitude": 39.736887775352592 }, "geometry": { "type": "Point", "coordinates": [ -104.999358124618411, 39.736887775352592 ] } },
{ "type": "Feature", "properties": { "LST_celsius": 45.223145059999979, "longitude": -104.9983077830852, "latitude": 39.736887764793593 }, "geometry": { "type": "Point", "coordinates": [ -104.998307783085195, 39.736887764793593 ] } },
{ "type": "Feature", "properties": { "LST_celsius": 43.165497020000032, "longitude": -104.99725744155279, "latitude": 39.736887744731504 }, "geometry": { "type": "Point", "coordinates": [ -104.99725744155279, 39.736887744731504 ] } },
{ "type": "Feature", "properties": { "LST_celsius": 42.07514864000001, "longitude": -104.99620710002169, "latitude": 39.736887715166318 }, "geometry": { "type": "Point", "coordinates": [ -104.996207100021692, 39.736887715166318 ] } },
{ "type": "Feature", "properties": { "LST_celsius": 45.3496118, "longitude": -104.99515675849239, "latitude": 39.73688767609805 }, "geometry": { "type": "Point", "coordinates": [ -104.995156758492385, 39.73688767609805 ] } },
{ "type": "Feature", "properties": { "LST_celsius": 47.4175139, "longitude": -104.99410641696538, "latitude": 39.73688762752667 }, "geometry": { "type": "Point", "coordinates": [ -104.99410641696538, 39.73688762752667 ] } },
{ "type": "Feature", "properties": { "LST_celsius": 47.5371446, "longitude": -104.99305607544115, "latitude": 39.736887569452215 }, "geometry": { "type": "Point", "coordinates": [ -104.993056075441146, 39.736887569452215 ] } },
{ "type": "Feature", "properties": { "LST_celsius": 47.667029360000015, "longitude": -104.99200573392022, "latitude": 39.736887501874634 }, "geometry": { "type": "Point", "coordinates": [ -104.992005733920223, 39.736887501874634 ] } },
{ "type": "Feature", "properties": { "LST_celsius": 46.310075420000032, "longitude": -104.99095539240309, "latitude": 39.736887424793991 }, "geometry": { "type": "Point", "coordinates": [ -104.990955392403094, 39.736887424793991 ] } },
{ "type": "Feature", "properties": { "LST_celsius": 44.748040280000055, "longitude": -104.98990505089026, "latitude": 39.736887338210238 }, "geometry": { "type": "Point", "coordinates": [ -104.989905050890258, 39.736887338210238 ] } },
{ "type": "Feature", "properties": { "LST_celsius": 43.685036060000016, "longitude": -104.9888547093822, "latitude": 39.736887242123395 }, "geometry": { "type": "Point", "coordinates": [ -104.988854709382196, 39.736887242123395 ] } },
{ "type": "Feature", "properties": { "LST_celsius": 43.951641620000032, "longitude": -104.98780436787942, "latitude": 39.736887136533447 }, "geometry": { "type": "Point", "coordinates": [ -104.98780436787942, 39.736887136533447 ] } },
{ "type": "Feature", "properties": { "LST_celsius": 46.00587164000001, "longitude": -104.98675402638243, "latitude": 39.736887021440424 }, "geometry": { "type": "Point", "coordinates": [ -104.986754026382428, 39.736887021440424 ] } },
{ "type": "Feature", "properties": { "LST_celsius": 48.28227296, "longitude": -104.98570368489172, "latitude": 39.73688689684429 }, "geometry": { "type": "Point", "coordinates": [ -104.985703684891718, 39.73688689684429 ] } },
{ "type": "Feature", "properties": { "LST_celsius": 47.096220020000032, "longitude": -104.9846533434078, "latitude": 39.736886762745073 }, "geometry": { "type": "Point", "coordinates": [ -104.9846533434078, 39.736886762745073 ] } },
{ "type": "Feature", "properties": { "LST_celsius": 46.730491880000045, "longitude": -104.98360300193114, "latitude": 39.736886619142751 }, "geometry": { "type": "Point", "coordinates": [ -104.983603001931144, 39.736886619142751 ] } },
{ "type": "Feature", "properties": { "LST_celsius": 46.149428479999983, "longitude": -104.98255266046226, "latitude": 39.736886466037355 }, "geometry": { "type": "Point", "coordinates": [ -104.982552660462261, 39.736886466037355 ] } },
{ "type": "Feature", "properties": { "LST_celsius": 44.7343682, "longitude": -105.00916127642301, "latitude": 39.73661710925289 }, "geometry": { "type": "Point", "coordinates": [ -105.009161276423015, 39.73661710925289 ] } },
{ "type": "Feature", "properties": { "LST_celsius": 47.113310120000051, "longitude": -105.00811093900926, "latitude": 39.736617187388703 }, "geometry": { "type": "Point", "coordinates": [ -105.008110939009256, 39.736617187388703 ] } },
{ "type": "Feature", "properties": { "LST_celsius": 48.043011560000025, "longitude": -105.00706060159166, "latitude": 39.736617256021511 }, "geometry": { "type": "Point", "coordinates": [ -105.007060601591661, 39.736617256021511 ] } },
{ "type": "Feature", "properties": { "LST_celsius": 48.107953940000016, "longitude": -105.00601026417071, "latitude": 39.736617315151307 }, "geometry": { "type": "Point", "coordinates": [ -105.006010264170712, 39.736617315151307 ] } },
{ "type": "Feature", "properties": { "LST_celsius": 43.808084780000058, "longitude": -105.00495992674692, "latitude": 39.736617364778105 }, "geometry": { "type": "Point", "coordinates": [ -105.00495992674692, 39.736617364778105 ] } },
{ "type": "Feature", "properties": { "LST_celsius": 42.0341324, "longitude": -105.00390958932076, "latitude": 39.736617404901907 }, "geometry": { "type": "Point", "coordinates": [ -105.003909589320756, 39.736617404901907 ] } },
{ "type": "Feature", "properties": { "LST_celsius": 43.688454080000042, "longitude": -105.00285925189276, "latitude": 39.736617435522696 }, "geometry": { "type": "Point", "coordinates": [ -105.002859251892758, 39.736617435522696 ] } },
{ "type": "Feature", "properties": { "LST_celsius": 46.47414038, "longitude": -105.0018089144634, "latitude": 39.736617456640481 }, "geometry": { "type": "Point", "coordinates": [ -105.001808914463396, 39.736617456640481 ] } },
{ "type": "Feature", "properties": { "LST_celsius": 46.5459188, "longitude": -105.00075857703318, "latitude": 39.736617468255268 }, "geometry": { "type": "Point", "coordinates": [ -105.000758577033181, 39.736617468255268 ] } },
{ "type": "Feature", "properties": { "LST_celsius": 45.677741720000029, "longitude": -104.99970823960261, "latitude": 39.736617470367051 }, "geometry": { "type": "Point", "coordinates": [ -104.999708239602612, 39.736617470367051 ] } },
{ "type": "Feature", "properties": { "LST_celsius": 45.804208460000041, "longitude": -104.99865790217217, "latitude": 39.736617462975822 }, "geometry": { "type": "Point", "coordinates": [ -104.99865790217217, 39.736617462975822 ] } },
{ "type": "Feature", "properties": { "LST_celsius": 44.20115708000003, "longitude": -104.99760756474237, "latitude": 39.736617446081588 }, "geometry": { "type": "Point", "coordinates": [ -104.997607564742367, 39.736617446081588 ] } },
{ "type": "Feature", "properties": { "LST_celsius": 41.962353979999989, "longitude": -104.9965572273137, "latitude": 39.73661741968435 }, "geometry": { "type": "Point", "coordinates": [ -104.996557227313701, 39.73661741968435 ] } },
{ "type": "Feature", "properties": { "LST_celsius": 43.8627731, "longitude": -104.99550688988667, "latitude": 39.736617383784115 }, "geometry": { "type": "Point", "coordinates": [ -104.99550688988667, 39.736617383784115 ] } },
{ "type": "Feature", "properties": { "LST_celsius": 46.275895220000052, "longitude": -104.99445655246176, "latitude": 39.736617338380881 }, "geometry": { "type": "Point", "coordinates": [ -104.994456552461756, 39.736617338380881 ] } },
{ "type": "Feature", "properties": { "LST_celsius": 47.407259840000052, "longitude": -104.99340621503949, "latitude": 39.736617283474637 }, "geometry": { "type": "Point", "coordinates": [ -104.993406215039485, 39.736617283474637 ] } },
{ "type": "Feature", "properties": { "LST_celsius": 46.744163960000037, "longitude": -104.99235587762033, "latitude": 39.73661721906538 }, "geometry": { "type": "Point", "coordinates": [ -104.992355877620327, 39.73661721906538 ] } },
{ "type": "Feature", "properties": { "LST_celsius": 46.467304340000055, "longitude": -104.99130554020481, "latitude": 39.736617145153126 }, "geometry": { "type": "Point", "coordinates": [ -104.991305540204806, 39.736617145153126 ] } },
{ "type": "Feature", "properties": { "LST_celsius": 45.2641613, "longitude": -104.99025520279341, "latitude": 39.736617061737874 }, "geometry": { "type": "Point", "coordinates": [ -104.990255202793406, 39.736617061737874 ] } },
{ "type": "Feature", "properties": { "LST_celsius": 44.8881791, "longitude": -104.98920486538663, "latitude": 39.736616968819604 }, "geometry": { "type": "Point", "coordinates": [ -104.989204865386625, 39.736616968819604 ] } },
{ "type": "Feature", "properties": { "LST_celsius": 43.780740620000017, "longitude": -104.98815452798496, "latitude": 39.736616866398343 }, "geometry": { "type": "Point", "coordinates": [ -104.98815452798496, 39.736616866398343 ] } },
{ "type": "Feature", "properties": { "LST_celsius": 45.25390724, "longitude": -104.98710419058892, "latitude": 39.736616754474085 }, "geometry": { "type": "Point", "coordinates": [ -104.987104190588923, 39.736616754474085 ] } },
{ "type": "Feature", "properties": { "LST_celsius": 47.916544820000013, "longitude": -104.98605385319898, "latitude": 39.7366166330468 }, "geometry": { "type": "Point", "coordinates": [ -104.986053853198982, 39.7366166330468 ] } },
{ "type": "Feature", "properties": { "LST_celsius": 47.7251357, "longitude": -104.98500351581568, "latitude": 39.736616502116533 }, "geometry": { "type": "Point", "coordinates": [ -104.985003515815677, 39.736616502116533 ] } },
{ "type": "Feature", "properties": { "LST_celsius": 46.60060712000001, "longitude": -104.98395317843946, "latitude": 39.736616361683254 }, "geometry": { "type": "Point", "coordinates": [ -104.983953178439464, 39.736616361683254 ] } },
{ "type": "Feature", "properties": { "LST_celsius": 46.744163960000037, "longitude": -104.98290284107087, "latitude": 39.736616211746977 }, "geometry": { "type": "Point", "coordinates": [ -104.982902841070867, 39.736616211746977 ] } },
{ "type": "Feature", "properties": { "LST_celsius": 45.937511240000049, "longitude": -104.98185250371037, "latitude": 39.736616052307689 }, "geometry": { "type": "Point", "coordinates": [ -104.981852503710371, 39.736616052307689 ] } },
{ "type": "Feature", "properties": { "LST_celsius": 46.70656574000003, "longitude": -105.00846101843004, "latitude": 39.736346855996224 }, "geometry": { "type": "Point", "coordinates": [ -105.00846101843004, 39.736346855996224 ] } },
{ "type": "Feature", "properties": { "LST_celsius": 47.465366180000046, "longitude": -105.00741068511655, "latitude": 39.736346927796006 }, "geometry": { "type": "Point", "coordinates": [ -105.007410685116554, 39.736346927796006 ] } },
{ "type": "Feature", "properties": { "LST_celsius": 47.875528580000037, "longitude": -105.00636035179953, "latitude": 39.736346990092891 }, "geometry": { "type": "Point", "coordinates": [ -105.006360351799529, 39.736346990092891 ] } },
{ "type": "Feature", "properties": { "LST_celsius": 44.877925040000036, "longitude": -105.00531001847949, "latitude": 39.736347042886855 }, "geometry": { "type": "Point", "coordinates": [ -105.005310018479491, 39.736347042886855 ] } },
{ "type": "Feature", "properties": { "LST_celsius": 41.217225620000022, "longitude": -105.00425968515695, "latitude": 39.736347086177901 }, "geometry": { "type": "Point", "coordinates": [ -105.004259685156953, 39.736347086177901 ] } },
{ "type": "Feature", "properties": { "LST_celsius": 41.24456978000001, "longitude": -105.00320935183238, "latitude": 39.736347119966041 }, "geometry": { "type": "Point", "coordinates": [ -105.003209351832382, 39.736347119966041 ] } },
{ "type": "Feature", "properties": { "LST_celsius": 45.4521524, "longitude": -105.00215901850629, "latitude": 39.736347144251262 }, "geometry": { "type": "Point", "coordinates": [ -105.002159018506291, 39.736347144251262 ] } },
{ "type": "Feature", "properties": { "LST_celsius": 46.662131480000028, "longitude": -105.00110868517918, "latitude": 39.736347159033578 }, "geometry": { "type": "Point", "coordinates": [ -105.001108685179176, 39.736347159033578 ] } },
{ "type": "Feature", "properties": { "LST_celsius": 46.07765006, "longitude": -105.00005835185154, "latitude": 39.736347164312967 }, "geometry": { "type": "Point", "coordinates": [ -105.000058351851536, 39.736347164312967 ] } },
{ "type": "Feature", "properties": { "LST_celsius": 45.95801935999998, "longitude": -104.99900801852387, "latitude": 39.736347160089451 }, "geometry": { "type": "Point", "coordinates": [ -104.999008018523867, 39.736347160089451 ] } },
{ "type": "Feature", "properties": { "LST_celsius": 45.083006240000032, "longitude": -104.99795768519668, "latitude": 39.736347146363009 }, "geometry": { "type": "Point", "coordinates": [ -104.997957685196681, 39.736347146363009 ] } },
{ "type": "Feature", "properties": { "LST_celsius": 42.7860968, "longitude": -104.99690735187045, "latitude": 39.736347123133676 }, "geometry": { "type": "Point", "coordinates": [ -104.996907351870448, 39.736347123133676 ] } },
{ "type": "Feature", "properties": { "LST_celsius": 42.4613849, "longitude": -104.99585701854568, "latitude": 39.736347090401416 }, "geometry": { "type": "Point", "coordinates": [ -104.995857018545678, 39.736347090401416 ] } },
{ "type": "Feature", "properties": { "LST_celsius": 45.113768420000042, "longitude": -104.99480668522288, "latitude": 39.736347048166252 }, "geometry": { "type": "Point", "coordinates": [ -104.994806685222883, 39.736347048166252 ] } },
{ "type": "Feature", "properties": { "LST_celsius": 47.5713248, "longitude": -104.99375635190255, "latitude": 39.736346996428168 }, "geometry": { "type": "Point", "coordinates": [ -104.993756351902547, 39.736346996428168 ] } },
{ "type": "Feature", "properties": { "LST_celsius": 46.689475640000012, "longitude": -104.99270601858517, "latitude": 39.736346935187164 }, "geometry": { "type": "Point", "coordinates": [ -104.992706018585167, 39.736346935187164 ] } },
{ "type": "Feature", "properties": { "LST_celsius": 45.732430040000054, "longitude": -104.99165568527125, "latitude": 39.736346864443256 }, "geometry": { "type": "Point", "coordinates": [ -104.991655685271255, 39.736346864443256 ] } },
{ "type": "Feature", "properties": { "LST_celsius": 45.831552620000025, "longitude": -104.99060535196129, "latitude": 39.736346784196428 }, "geometry": { "type": "Point", "coordinates": [ -104.990605351961293, 39.736346784196428 ] } },
{ "type": "Feature", "properties": { "LST_celsius": 45.735848060000023, "longitude": -104.98955501865579, "latitude": 39.736346694446695 }, "geometry": { "type": "Point", "coordinates": [ -104.989555018655793, 39.736346694446695 ] } },
{ "type": "Feature", "properties": { "LST_celsius": 44.3754761, "longitude": -104.98850468535524, "latitude": 39.73634659519405 }, "geometry": { "type": "Point", "coordinates": [ -104.988504685355238, 39.73634659519405 ] } },
{ "type": "Feature", "properties": { "LST_celsius": 44.7343682, "longitude": -104.98745435206014, "latitude": 39.736346486438478 }, "geometry": { "type": "Point", "coordinates": [ -104.987454352060141, 39.736346486438478 ] } },
{ "type": "Feature", "properties": { "LST_celsius": 47.185088540000038, "longitude": -104.98640401877098, "latitude": 39.736346368180008 }, "geometry": { "type": "Point", "coordinates": [ -104.986404018770983, 39.736346368180008 ] } },
{ "type": "Feature", "properties": { "LST_celsius": 48.50786228000004, "longitude": -104.98535368548828, "latitude": 39.736346240418612 }, "geometry": { "type": "Point", "coordinates": [ -104.985353685488278, 39.736346240418612 ] } },
{ "type": "Feature", "properties": { "LST_celsius": 46.37843582000005, "longitude": -104.98430335221252, "latitude": 39.736346103154318 }, "geometry": { "type": "Point", "coordinates": [ -104.984303352212521, 39.736346103154318 ] } },
{ "type": "Feature", "properties": { "LST_celsius": 46.556172860000061, "longitude": -104.98325301894421, "latitude": 39.736345956387105 }, "geometry": { "type": "Point", "coordinates": [ -104.983253018944211, 39.736345956387105 ] } },
{ "type": "Feature", "properties": { "LST_celsius": 46.552754840000034, "longitude": -104.98220268568383, "latitude": 39.736345800116986 }, "geometry": { "type": "Point", "coordinates": [ -104.982202685683831, 39.736345800116986 ] } },
{ "type": "Feature", "properties": { "LST_celsius": 45.705085880000013, "longitude": -105.0088110951156, "latitude": 39.736076523535729 }, "geometry": { "type": "Point", "coordinates": [ -105.008811095115604, 39.736076523535729 ] } },
{ "type": "Feature", "properties": { "LST_celsius": 47.08938397999998, "longitude": -105.0077607659062, "latitude": 39.736076598502436 }, "geometry": { "type": "Point", "coordinates": [ -105.007760765906198, 39.736076598502436 ] } },
{ "type": "Feature", "properties": { "LST_celsius": 47.376497660000041, "longitude": -105.00671043669313, "latitude": 39.73607666396633 }, "geometry": { "type": "Point", "coordinates": [ -105.006710436693126, 39.73607666396633 ] } },
{ "type": "Feature", "properties": { "LST_celsius": 45.722175980000031, "longitude": -105.00566010747686, "latitude": 39.736076719927404 }, "geometry": { "type": "Point", "coordinates": [ -105.005660107476857, 39.736076719927404 ] } },
{ "type": "Feature", "properties": { "LST_celsius": 41.38812661999998, "longitude": -105.0046097782579, "latitude": 39.736076766385644 }, "geometry": { "type": "Point", "coordinates": [ -105.004609778257901, 39.736076766385644 ] } },
{ "type": "Feature", "properties": { "LST_celsius": 39.159577580000018, "longitude": -105.00355944903677, "latitude": 39.736076803341071 }, "geometry": { "type": "Point", "coordinates": [ -105.003559449036771, 39.736076803341071 ] } },
{ "type": "Feature", "properties": { "LST_celsius": 43.534643179999989, "longitude": -105.00250911981395, "latitude": 39.736076830793671 }, "geometry": { "type": "Point", "coordinates": [ -105.002509119813951, 39.736076830793671 ] } },
{ "type": "Feature", "properties": { "LST_celsius": 46.292985320000014, "longitude": -105.00145879058994, "latitude": 39.736076848743451 }, "geometry": { "type": "Point", "coordinates": [ -105.001458790589936, 39.736076848743451 ] } },
{ "type": "Feature", "properties": { "LST_celsius": 46.248551060000011, "longitude": -105.00040846136524, "latitude": 39.736076857190398 }, "geometry": { "type": "Point", "coordinates": [ -105.00040846136524, 39.736076857190398 ] } },
{ "type": "Feature", "properties": { "LST_celsius": 45.875986880000028, "longitude": -104.99935813214034, "latitude": 39.736076856134538 }, "geometry": { "type": "Point", "coordinates": [ -104.999358132140344, 39.736076856134538 ] } },
{ "type": "Feature", "properties": { "LST_celsius": 45.875986880000028, "longitude": -104.99830780291575, "latitude": 39.736076845575845 }, "geometry": { "type": "Point", "coordinates": [ -104.998307802915747, 39.736076845575845 ] } },
{ "type": "Feature", "properties": { "LST_celsius": 44.826654739999981, "longitude": -104.99725747369196, "latitude": 39.736076825514324 }, "geometry": { "type": "Point", "coordinates": [ -104.99725747369196, 39.736076825514324 ] } },
{ "type": "Feature", "properties": { "LST_celsius": 42.064894579999986, "longitude": -104.99620714446947, "latitude": 39.736076795949984 }, "geometry": { "type": "Point", "coordinates": [ -104.996207144469466, 39.736076795949984 ] } },
{ "type": "Feature", "properties": { "LST_celsius": 43.568823380000026, "longitude": -104.99515681524878, "latitude": 39.736076756882824 }, "geometry": { "type": "Point", "coordinates": [ -104.995156815248777, 39.736076756882824 ] } },
{ "type": "Feature", "properties": { "LST_celsius": 47.140654280000035, "longitude": -104.99410648603038, "latitude": 39.736076708312837 }, "geometry": { "type": "Point", "coordinates": [ -104.994106486030375, 39.736076708312837 ] } },
{ "type": "Feature", "properties": { "LST_celsius": 47.167998440000019, "longitude": -104.99305615681479, "latitude": 39.73607665024003 }, "geometry": { "type": "Point", "coordinates": [ -104.993056156814788, 39.73607665024003 ] } },
{ "type": "Feature", "properties": { "LST_celsius": 45.6914138, "longitude": -104.99200582760247, "latitude": 39.736076582664403 }, "geometry": { "type": "Point", "coordinates": [ -104.992005827602469, 39.736076582664403 ] } },
{ "type": "Feature", "properties": { "LST_celsius": 46.043469860000016, "longitude": -104.99095549839396, "latitude": 39.736076505585949 }, "geometry": { "type": "Point", "coordinates": [ -104.990955498393959, 39.736076505585949 ] } },
{ "type": "Feature", "properties": { "LST_celsius": 46.296403339999983, "longitude": -104.98990516918974, "latitude": 39.736076419004682 }, "geometry": { "type": "Point", "coordinates": [ -104.98990516918974, 39.736076419004682 ] } },
{ "type": "Feature", "properties": { "LST_celsius": 45.619635379999977, "longitude": -104.98885483999028, "latitude": 39.736076322920574 }, "geometry": { "type": "Point", "coordinates": [ -104.988854839990282, 39.736076322920574 ] } },
{ "type": "Feature", "properties": { "LST_celsius": 45.2299811, "longitude": -104.98780451079612, "latitude": 39.736076217333661 }, "geometry": { "type": "Point", "coordinates": [ -104.987804510796124, 39.736076217333661 ] } },
{ "type": "Feature", "properties": { "LST_celsius": 46.344255620000013, "longitude": -104.98675418160776, "latitude": 39.736076102243928 }, "geometry": { "type": "Point", "coordinates": [ -104.986754181607765, 39.736076102243928 ] } },
{ "type": "Feature", "properties": { "LST_celsius": 48.583058720000054, "longitude": -104.98570385242567, "latitude": 39.73607597765136 }, "geometry": { "type": "Point", "coordinates": [ -104.985703852425672, 39.73607597765136 ] } },
{ "type": "Feature", "properties": { "LST_celsius": 45.9135851, "longitude": -104.98465352325034, "latitude": 39.73607584355598 }, "geometry": { "type": "Point", "coordinates": [ -104.984653523250344, 39.73607584355598 ] } },
{ "type": "Feature", "properties": { "LST_celsius": 45.7597742, "longitude": -104.98360319408231, "latitude": 39.736075699957766 }, "geometry": { "type": "Point", "coordinates": [ -104.983603194082306, 39.736075699957766 ] } },
{ "type": "Feature", "properties": { "LST_celsius": 46.214370860000031, "longitude": -104.98255286492204, "latitude": 39.736075546856739 }, "geometry": { "type": "Point", "coordinates": [ -104.982552864922042, 39.736075546856739 ] } },
{ "type": "Feature", "properties": { "LST_celsius": 43.910625380000056, "longitude": -105.00916116906598, "latitude": 39.735806190007246 }, "geometry": { "type": "Point", "coordinates": [ -105.009161169065976, 39.735806190007246 ] } },
{ "type": "Feature", "properties": { "LST_celsius": 46.689475640000012, "longitude": -105.00811084396067, "latitude": 39.73580626814082 }, "geometry": { "type": "Point", "coordinates": [ -105.008110843960665, 39.73580626814082 ] } },
{ "type": "Feature", "properties": { "LST_celsius": 46.334001560000047, "longitude": -105.00706051885152, "latitude": 39.735806336771667 }, "geometry": { "type": "Point", "coordinates": [ -105.007060518851517, 39.735806336771667 ] } },
{ "type": "Feature", "properties": { "LST_celsius": 46.3579277, "longitude": -105.00601019373902, "latitude": 39.735806395899779 }, "geometry": { "type": "Point", "coordinates": [ -105.006010193739016, 39.735806395899779 ] } },
{ "type": "Feature", "properties": { "LST_celsius": 42.430622720000031, "longitude": -105.00495986862367, "latitude": 39.735806445525164 }, "geometry": { "type": "Point", "coordinates": [ -105.004959868623672, 39.735806445525164 ] } },
{ "type": "Feature", "properties": { "LST_celsius": 38.021376920000023, "longitude": -105.00390954350598, "latitude": 39.735806485647799 }, "geometry": { "type": "Point", "coordinates": [ -105.003909543505983, 39.735806485647799 ] } },
{ "type": "Feature", "properties": { "LST_celsius": 41.661568220000049, "longitude": -105.00285921838642, "latitude": 39.735806516267715 }, "geometry": { "type": "Point", "coordinates": [ -105.002859218386419, 39.735806516267715 ] } },
{ "type": "Feature", "properties": { "LST_celsius": 45.4008821, "longitude": -105.0018088932655, "latitude": 39.735806537384903 }, "geometry": { "type": "Point", "coordinates": [ -105.001808893265505, 39.735806537384903 ] } },
{ "type": "Feature", "properties": { "LST_celsius": 46.26222314000006, "longitude": -105.00075856814375, "latitude": 39.735806548999349 }, "geometry": { "type": "Point", "coordinates": [ -105.000758568143752, 39.735806548999349 ] } },
{ "type": "Feature", "properties": { "LST_celsius": 46.484394440000017, "longitude": -104.99970824302162, "latitude": 39.735806551111075 }, "geometry": { "type": "Point", "coordinates": [ -104.999708243021615, 39.735806551111075 ] } },
{ "type": "Feature", "properties": { "LST_celsius": 46.207534819999978, "longitude": -104.99865791789964, "latitude": 39.735806543720052 }, "geometry": { "type": "Point", "coordinates": [ -104.998657917899635, 39.735806543720052 ] } },
{ "type": "Feature", "properties": { "LST_celsius": 45.17529278000001, "longitude": -104.99760759277828, "latitude": 39.735806526826309 }, "geometry": { "type": "Point", "coordinates": [ -104.99760759277828, 39.735806526826309 ] } },
{ "type": "Feature", "properties": { "LST_celsius": 42.915981559999977, "longitude": -104.99655726765806, "latitude": 39.735806500429838 }, "geometry": { "type": "Point", "coordinates": [ -104.996557267658062, 39.735806500429838 ] } },
{ "type": "Feature", "properties": { "LST_celsius": 42.423786680000035, "longitude": -104.99550694253948, "latitude": 39.735806464530619 }, "geometry": { "type": "Point", "coordinates": [ -104.995506942539478, 39.735806464530619 ] } },
{ "type": "Feature", "properties": { "LST_celsius": 45.646979540000018, "longitude": -104.99445661742303, "latitude": 39.735806419128679 }, "geometry": { "type": "Point", "coordinates": [ -104.994456617423026, 39.735806419128679 ] } },
{ "type": "Feature", "properties": { "LST_celsius": 47.167998440000019, "longitude": -104.9934062923092, "latitude": 39.735806364224004 }, "geometry": { "type": "Point", "coordinates": [ -104.993406292309203, 39.735806364224004 ] } },
{ "type": "Feature", "properties": { "LST_celsius": 46.03663382000002, "longitude": -104.99235596719851, "latitude": 39.735806299816595 }, "geometry": { "type": "Point", "coordinates": [ -104.992355967198506, 39.735806299816595 ] } },
{ "type": "Feature", "properties": { "LST_celsius": 45.7085039, "longitude": -104.99130564209142, "latitude": 39.735806225906458 }, "geometry": { "type": "Point", "coordinates": [ -104.991305642091419, 39.735806225906458 ] } },
{ "type": "Feature", "properties": { "LST_celsius": 46.10841224000001, "longitude": -104.99025531698848, "latitude": 39.73580614249358 }, "geometry": { "type": "Point", "coordinates": [ -104.990255316988481, 39.73580614249358 ] } },
{ "type": "Feature", "properties": { "LST_celsius": 46.3408376, "longitude": -104.98920499189013, "latitude": 39.735806049577988 }, "geometry": { "type": "Point", "coordinates": [ -104.989204991890134, 39.735806049577988 ] } },
{ "type": "Feature", "properties": { "LST_celsius": 46.091322139999988, "longitude": -104.98815466679693, "latitude": 39.735805947159648 }, "geometry": { "type": "Point", "coordinates": [ -104.98815466679693, 39.735805947159648 ] } },
{ "type": "Feature", "properties": { "LST_celsius": 45.834970640000051, "longitude": -104.98710434170934, "latitude": 39.73580583523858 }, "geometry": { "type": "Point", "coordinates": [ -104.98710434170934, 39.73580583523858 ] } },
{ "type": "Feature", "properties": { "LST_celsius": 47.3833337, "longitude": -104.98605401662786, "latitude": 39.735805713814777 }, "geometry": { "type": "Point", "coordinates": [ -104.986054016627861, 39.735805713814777 ] } },
{ "type": "Feature", "properties": { "LST_celsius": 46.03663382000002, "longitude": -104.98500369155299, "latitude": 39.735805582888261 }, "geometry": { "type": "Point", "coordinates": [ -104.98500369155299, 39.735805582888261 ] } },
{ "type": "Feature", "properties": { "LST_celsius": 45.062498119999987, "longitude": -104.98395336648522, "latitude": 39.735805442458989 }, "geometry": { "type": "Point", "coordinates": [ -104.983953366485224, 39.735805442458989 ] } },
{ "type": "Feature", "properties": { "LST_celsius": 45.599127260000046, "longitude": -104.98290304142509, "latitude": 39.735805292526997 }, "geometry": { "type": "Point", "coordinates": [ -104.982903041425089, 39.735805292526997 ] } },
{ "type": "Feature", "properties": { "LST_celsius": 45.575201120000031, "longitude": -104.98185271637304, "latitude": 39.735805133092285 }, "geometry": { "type": "Point", "coordinates": [ -104.981852716373041, 39.735805133092285 ] } },
{ "type": "Feature", "properties": { "LST_celsius": 46.679221579999989, "longitude": -105.00846091927998, "latitude": 39.735535936711187 }, "geometry": { "type": "Point", "coordinates": [ -105.008460919279983, 39.735535936711187 ] } },
{ "type": "Feature", "properties": { "LST_celsius": 46.18360868000002, "longitude": -105.00741059827476, "latitude": 39.735536008508923 }, "geometry": { "type": "Point", "coordinates": [ -105.00741059827476, 39.735536008508923 ] } },
{ "type": "Feature", "properties": { "LST_celsius": 46.231460960000049, "longitude": -105.00636027726603, "latitude": 39.735536070804017 }, "geometry": { "type": "Point", "coordinates": [ -105.006360277266026, 39.735536070804017 ] } },
{ "type": "Feature", "properties": { "LST_celsius": 44.047346179999977, "longitude": -105.00530995625428, "latitude": 39.735536123596468 }, "geometry": { "type": "Point", "coordinates": [ -105.00530995625428, 39.735536123596468 ] } },
{ "type": "Feature", "properties": { "LST_celsius": 39.689370680000025, "longitude": -105.00425963524002, "latitude": 39.735536166886284 }, "geometry": { "type": "Point", "coordinates": [ -105.004259635240018, 39.735536166886284 ] } },
{ "type": "Feature", "properties": { "LST_celsius": 40.123459220000029, "longitude": -105.00320931422372, "latitude": 39.735536200673451 }, "geometry": { "type": "Point", "coordinates": [ -105.003209314223724, 39.735536200673451 ] } },
{ "type": "Feature", "properties": { "LST_celsius": 43.818338840000024, "longitude": -105.00215899320592, "latitude": 39.735536224957976 }, "geometry": { "type": "Point", "coordinates": [ -105.002158993205924, 39.735536224957976 ] } },
{ "type": "Feature", "properties": { "LST_celsius": 46.6655495, "longitude": -105.0011086721871, "latitude": 39.735536239739858 }, "geometry": { "type": "Point", "coordinates": [ -105.001108672187101, 39.735536239739858 ] } },
{ "type": "Feature", "properties": { "LST_celsius": 45.9990356, "longitude": -105.00005835116775, "latitude": 39.735536245019119 }, "geometry": { "type": "Point", "coordinates": [ -105.000058351167752, 39.735536245019119 ] } },
{ "type": "Feature", "properties": { "LST_celsius": 47.23635883999998, "longitude": -104.99900803014836, "latitude": 39.735536240795717 }, "geometry": { "type": "Point", "coordinates": [ -104.99900803014836, 39.735536240795717 ] } },
{ "type": "Feature", "properties": { "LST_celsius": 46.03663382000002, "longitude": -104.99795770912945, "latitude": 39.735536227069673 }, "geometry": { "type": "Point", "coordinates": [ -104.997957709129452, 39.735536227069673 ] } },
{ "type": "Feature", "properties": { "LST_celsius": 44.19090302000001, "longitude": -104.9969073881115, "latitude": 39.735536203840994 }, "geometry": { "type": "Point", "coordinates": [ -104.996907388111495, 39.735536203840994 ] } },
{ "type": "Feature", "properties": { "LST_celsius": 42.457966880000015, "longitude": -104.99585706709502, "latitude": 39.735536171109679 }, "geometry": { "type": "Point", "coordinates": [ -104.995857067095017, 39.735536171109679 ] } },
{ "type": "Feature", "properties": { "LST_celsius": 43.8969533, "longitude": -104.99480674608051, "latitude": 39.735536128875715 }, "geometry": { "type": "Point", "coordinates": [ -104.994806746080513, 39.735536128875715 ] } },
{ "type": "Feature", "properties": { "LST_celsius": 46.405779980000034, "longitude": -104.99375642506847, "latitude": 39.735536077139116 }, "geometry": { "type": "Point", "coordinates": [ -104.993756425068469, 39.735536077139116 ] } },
{ "type": "Feature", "properties": { "LST_celsius": 46.662131480000028, "longitude": -104.99270610405938, "latitude": 39.735536015899868 }, "geometry": { "type": "Point", "coordinates": [ -104.99270610405938, 39.735536015899868 ] } },
{ "type": "Feature", "properties": { "LST_celsius": 45.95801935999998, "longitude": -104.99165578305373, "latitude": 39.73553594515797 }, "geometry": { "type": "Point", "coordinates": [ -104.99165578305373, 39.73553594515797 ] } },
{ "type": "Feature", "properties": { "LST_celsius": 46.214370860000031, "longitude": -104.99060546205206, "latitude": 39.735535864913444 }, "geometry": { "type": "Point", "coordinates": [ -104.990605462052059, 39.735535864913444 ] } },
{ "type": "Feature", "properties": { "LST_celsius": 46.046887879999986, "longitude": -104.98955514105485, "latitude": 39.735535775166277 }, "geometry": { "type": "Point", "coordinates": [ -104.989555141054851, 39.735535775166277 ] } },
{ "type": "Feature", "properties": { "LST_celsius": 46.81252436, "longitude": -104.98850482006257, "latitude": 39.735535675916459 }, "geometry": { "type": "Point", "coordinates": [ -104.988504820062573, 39.735535675916459 ] } },
{ "type": "Feature", "properties": { "LST_celsius": 46.2212069, "longitude": -104.98745449907577, "latitude": 39.735535567164014 }, "geometry": { "type": "Point", "coordinates": [ -104.987454499075767, 39.735535567164014 ] } },
{ "type": "Feature", "properties": { "LST_celsius": 46.32716552, "longitude": -104.98640417809489, "latitude": 39.735535448908919 }, "geometry": { "type": "Point", "coordinates": [ -104.986404178094887, 39.735535448908919 ] } },
{ "type": "Feature", "properties": { "LST_celsius": 46.098158180000041, "longitude": -104.98535385712046, "latitude": 39.73553532115119 }, "geometry": { "type": "Point", "coordinates": [ -104.985353857120458, 39.73553532115119 ] } },
{ "type": "Feature", "properties": { "LST_celsius": 44.713860080000018, "longitude": -104.98430353615299, "latitude": 39.735535183890818 }, "geometry": { "type": "Point", "coordinates": [ -104.984303536152993, 39.735535183890818 ] } },
{ "type": "Feature", "properties": { "LST_celsius": 44.72753216000001, "longitude": -104.98325321519296, "latitude": 39.735535037127796 }, "geometry": { "type": "Point", "coordinates": [ -104.98325321519296, 39.735535037127796 ] } },
{ "type": "Feature", "properties": { "LST_celsius": 45.305177540000045, "longitude": -104.98220289424086, "latitude": 39.73553488086214 }, "geometry": { "type": "Point", "coordinates": [ -104.982202894240856, 39.73553488086214 ] } },
{ "type": "Feature", "properties": { "LST_celsius": 46.361345720000031, "longitude": -105.00881099186417, "latitude": 39.735265604213552 }, "geometry": { "type": "Point", "coordinates": [ -105.008810991864166, 39.735265604213552 ] } },
{ "type": "Feature", "properties": { "LST_celsius": 46.467304340000055, "longitude": -105.00776067496288, "latitude": 39.735265679178127 }, "geometry": { "type": "Point", "coordinates": [ -105.007760674962881, 39.735265679178127 ] } },
{ "type": "Feature", "properties": { "LST_celsius": 46.32716552, "longitude": -105.00671035805792, "latitude": 39.735265744640145 }, "geometry": { "type": "Point", "coordinates": [ -105.006710358057916, 39.735265744640145 ] } },
{ "type": "Feature", "properties": { "LST_celsius": 44.97704762000001, "longitude": -105.00566004114977, "latitude": 39.735265800599613 }, "geometry": { "type": "Point", "coordinates": [ -105.005660041149767, 39.735265800599613 ] } },
{ "type": "Feature", "properties": { "LST_celsius": 41.5897898, "longitude": -105.00460972423895, "latitude": 39.735265847056532 }, "geometry": { "type": "Point", "coordinates": [ -105.004609724238946, 39.735265847056532 ] } },
{ "type": "Feature", "properties": { "LST_celsius": 39.484289480000029, "longitude": -105.00355940732592, "latitude": 39.7352658840109 }, "geometry": { "type": "Point", "coordinates": [ -105.003559407325923, 39.7352658840109 ] } },
{ "type": "Feature", "properties": { "LST_celsius": 42.475056979999977, "longitude": -105.00250909041122, "latitude": 39.735265911462712 }, "geometry": { "type": "Point", "coordinates": [ -105.002509090411223, 39.735265911462712 ] } },
{ "type": "Feature", "properties": { "LST_celsius": 46.1528465, "longitude": -105.00145877349533, "latitude": 39.735265929411973 }, "geometry": { "type": "Point", "coordinates": [ -105.00145877349533, 39.735265929411973 ] } },
{ "type": "Feature", "properties": { "LST_celsius": 46.234878980000019, "longitude": -105.00040845657874, "latitude": 39.735265937858685 }, "geometry": { "type": "Point", "coordinates": [ -105.000408456578739, 39.735265937858685 ] } },
{ "type": "Feature", "properties": { "LST_celsius": 47.940470960000027, "longitude": -104.99935813966198, "latitude": 39.735265936802847 }, "geometry": { "type": "Point", "coordinates": [ -104.999358139661979, 39.735265936802847 ] } },
{ "type": "Feature", "properties": { "LST_celsius": 46.82619644, "longitude": -104.9983078227455, "latitude": 39.735265926244466 }, "geometry": { "type": "Point", "coordinates": [ -104.998307822745502, 39.735265926244466 ] } },
{ "type": "Feature", "properties": { "LST_celsius": 45.209472979999987, "longitude": -104.99725750582982, "latitude": 39.735265906183514 }, "geometry": { "type": "Point", "coordinates": [ -104.997257505829822, 39.735265906183514 ] } },
{ "type": "Feature", "properties": { "LST_celsius": 43.3671602000001, "longitude": -104.99620718891545, "latitude": 39.735265876620026 }, "geometry": { "type": "Point", "coordinates": [ -104.996207188915449, 39.735265876620026 ] } },
{ "type": "Feature", "properties": { "LST_celsius": 42.485311040000056, "longitude": -104.99515687200288, "latitude": 39.735265837553975 }, "geometry": { "type": "Point", "coordinates": [ -104.99515687200288, 39.735265837553975 ] } },
{ "type": "Feature", "properties": { "LST_celsius": 44.669425820000015, "longitude": -104.9941065550926, "latitude": 39.735265788985387 }, "geometry": { "type": "Point", "coordinates": [ -104.9941065550926, 39.735265788985387 ] } },
{ "type": "Feature", "properties": { "LST_celsius": 46.573262960000022, "longitude": -104.99305623818512, "latitude": 39.735265730914243 }, "geometry": { "type": "Point", "coordinates": [ -104.993056238185119, 39.735265730914243 ] } },
{ "type": "Feature", "properties": { "LST_celsius": 46.4433782, "longitude": -104.99200592128093, "latitude": 39.735265663340549 }, "geometry": { "type": "Point", "coordinates": [ -104.992005921280935, 39.735265663340549 ] } },
{ "type": "Feature", "properties": { "LST_celsius": 46.3750178, "longitude": -104.99095560438053, "latitude": 39.735265586264291 }, "geometry": { "type": "Point", "coordinates": [ -104.990955604380531, 39.735265586264291 ] } },
{ "type": "Feature", "properties": { "LST_celsius": 45.612799340000038, "longitude": -104.98990528748442, "latitude": 39.735265499685497 }, "geometry": { "type": "Point", "coordinates": [ -104.989905287484419, 39.735265499685497 ] } },
{ "type": "Feature", "properties": { "LST_celsius": 46.42970612, "longitude": -104.9888549705931, "latitude": 39.735265403604153 }, "geometry": { "type": "Point", "coordinates": [ -104.988854970593096, 39.735265403604153 ] } },
{ "type": "Feature", "properties": { "LST_celsius": 46.573262960000022, "longitude": -104.98780465370706, "latitude": 39.735265298020252 }, "geometry": { "type": "Point", "coordinates": [ -104.987804653707059, 39.735265298020252 ] } },
{ "type": "Feature", "properties": { "LST_celsius": 46.05714194000001, "longitude": -104.98675433682681, "latitude": 39.735265182933801 }, "geometry": { "type": "Point", "coordinates": [ -104.986754336826806, 39.735265182933801 ] } },
{ "type": "Feature", "properties": { "LST_celsius": 45.71192192000001, "longitude": -104.98570401995282, "latitude": 39.735265058344801 }, "geometry": { "type": "Point", "coordinates": [ -104.98570401995282, 39.735265058344801 ] } },
{ "type": "Feature", "properties": { "LST_celsius": 44.46434462000002, "longitude": -104.98465370308563, "latitude": 39.735264924253251 }, "geometry": { "type": "Point", "coordinates": [ -104.984653703085627, 39.735264924253251 ] } },
{ "type": "Feature", "properties": { "LST_celsius": 44.160140840000054, "longitude": -104.98360338622571, "latitude": 39.735264780659158 }, "geometry": { "type": "Point", "coordinates": [ -104.98360338622571, 39.735264780659158 ] } },
{ "type": "Feature", "properties": { "LST_celsius": 45.15136664, "longitude": -104.98255306937357, "latitude": 39.735264627562515 }, "geometry": { "type": "Point", "coordinates": [ -104.982553069373566, 39.735264627562515 ] } }
]
}
